Scenario_ID,Grid,Load_Profile_ID,Num_Target_Buses,Target_Buses,Tripped_Line_Idx,Tripped_From_Bus,Tripped_To_Bus,Converged,Security_Class,Security_Label,Peak_Loading_Pct,Min_Voltage_PU,Violations_Count,Total_Load_MW
CASE9_0006_LINE_1_4,CASE9,6,5,"2,7,3,9,6",0,1,4,0,2,CRITICAL,999.0,0.0,10,628.1
CASE9_0006_LINE_4_5,CASE9,6,5,"2,7,3,9,6",1,4,5,0,2,CRITICAL,999.0,0.0,10,628.1
CASE9_0006_LINE_5_6,CASE9,6,5,"2,7,3,9,6",2,5,6,1,2,CRITICAL,201.8,0.77,5,628.1
CASE9_0006_LINE_3_6,CASE9,6,5,"2,7,3,9,6",3,3,6,0,2,CRITICAL,999.0,0.0,10,628.1
CASE9_0006_LINE_6_7,CASE9,6,5,"2,7,3,9,6",4,6,7,1,2,CRITICAL,172.4,0.865,3,628.1
CASE9_0006_LINE_7_8,CASE9,6,5,"2,7,3,9,6",5,7,8,0,2,CRITICAL,999.0,0.0,10,628.1
CASE9_0006_LINE_8_2,CASE9,6,5,"2,7,3,9,6",6,8,2,0,2,CRITICAL,999.0,0.0,10,628.1
CASE9_0006_LINE_8_9,CASE9,6,5,"2,7,3,9,6",7,8,9,1,2,CRITICAL,195.5,0.729,4,628.1
CASE9_0006_LINE_9_4,CASE9,6,5,"2,7,3,9,6",8,9,4,0,2,CRITICAL,999.0,0.0,10,628.1
CASE9_0007_LINE_1_4,CASE9,7,7,"4,6,2,3,8,9,5",0,1,4,0,2,CRITICAL,999.0,0.0,10,726.9
CASE9_0007_LINE_4_5,CASE9,7,7,"4,6,2,3,8,9,5",1,4,5,0,2,CRITICAL,999.0,0.0,10,726.9
CASE9_0007_LINE_5_6,CASE9,7,7,"4,6,2,3,8,9,5",2,5,6,0,2,CRITICAL,999.0,0.0,10,726.9
CASE9_0007_LINE_3_6,CASE9,7,7,"4,6,2,3,8,9,5",3,3,6,0,2,CRITICAL,999.0,0.0,10,726.9
CASE9_0007_LINE_6_7,CASE9,7,7,"4,6,2,3,8,9,5",4,6,7,1,2,CRITICAL,229.7,0.834,5,726.9
CASE9_0007_LINE_7_8,CASE9,7,7,"4,6,2,3,8,9,5",5,7,8,0,2,CRITICAL,999.0,0.0,10,726.9
CASE9_0007_LINE_8_2,CASE9,7,7,"4,6,2,3,8,9,5",6,8,2,0,2,CRITICAL,999.0,0.0,10,726.9
CASE9_0007_LINE_8_9,CASE9,7,7,"4,6,2,3,8,9,5",7,8,9,0,2,CRITICAL,999.0,0.0,10,726.9
CASE9_0007_LINE_9_4,CASE9,7,7,"4,6,2,3,8,9,5",8,9,4,0,2,CRITICAL,999.0,0.0,10,726.9
CASE9_0008_LINE_1_4,CASE9,8,7,"2,7,5,8,9,6,3",0,1,4,0,2,CRITICAL,999.0,0.0,10,598.2
CASE9_0008_LINE_4_5,CASE9,8,7,"2,7,5,8,9,6,3",1,4,5,0,2,CRITICAL,999.0,0.0,10,598.2
CASE9_0008_LINE_5_6,CASE9,8,7,"2,7,5,8,9,6,3",2,5,6,1,2,CRITICAL,165.6,0.825,3,598.2
CASE9_0008_LINE_3_6,CASE9,8,7,"2,7,5,8,9,6,3",3,3,6,0,2,CRITICAL,999.0,0.0,10,598.2
CASE9_0008_LINE_6_7,CASE9,8,7,"2,7,5,8,9,6,3",4,6,7,1,2,CRITICAL,154.2,0.909,1,598.2
CASE9_0008_LINE_7_8,CASE9,8,7,"2,7,5,8,9,6,3",5,7,8,1,2,CRITICAL,176.9,0.808,6,598.2
CASE9_0008_LINE_8_2,CASE9,8,7,"2,7,5,8,9,6,3",6,8,2,0,2,CRITICAL,999.0,0.0,10,598.2
CASE9_0008_LINE_8_9,CASE9,8,7,"2,7,5,8,9,6,3",7,8,9,1,2,CRITICAL,165.8,0.842,3,598.2
CASE9_0008_LINE_9_4,CASE9,8,7,"2,7,5,8,9,6,3",8,9,4,0,2,CRITICAL,999.0,0.0,10,598.2
CASE9_0009_LINE_1_4,CASE9,9,5,"9,7,4,5,2",0,1,4,0,2,CRITICAL,999.0,0.0,10,571.7
CASE9_0009_LINE_4_5,CASE9,9,5,"9,7,4,5,2",1,4,5,0,2,CRITICAL,999.0,0.0,10,571.7
CASE9_0009_LINE_5_6,CASE9,9,5,"9,7,4,5,2",2,5,6,1,2,CRITICAL,174.7,0.74,4,571.7
CASE9_0009_LINE_3_6,CASE9,9,5,"9,7,4,5,2",3,3,6,0,2,CRITICAL,999.0,0.0,10,571.7
CASE9_0009_LINE_6_7,CASE9,9,5,"9,7,4,5,2",4,6,7,1,2,CRITICAL,150.3,0.856,3,571.7
CASE9_0009_LINE_7_8,CASE9,9,5,"9,7,4,5,2",5,7,8,1,2,CRITICAL,150.0,0.86,3,571.7
CASE9_0009_LINE_8_2,CASE9,9,5,"9,7,4,5,2",6,8,2,0,2,CRITICAL,999.0,0.0,10,571.7
CASE9_0009_LINE_8_9,CASE9,9,5,"9,7,4,5,2",7,8,9,0,2,CRITICAL,999.0,0.0,10,571.7
CASE9_0009_LINE_9_4,CASE9,9,5,"9,7,4,5,2",8,9,4,0,2,CRITICAL,999.0,0.0,10,571.7
CASE9_0010_LINE_1_4,CASE9,10,2,"3,8",0,1,4,0,2,CRITICAL,999.0,0.0,10,406.0
CASE9_0010_LINE_4_5,CASE9,10,2,"3,8",1,4,5,1,2,CRITICAL,69.6,0.895,1,406.0
CASE9_0010_LINE_5_6,CASE9,10,2,"3,8",2,5,6,1,1,ALERT,68.6,0.929,0,406.0
CASE9_0010_LINE_3_6,CASE9,10,2,"3,8",3,3,6,0,2,CRITICAL,999.0,0.0,10,406.0
CASE9_0010_LINE_6_7,CASE9,10,2,"3,8",4,6,7,1,1,ALERT,66.5,0.94,0,406.0
CASE9_0010_LINE_7_8,CASE9,10,2,"3,8",5,7,8,1,1,ALERT,72.8,0.923,0,406.0
CASE9_0010_LINE_8_2,CASE9,10,2,"3,8",6,8,2,0,2,CRITICAL,999.0,0.0,10,406.0
CASE9_0010_LINE_8_9,CASE9,10,2,"3,8",7,8,9,1,1,ALERT,70.3,0.907,0,406.0
CASE9_0010_LINE_9_4,CASE9,10,2,"3,8",8,9,4,1,2,CRITICAL,72.4,0.773,1,406.0
CASE9_0016_LINE_1_4,CASE9,16,4,"8,3,7,9",0,1,4,0,2,CRITICAL,999.0,0.0,10,610.1
CASE9_0016_LINE_4_5,CASE9,16,4,"8,3,7,9",1,4,5,0,2,CRITICAL,999.0,0.0,10,610.1
CASE9_0016_LINE_5_6,CASE9,16,4,"8,3,7,9",2,5,6,1,2,CRITICAL,181.2,0.803,5,610.1
CASE9_0016_LINE_3_6,CASE9,16,4,"8,3,7,9",3,3,6,0,2,CRITICAL,999.0,0.0,10,610.1
CASE9_0016_LINE_6_7,CASE9,16,4,"8,3,7,9",4,6,7,1,2,CRITICAL,166.8,0.834,4,610.1
CASE9_0016_LINE_7_8,CASE9,16,4,"8,3,7,9",5,7,8,1,2,CRITICAL,172.3,0.859,4,610.1
CASE9_0016_LINE_8_2,CASE9,16,4,"8,3,7,9",6,8,2,0,2,CRITICAL,999.0,0.0,10,610.1
CASE9_0016_LINE_8_9,CASE9,16,4,"8,3,7,9",7,8,9,1,2,CRITICAL,187.9,0.704,4,610.1
CASE9_0016_LINE_9_4,CASE9,16,4,"8,3,7,9",8,9,4,0,2,CRITICAL,999.0,0.0,10,610.1
CASE9_0017_LINE_1_4,CASE9,17,1,2,0,1,4,0,2,CRITICAL,999.0,0.0,10,359.1
CASE9_0017_LINE_4_5,CASE9,17,1,2,1,4,5,1,1,ALERT,63.2,0.907,0,359.1
CASE9_0017_LINE_5_6,CASE9,17,1,2,2,5,6,1,1,ALERT,56.7,0.927,0,359.1
CASE9_0017_LINE_3_6,CASE9,17,1,2,3,3,6,0,2,CRITICAL,999.0,0.0,10,359.1
CASE9_0017_LINE_6_7,CASE9,17,1,2,4,6,7,1,1,ALERT,55.3,0.946,0,359.1
CASE9_0017_LINE_7_8,CASE9,17,1,2,5,7,8,1,1,ALERT,70.1,0.938,0,359.1
CASE9_0017_LINE_8_2,CASE9,17,1,2,6,8,2,0,2,CRITICAL,999.0,0.0,10,359.1
CASE9_0017_LINE_8_9,CASE9,17,1,2,7,8,9,1,1,ALERT,65.9,0.902,0,359.1
CASE9_0017_LINE_9_4,CASE9,17,1,2,8,9,4,1,2,CRITICAL,79.0,0.788,1,359.1
CASE9_0018_LINE_1_4,CASE9,18,2,"9,5",0,1,4,0,2,CRITICAL,999.0,0.0,10,267.0
CASE9_0018_LINE_4_5,CASE9,18,2,"9,5",1,4,5,1,1,ALERT,65.2,0.943,0,267.0
CASE9_0018_LINE_5_6,CASE9,18,2,"9,5",2,5,6,1,1,ALERT,65.3,0.94,0,267.0
CASE9_0018_LINE_3_6,CASE9,18,2,"9,5",3,3,6,0,2,CRITICAL,999.0,0.0,10,267.0
CASE9_0018_LINE_6_7,CASE9,18,2,"9,5",4,6,7,1,0,SAFE,65.5,0.952,0,267.0
CASE9_0018_LINE_7_8,CASE9,18,2,"9,5",5,7,8,1,1,ALERT,70.1,0.94,0,267.0
CASE9_0018_LINE_8_2,CASE9,18,2,"9,5",6,8,2,0,2,CRITICAL,999.0,0.0,10,267.0
CASE9_0018_LINE_8_9,CASE9,18,2,"9,5",7,8,9,1,1,ALERT,91.4,0.925,0,267.0
CASE9_0018_LINE_9_4,CASE9,18,2,"9,5",8,9,4,1,2,CRITICAL,65.8,0.887,1,267.0
CASE9_0019_LINE_1_4,CASE9,19,1,6,0,1,4,0,2,CRITICAL,999.0,0.0,10,349.5
CASE9_0019_LINE_4_5,CASE9,19,1,6,1,4,5,1,2,CRITICAL,65.3,0.897,1,349.5
CASE9_0019_LINE_5_6,CASE9,19,1,6,2,5,6,1,1,ALERT,65.3,0.925,0,349.5
CASE9_0019_LINE_3_6,CASE9,19,1,6,3,3,6,0,2,CRITICAL,999.0,0.0,10,349.5
CASE9_0019_LINE_6_7,CASE9,19,1,6,4,6,7,1,1,ALERT,65.8,0.947,0,349.5
CASE9_0019_LINE_7_8,CASE9,19,1,6,5,7,8,1,1,ALERT,70.3,0.923,0,349.5
CASE9_0019_LINE_8_2,CASE9,19,1,6,6,8,2,0,2,CRITICAL,999.0,0.0,10,349.5
CASE9_0019_LINE_8_9,CASE9,19,1,6,7,8,9,1,2,CRITICAL,70.6,0.898,1,349.5
CASE9_0019_LINE_9_4,CASE9,19,1,6,8,9,4,1,2,CRITICAL,69.8,0.79,1,349.5
CASE9_0020_LINE_1_4,CASE9,20,1,3,0,1,4,0,2,CRITICAL,999.0,0.0,10,340.9
CASE9_0020_LINE_4_5,CASE9,20,1,3,1,4,5,1,1,ALERT,65.3,0.905,0,340.9
CASE9_0020_LINE_5_6,CASE9,20,1,3,2,5,6,1,1,ALERT,65.3,0.924,0,340.9
CASE9_0020_LINE_3_6,CASE9,20,1,3,3,3,6,0,2,CRITICAL,999.0,0.0,10,340.9
CASE9_0020_LINE_6_7,CASE9,20,1,3,4,6,7,1,1,ALERT,65.8,0.947,0,340.9
CASE9_0020_LINE_7_8,CASE9,20,1,3,5,7,8,1,1,ALERT,70.2,0.931,0,340.9
CASE9_0020_LINE_8_2,CASE9,20,1,3,6,8,2,0,2,CRITICAL,999.0,0.0,10,340.9
CASE9_0020_LINE_8_9,CASE9,20,1,3,7,8,9,1,2,CRITICAL,75.7,0.897,1,340.9
CASE9_0020_LINE_9_4,CASE9,20,1,3,8,9,4,1,2,CRITICAL,69.4,0.793,1,340.9
CASE9_0001_LINE_1_4,CASE9,1,5,"2,4,7,8,6",0,1,4,0,2,CRITICAL,999.0,0.0,10,491.6
CASE9_0001_LINE_4_5,CASE9,1,5,"2,4,7,8,6",1,4,5,1,2,CRITICAL,107.8,0.891,2,491.6
CASE9_0001_LINE_5_6,CASE9,1,5,"2,4,7,8,6",2,5,6,1,2,CRITICAL,104.4,0.918,1,491.6
CASE9_0001_LINE_3_6,CASE9,1,5,"2,4,7,8,6",3,3,6,0,2,CRITICAL,999.0,0.0,10,491.6
CASE9_0001_LINE_6_7,CASE9,1,5,"2,4,7,8,6",4,6,7,1,2,CRITICAL,102.2,0.944,1,491.6
CASE9_0001_LINE_7_8,CASE9,1,5,"2,4,7,8,6",5,7,8,1,2,CRITICAL,101.7,0.952,1,491.6
CASE9_0001_LINE_8_2,CASE9,1,5,"2,4,7,8,6",6,8,2,0,2,CRITICAL,999.0,0.0,10,491.6
CASE9_0001_LINE_8_9,CASE9,1,5,"2,4,7,8,6",7,8,9,1,2,CRITICAL,105.4,0.897,2,491.6
CASE9_0001_LINE_9_4,CASE9,1,5,"2,4,7,8,6",8,9,4,1,2,CRITICAL,115.3,0.747,3,491.6
CASE9_0002_LINE_1_4,CASE9,2,5,"4,6,7,2,3",0,1,4,0,2,CRITICAL,999.0,0.0,10,513.1
CASE9_0002_LINE_4_5,CASE9,2,5,"4,6,7,2,3",1,4,5,1,2,CRITICAL,121.2,0.874,2,513.1
CASE9_0002_LINE_5_6,CASE9,2,5,"4,6,7,2,3",2,5,6,1,2,CRITICAL,114.9,0.911,1,513.1
CASE9_0002_LINE_3_6,CASE9,2,5,"4,6,7,2,3",3,3,6,0,2,CRITICAL,999.0,0.0,10,513.1
CASE9_0002_LINE_6_7,CASE9,2,5,"4,6,7,2,3",4,6,7,1,2,CRITICAL,112.0,0.921,1,513.1
CASE9_0002_LINE_7_8,CASE9,2,5,"4,6,7,2,3",5,7,8,1,2,CRITICAL,123.3,0.868,2,513.1
CASE9_0002_LINE_8_2,CASE9,2,5,"4,6,7,2,3",6,8,2,0,2,CRITICAL,999.0,0.0,10,513.1
CASE9_0002_LINE_8_9,CASE9,2,5,"4,6,7,2,3",7,8,9,1,2,CRITICAL,116.1,0.889,2,513.1
CASE9_0002_LINE_9_4,CASE9,2,5,"4,6,7,2,3",8,9,4,1,2,CRITICAL,126.3,0.757,2,513.1
CASE9_0003_LINE_1_4,CASE9,3,7,"2,5,3,4,7,9,6",0,1,4,0,2,CRITICAL,999.0,0.0,10,639.1
CASE9_0003_LINE_4_5,CASE9,3,7,"2,5,3,4,7,9,6",1,4,5,0,2,CRITICAL,999.0,0.0,10,639.1
CASE9_0003_LINE_5_6,CASE9,3,7,"2,5,3,4,7,9,6",2,5,6,1,2,CRITICAL,185.5,0.853,3,639.1
CASE9_0003_LINE_3_6,CASE9,3,7,"2,5,3,4,7,9,6",3,3,6,0,2,CRITICAL,999.0,0.0,10,639.1
CASE9_0003_LINE_6_7,CASE9,3,7,"2,5,3,4,7,9,6",4,6,7,1,2,CRITICAL,177.0,0.894,2,639.1
CASE9_0003_LINE_7_8,CASE9,3,7,"2,5,3,4,7,9,6",5,7,8,0,2,CRITICAL,999.0,0.0,10,639.1
CASE9_0003_LINE_8_2,CASE9,3,7,"2,5,3,4,7,9,6",6,8,2,0,2,CRITICAL,999.0,0.0,10,639.1
CASE9_0003_LINE_8_9,CASE9,3,7,"2,5,3,4,7,9,6",7,8,9,1,2,CRITICAL,183.5,0.862,3,639.1
CASE9_0003_LINE_9_4,CASE9,3,7,"2,5,3,4,7,9,6",8,9,4,0,2,CRITICAL,999.0,0.0,10,639.1
CASE9_0004_LINE_1_4,CASE9,4,8,"5,9,4,7,6,2,3,8",0,1,4,0,2,CRITICAL,999.0,0.0,10,682.7
CASE9_0004_LINE_4_5,CASE9,4,8,"5,9,4,7,6,2,3,8",1,4,5,0,2,CRITICAL,999.0,0.0,10,682.7
CASE9_0004_LINE_5_6,CASE9,4,8,"5,9,4,7,6,2,3,8",2,5,6,1,2,CRITICAL,222.4,0.795,6,682.7
CASE9_0004_LINE_3_6,CASE9,4,8,"5,9,4,7,6,2,3,8",3,3,6,0,2,CRITICAL,999.0,0.0,10,682.7
CASE9_0004_LINE_6_7,CASE9,4,8,"5,9,4,7,6,2,3,8",4,6,7,1,2,CRITICAL,200.0,0.831,3,682.7
CASE9_0004_LINE_7_8,CASE9,4,8,"5,9,4,7,6,2,3,8",5,7,8,0,2,CRITICAL,999.0,0.0,10,682.7
CASE9_0004_LINE_8_2,CASE9,4,8,"5,9,4,7,6,2,3,8",6,8,2,0,2,CRITICAL,999.0,0.0,10,682.7
CASE9_0004_LINE_8_9,CASE9,4,8,"5,9,4,7,6,2,3,8",7,8,9,0,2,CRITICAL,999.0,0.0,10,682.7
CASE9_0004_LINE_9_4,CASE9,4,8,"5,9,4,7,6,2,3,8",8,9,4,0,2,CRITICAL,999.0,0.0,10,682.7
CASE9_0005_LINE_1_4,CASE9,5,4,"2,9,3,8",0,1,4,0,2,CRITICAL,999.0,0.0,10,522.4
CASE9_0005_LINE_4_5,CASE9,5,4,"2,9,3,8",1,4,5,1,2,CRITICAL,140.7,0.842,4,522.4
CASE9_0005_LINE_5_6,CASE9,5,4,"2,9,3,8",2,5,6,1,2,CRITICAL,120.2,0.911,1,522.4
CASE9_0005_LINE_3_6,CASE9,5,4,"2,9,3,8",3,3,6,0,2,CRITICAL,999.0,0.0,10,522.4
CASE9_0005_LINE_6_7,CASE9,5,4,"2,9,3,8",4,6,7,1,2,CRITICAL,116.7,0.918,1,522.4
CASE9_0005_LINE_7_8,CASE9,5,4,"2,9,3,8",5,7,8,1,2,CRITICAL,120.5,0.913,1,522.4
CASE9_0005_LINE_8_2,CASE9,5,4,"2,9,3,8",6,8,2,0,2,CRITICAL,999.0,0.0,10,522.4
CASE9_0005_LINE_8_9,CASE9,5,4,"2,9,3,8",7,8,9,1,2,CRITICAL,120.1,0.894,2,522.4
CASE9_0005_LINE_9_4,CASE9,5,4,"2,9,3,8",8,9,4,0,2,CRITICAL,999.0,0.0,10,522.4
CASE9_0051_LINE_1_4,CASE9,51,4,"6,7,4,9",0,1,4,0,2,CRITICAL,999.0,0.0,10,551.2
CASE9_0051_LINE_4_5,CASE9,51,4,"6,7,4,9",1,4,5,1,2,CRITICAL,152.9,0.824,5,551.2
CASE9_0051_LINE_5_6,CASE9,51,4,"6,7,4,9",2,5,6,1,2,CRITICAL,139.7,0.872,3,551.2
CASE9_0051_LINE_3_6,CASE9,51,4,"6,7,4,9",3,3,6,0,2,CRITICAL,999.0,0.0,10,551.2
CASE9_0051_LINE_6_7,CASE9,51,4,"6,7,4,9",4,6,7,1,2,CRITICAL,134.0,0.882,2,551.2
CASE9_0051_LINE_7_8,CASE9,51,4,"6,7,4,9",5,7,8,1,2,CRITICAL,159.8,0.82,7,551.2
CASE9_0051_LINE_8_2,CASE9,51,4,"6,7,4,9",6,8,2,0,2,CRITICAL,999.0,0.0,10,551.2
CASE9_0051_LINE_8_9,CASE9,51,4,"6,7,4,9",7,8,9,1,2,CRITICAL,153.9,0.75,4,551.2
CASE9_0051_LINE_9_4,CASE9,51,4,"6,7,4,9",8,9,4,0,2,CRITICAL,999.0,0.0,10,551.2
CASE9_0053_LINE_1_4,CASE9,53,3,"2,3,7",0,1,4,0,2,CRITICAL,999.0,0.0,10,390.2
CASE9_0053_LINE_4_5,CASE9,53,3,"2,3,7",1,4,5,1,1,ALERT,63.2,0.903,0,390.2
CASE9_0053_LINE_5_6,CASE9,53,3,"2,3,7",2,5,6,1,1,ALERT,62.1,0.931,0,390.2
CASE9_0053_LINE_3_6,CASE9,53,3,"2,3,7",3,3,6,0,2,CRITICAL,999.0,0.0,10,390.2
CASE9_0053_LINE_6_7,CASE9,53,3,"2,3,7",4,6,7,1,0,SAFE,58.9,0.961,0,390.2
CASE9_0053_LINE_7_8,CASE9,53,3,"2,3,7",5,7,8,1,1,ALERT,63.2,0.948,0,390.2
CASE9_0053_LINE_8_2,CASE9,53,3,"2,3,7",6,8,2,0,2,CRITICAL,999.0,0.0,10,390.2
CASE9_0053_LINE_8_9,CASE9,53,3,"2,3,7",7,8,9,1,1,ALERT,64.6,0.906,0,390.2
CASE9_0053_LINE_9_4,CASE9,53,3,"2,3,7",8,9,4,1,2,CRITICAL,63.4,0.798,1,390.2
CASE9_0054_LINE_1_4,CASE9,54,8,"7,9,2,5,3,4,6,8",0,1,4,0,2,CRITICAL,999.0,0.0,10,710.6
CASE9_0054_LINE_4_5,CASE9,54,8,"7,9,2,5,3,4,6,8",1,4,5,0,2,CRITICAL,999.0,0.0,10,710.6
CASE9_0054_LINE_5_6,CASE9,54,8,"7,9,2,5,3,4,6,8",2,5,6,0,2,CRITICAL,999.0,0.0,10,710.6
CASE9_0054_LINE_3_6,CASE9,54,8,"7,9,2,5,3,4,6,8",3,3,6,0,2,CRITICAL,999.0,0.0,10,710.6
CASE9_0054_LINE_6_7,CASE9,54,8,"7,9,2,5,3,4,6,8",4,6,7,1,2,CRITICAL,229.5,0.783,5,710.6
CASE9_0054_LINE_7_8,CASE9,54,8,"7,9,2,5,3,4,6,8",5,7,8,1,2,CRITICAL,244.5,0.778,6,710.6
CASE9_0054_LINE_8_2,CASE9,54,8,"7,9,2,5,3,4,6,8",6,8,2,0,2,CRITICAL,999.0,0.0,10,710.6
CASE9_0054_LINE_8_9,CASE9,54,8,"7,9,2,5,3,4,6,8",7,8,9,0,2,CRITICAL,999.0,0.0,10,710.6
CASE9_0054_LINE_9_4,CASE9,54,8,"7,9,2,5,3,4,6,8",8,9,4,0,2,CRITICAL,999.0,0.0,10,710.6
CASE9_0055_LINE_1_4,CASE9,55,6,"4,3,6,9,5,2",0,1,4,0,2,CRITICAL,999.0,0.0,10,600.4
CASE9_0055_LINE_4_5,CASE9,55,6,"4,3,6,9,5,2",1,4,5,0,2,CRITICAL,999.0,0.0,10,600.4
CASE9_0055_LINE_5_6,CASE9,55,6,"4,3,6,9,5,2",2,5,6,1,2,CRITICAL,167.7,0.793,2,600.4
CASE9_0055_LINE_3_6,CASE9,55,6,"4,3,6,9,5,2",3,3,6,0,2,CRITICAL,999.0,0.0,10,600.4
CASE9_0055_LINE_6_7,CASE9,55,6,"4,3,6,9,5,2",4,6,7,1,2,CRITICAL,163.3,0.853,3,600.4
CASE9_0055_LINE_7_8,CASE9,55,6,"4,3,6,9,5,2",5,7,8,0,2,CRITICAL,999.0,0.0,10,600.4
CASE9_0055_LINE_8_2,CASE9,55,6,"4,3,6,9,5,2",6,8,2,0,2,CRITICAL,999.0,0.0,10,600.4
CASE9_0055_LINE_8_9,CASE9,55,6,"4,3,6,9,5,2",7,8,9,1,2,CRITICAL,167.6,0.846,4,600.4
CASE9_0055_LINE_9_4,CASE9,55,6,"4,3,6,9,5,2",8,9,4,0,2,CRITICAL,999.0,0.0,10,600.4
CASE9_0021_LINE_1_4,CASE9,21,4,"7,5,9,3",0,1,4,0,2,CRITICAL,999.0,0.0,10,356.4
CASE9_0021_LINE_4_5,CASE9,21,4,"7,5,9,3",1,4,5,1,1,ALERT,81.7,0.918,0,356.4
CASE9_0021_LINE_5_6,CASE9,21,4,"7,5,9,3",2,5,6,1,0,SAFE,65.2,0.956,0,356.4
CASE9_0021_LINE_3_6,CASE9,21,4,"7,5,9,3",3,3,6,0,2,CRITICAL,999.0,0.0,10,356.4
CASE9_0021_LINE_6_7,CASE9,21,4,"7,5,9,3",4,6,7,1,0,SAFE,65.4,0.951,0,356.4
CASE9_0021_LINE_7_8,CASE9,21,4,"7,5,9,3",5,7,8,1,2,CRITICAL,93.1,0.896,1,356.4
CASE9_0021_LINE_8_2,CASE9,21,4,"7,5,9,3",6,8,2,0,2,CRITICAL,999.0,0.0,10,356.4
CASE9_0021_LINE_8_9,CASE9,21,4,"7,5,9,3",7,8,9,1,0,SAFE,65.2,0.964,0,356.4
CASE9_0021_LINE_9_4,CASE9,21,4,"7,5,9,3",8,9,4,1,1,ALERT,65.4,0.929,0,356.4
CASE9_0022_LINE_1_4,CASE9,22,3,"9,2,3",0,1,4,0,2,CRITICAL,999.0,0.0,10,591.3
CASE9_0022_LINE_4_5,CASE9,22,3,"9,2,3",1,4,5,0,2,CRITICAL,999.0,0.0,10,591.3
CASE9_0022_LINE_5_6,CASE9,22,3,"9,2,3",2,5,6,1,2,CRITICAL,165.7,0.829,4,591.3
CASE9_0022_LINE_3_6,CASE9,22,3,"9,2,3",3,3,6,0,2,CRITICAL,999.0,0.0,10,591.3
CASE9_0022_LINE_6_7,CASE9,22,3,"9,2,3",4,6,7,1,2,CRITICAL,156.0,0.847,3,591.3
CASE9_0022_LINE_7_8,CASE9,22,3,"9,2,3",5,7,8,1,2,CRITICAL,159.8,0.866,2,591.3
CASE9_0022_LINE_8_2,CASE9,22,3,"9,2,3",6,8,2,0,2,CRITICAL,999.0,0.0,10,591.3
CASE9_0022_LINE_8_9,CASE9,22,3,"9,2,3",7,8,9,1,2,CRITICAL,188.1,0.654,4,591.3
CASE9_0022_LINE_9_4,CASE9,22,3,"9,2,3",8,9,4,0,2,CRITICAL,999.0,0.0,10,591.3
CASE9_0023_LINE_1_4,CASE9,23,5,"6,3,8,9,5",0,1,4,0,2,CRITICAL,999.0,0.0,10,554.9
CASE9_0023_LINE_4_5,CASE9,23,5,"6,3,8,9,5",1,4,5,0,2,CRITICAL,999.0,0.0,10,554.9
CASE9_0023_LINE_5_6,CASE9,23,5,"6,3,8,9,5",2,5,6,1,2,CRITICAL,140.9,0.875,3,554.9
CASE9_0023_LINE_3_6,CASE9,23,5,"6,3,8,9,5",3,3,6,0,2,CRITICAL,999.0,0.0,10,554.9
CASE9_0023_LINE_6_7,CASE9,23,5,"6,3,8,9,5",4,6,7,1,2,CRITICAL,134.5,0.887,2,554.9
CASE9_0023_LINE_7_8,CASE9,23,5,"6,3,8,9,5",5,7,8,1,2,CRITICAL,141.5,0.893,3,554.9
CASE9_0023_LINE_8_2,CASE9,23,5,"6,3,8,9,5",6,8,2,0,2,CRITICAL,999.0,0.0,10,554.9
CASE9_0023_LINE_8_9,CASE9,23,5,"6,3,8,9,5",7,8,9,1,2,CRITICAL,143.5,0.811,2,554.9
CASE9_0023_LINE_9_4,CASE9,23,5,"6,3,8,9,5",8,9,4,0,2,CRITICAL,999.0,0.0,10,554.9
CASE9_0024_LINE_1_4,CASE9,24,2,"9,7",0,1,4,0,2,CRITICAL,999.0,0.0,10,328.0
CASE9_0024_LINE_4_5,CASE9,24,2,"9,7",1,4,5,1,1,ALERT,65.2,0.913,0,328.0
CASE9_0024_LINE_5_6,CASE9,24,2,"9,7",2,5,6,1,2,CRITICAL,76.7,0.88,2,328.0
CASE9_0024_LINE_3_6,CASE9,24,2,"9,7",3,3,6,0,2,CRITICAL,999.0,0.0,10,328.0
CASE9_0024_LINE_6_7,CASE9,24,2,"9,7",4,6,7,1,1,ALERT,65.7,0.92,0,328.0
CASE9_0024_LINE_7_8,CASE9,24,2,"9,7",5,7,8,1,1,ALERT,65.7,0.907,0,328.0
CASE9_0024_LINE_8_2,CASE9,24,2,"9,7",6,8,2,0,2,CRITICAL,999.0,0.0,10,328.0
CASE9_0024_LINE_8_9,CASE9,24,2,"9,7",7,8,9,1,2,CRITICAL,114.0,0.796,3,328.0
CASE9_0024_LINE_9_4,CASE9,24,2,"9,7",8,9,4,0,2,CRITICAL,999.0,0.0,10,328.0
CASE9_0025_LINE_1_4,CASE9,25,6,"3,8,9,4,5,7",0,1,4,0,2,CRITICAL,999.0,0.0,10,656.5
CASE9_0025_LINE_4_5,CASE9,25,6,"3,8,9,4,5,7",1,4,5,0,2,CRITICAL,999.0,0.0,10,656.5
CASE9_0025_LINE_5_6,CASE9,25,6,"3,8,9,4,5,7",2,5,6,1,2,CRITICAL,211.0,0.736,4,656.5
CASE9_0025_LINE_3_6,CASE9,25,6,"3,8,9,4,5,7",3,3,6,0,2,CRITICAL,999.0,0.0,10,656.5
CASE9_0025_LINE_6_7,CASE9,25,6,"3,8,9,4,5,7",4,6,7,1,2,CRITICAL,194.4,0.83,5,656.5
CASE9_0025_LINE_7_8,CASE9,25,6,"3,8,9,4,5,7",5,7,8,0,2,CRITICAL,999.0,0.0,10,656.5
CASE9_0025_LINE_8_2,CASE9,25,6,"3,8,9,4,5,7",6,8,2,0,2,CRITICAL,999.0,0.0,10,656.5
CASE9_0025_LINE_8_9,CASE9,25,6,"3,8,9,4,5,7",7,8,9,1,2,CRITICAL,209.9,0.757,4,656.5
CASE9_0025_LINE_9_4,CASE9,25,6,"3,8,9,4,5,7",8,9,4,0,2,CRITICAL,999.0,0.0,10,656.5
CASE9_0026_LINE_1_4,CASE9,26,4,"8,6,9,2",0,1,4,0,2,CRITICAL,999.0,0.0,10,647.0
CASE9_0026_LINE_4_5,CASE9,26,4,"8,6,9,2",1,4,5,0,2,CRITICAL,999.0,0.0,10,647.0
CASE9_0026_LINE_5_6,CASE9,26,4,"8,6,9,2",2,5,6,0,2,CRITICAL,999.0,0.0,10,647.0
CASE9_0026_LINE_3_6,CASE9,26,4,"8,6,9,2",3,3,6,0,2,CRITICAL,999.0,0.0,10,647.0
CASE9_0026_LINE_6_7,CASE9,26,4,"8,6,9,2",4,6,7,1,2,CRITICAL,213.3,0.719,7,647.0
CASE9_0026_LINE_7_8,CASE9,26,4,"8,6,9,2",5,7,8,1,2,CRITICAL,185.6,0.858,4,647.0
CASE9_0026_LINE_8_2,CASE9,26,4,"8,6,9,2",6,8,2,0,2,CRITICAL,999.0,0.0,10,647.0
CASE9_0026_LINE_8_9,CASE9,26,4,"8,6,9,2",7,8,9,1,2,CRITICAL,221.9,0.668,4,647.0
CASE9_0026_LINE_9_4,CASE9,26,4,"8,6,9,2",8,9,4,0,2,CRITICAL,999.0,0.0,10,647.0
CASE9_0027_LINE_1_4,CASE9,27,3,"3,8,6",0,1,4,0,2,CRITICAL,999.0,0.0,10,481.7
CASE9_0027_LINE_4_5,CASE9,27,3,"3,8,6",1,4,5,1,2,CRITICAL,115.0,0.84,7,481.7
CASE9_0027_LINE_5_6,CASE9,27,3,"3,8,6",2,5,6,1,2,CRITICAL,101.3,0.922,1,481.7
CASE9_0027_LINE_3_6,CASE9,27,3,"3,8,6",3,3,6,0,2,CRITICAL,999.0,0.0,10,481.7
CASE9_0027_LINE_6_7,CASE9,27,3,"3,8,6",4,6,7,1,1,ALERT,99.3,0.941,0,481.7
CASE9_0027_LINE_7_8,CASE9,27,3,"3,8,6",5,7,8,1,2,CRITICAL,125.7,0.847,5,481.7
CASE9_0027_LINE_8_2,CASE9,27,3,"3,8,6",6,8,2,0,2,CRITICAL,999.0,0.0,10,481.7
CASE9_0027_LINE_8_9,CASE9,27,3,"3,8,6",7,8,9,1,2,CRITICAL,101.6,0.902,1,481.7
CASE9_0027_LINE_9_4,CASE9,27,3,"3,8,6",8,9,4,1,2,CRITICAL,116.8,0.755,5,481.7
CASE9_0028_LINE_1_4,CASE9,28,5,"3,2,8,7,9",0,1,4,0,2,CRITICAL,999.0,0.0,10,420.6
CASE9_0028_LINE_4_5,CASE9,28,5,"3,2,8,7,9",1,4,5,1,2,CRITICAL,76.0,0.898,1,420.6
CASE9_0028_LINE_5_6,CASE9,28,5,"3,2,8,7,9",2,5,6,1,1,ALERT,74.2,0.929,0,420.6
CASE9_0028_LINE_3_6,CASE9,28,5,"3,2,8,7,9",3,3,6,0,2,CRITICAL,999.0,0.0,10,420.6
CASE9_0028_LINE_6_7,CASE9,28,5,"3,2,8,7,9",4,6,7,1,0,SAFE,71.5,0.953,0,420.6
CASE9_0028_LINE_7_8,CASE9,28,5,"3,2,8,7,9",5,7,8,1,1,ALERT,75.2,0.947,0,420.6
CASE9_0028_LINE_8_2,CASE9,28,5,"3,2,8,7,9",6,8,2,0,2,CRITICAL,999.0,0.0,10,420.6
CASE9_0028_LINE_8_9,CASE9,28,5,"3,2,8,7,9",7,8,9,1,1,ALERT,75.6,0.905,0,420.6
CASE9_0028_LINE_9_4,CASE9,28,5,"3,2,8,7,9",8,9,4,1,2,CRITICAL,82.5,0.762,1,420.6
CASE9_0029_LINE_1_4,CASE9,29,7,"4,5,3,6,7,9,2",0,1,4,0,2,CRITICAL,999.0,0.0,10,696.2
CASE9_0029_LINE_4_5,CASE9,29,7,"4,5,3,6,7,9,2",1,4,5,0,2,CRITICAL,999.0,0.0,10,696.2
CASE9_0029_LINE_5_6,CASE9,29,7,"4,5,3,6,7,9,2",2,5,6,0,2,CRITICAL,999.0,0.0,10,696.2
CASE9_0029_LINE_3_6,CASE9,29,7,"4,5,3,6,7,9,2",3,3,6,0,2,CRITICAL,999.0,0.0,10,696.2
CASE9_0029_LINE_6_7,CASE9,29,7,"4,5,3,6,7,9,2",4,6,7,1,2,CRITICAL,232.5,0.741,7,696.2
CASE9_0029_LINE_7_8,CASE9,29,7,"4,5,3,6,7,9,2",5,7,8,0,2,CRITICAL,999.0,0.0,10,696.2
CASE9_0029_LINE_8_2,CASE9,29,7,"4,5,3,6,7,9,2",6,8,2,0,2,CRITICAL,999.0,0.0,10,696.2
CASE9_0029_LINE_8_9,CASE9,29,7,"4,5,3,6,7,9,2",7,8,9,0,2,CRITICAL,999.0,0.0,10,696.2
CASE9_0029_LINE_9_4,CASE9,29,7,"4,5,3,6,7,9,2",8,9,4,0,2,CRITICAL,999.0,0.0,10,696.2
CASE9_0030_LINE_1_4,CASE9,30,3,"4,6,3",0,1,4,0,2,CRITICAL,999.0,0.0,10,469.6
CASE9_0030_LINE_4_5,CASE9,30,3,"4,6,3",1,4,5,1,2,CRITICAL,98.8,0.879,1,469.6
CASE9_0030_LINE_5_6,CASE9,30,3,"4,6,3",2,5,6,1,1,ALERT,95.9,0.919,0,469.6
CASE9_0030_LINE_3_6,CASE9,30,3,"4,6,3",3,3,6,0,2,CRITICAL,999.0,0.0,10,469.6
CASE9_0030_LINE_6_7,CASE9,30,3,"4,6,3",4,6,7,1,1,ALERT,93.2,0.945,0,469.6
CASE9_0030_LINE_7_8,CASE9,30,3,"4,6,3",5,7,8,1,2,CRITICAL,109.7,0.895,2,469.6
CASE9_0030_LINE_8_2,CASE9,30,3,"4,6,3",6,8,2,0,2,CRITICAL,999.0,0.0,10,469.6
CASE9_0030_LINE_8_9,CASE9,30,3,"4,6,3",7,8,9,1,2,CRITICAL,98.3,0.895,1,469.6
CASE9_0030_LINE_9_4,CASE9,30,3,"4,6,3",8,9,4,1,2,CRITICAL,98.8,0.783,1,469.6
CASE9_0011_LINE_1_4,CASE9,11,6,"7,8,4,9,5,2",0,1,4,0,2,CRITICAL,999.0,0.0,10,568.7
CASE9_0011_LINE_4_5,CASE9,11,6,"7,8,4,9,5,2",1,4,5,0,2,CRITICAL,999.0,0.0,10,568.7
CASE9_0011_LINE_5_6,CASE9,11,6,"7,8,4,9,5,2",2,5,6,1,2,CRITICAL,145.7,0.832,2,568.7
CASE9_0011_LINE_3_6,CASE9,11,6,"7,8,4,9,5,2",3,3,6,0,2,CRITICAL,999.0,0.0,10,568.7
CASE9_0011_LINE_6_7,CASE9,11,6,"7,8,4,9,5,2",4,6,7,1,2,CRITICAL,142.3,0.902,1,568.7
CASE9_0011_LINE_7_8,CASE9,11,6,"7,8,4,9,5,2",5,7,8,1,2,CRITICAL,137.8,0.916,1,568.7
CASE9_0011_LINE_8_2,CASE9,11,6,"7,8,4,9,5,2",6,8,2,0,2,CRITICAL,999.0,0.0,10,568.7
CASE9_0011_LINE_8_9,CASE9,11,6,"7,8,4,9,5,2",7,8,9,1,2,CRITICAL,141.5,0.908,1,568.7
CASE9_0011_LINE_9_4,CASE9,11,6,"7,8,4,9,5,2",8,9,4,1,2,CRITICAL,157.4,0.847,5,568.7
CASE9_0012_LINE_1_4,CASE9,12,8,"6,3,8,9,4,7,5,2",0,1,4,0,2,CRITICAL,999.0,0.0,10,716.8
CASE9_0012_LINE_4_5,CASE9,12,8,"6,3,8,9,4,7,5,2",1,4,5,0,2,CRITICAL,999.0,0.0,10,716.8
CASE9_0012_LINE_5_6,CASE9,12,8,"6,3,8,9,4,7,5,2",2,5,6,0,2,CRITICAL,999.0,0.0,10,716.8
CASE9_0012_LINE_3_6,CASE9,12,8,"6,3,8,9,4,7,5,2",3,3,6,0,2,CRITICAL,999.0,0.0,10,716.8
CASE9_0012_LINE_6_7,CASE9,12,8,"6,3,8,9,4,7,5,2",4,6,7,1,2,CRITICAL,216.0,0.869,4,716.8
CASE9_0012_LINE_7_8,CASE9,12,8,"6,3,8,9,4,7,5,2",5,7,8,0,2,CRITICAL,999.0,0.0,10,716.8
CASE9_0012_LINE_8_2,CASE9,12,8,"6,3,8,9,4,7,5,2",6,8,2,0,2,CRITICAL,999.0,0.0,10,716.8
CASE9_0012_LINE_8_9,CASE9,12,8,"6,3,8,9,4,7,5,2",7,8,9,0,2,CRITICAL,999.0,0.0,10,716.8
CASE9_0012_LINE_9_4,CASE9,12,8,"6,3,8,9,4,7,5,2",8,9,4,0,2,CRITICAL,999.0,0.0,10,716.8
CASE9_0013_LINE_1_4,CASE9,13,3,"8,3,2",0,1,4,0,2,CRITICAL,999.0,0.0,10,455.3
CASE9_0013_LINE_4_5,CASE9,13,3,"8,3,2",1,4,5,1,2,CRITICAL,93.5,0.892,1,455.3
CASE9_0013_LINE_5_6,CASE9,13,3,"8,3,2",2,5,6,1,1,ALERT,89.1,0.924,0,455.3
CASE9_0013_LINE_3_6,CASE9,13,3,"8,3,2",3,3,6,0,2,CRITICAL,999.0,0.0,10,455.3
CASE9_0013_LINE_6_7,CASE9,13,3,"8,3,2",4,6,7,1,1,ALERT,89.6,0.907,0,455.3
CASE9_0013_LINE_7_8,CASE9,13,3,"8,3,2",5,7,8,1,1,ALERT,87.7,0.934,0,455.3
CASE9_0013_LINE_8_2,CASE9,13,3,"8,3,2",6,8,2,0,2,CRITICAL,999.0,0.0,10,455.3
CASE9_0013_LINE_8_9,CASE9,13,3,"8,3,2",7,8,9,1,1,ALERT,89.1,0.907,0,455.3
CASE9_0013_LINE_9_4,CASE9,13,3,"8,3,2",8,9,4,1,2,CRITICAL,135.5,0.692,7,455.3
CASE9_0014_LINE_1_4,CASE9,14,4,"8,9,7,2",0,1,4,0,2,CRITICAL,999.0,0.0,10,503.6
CASE9_0014_LINE_4_5,CASE9,14,4,"8,9,7,2",1,4,5,1,2,CRITICAL,124.4,0.871,4,503.6
CASE9_0014_LINE_5_6,CASE9,14,4,"8,9,7,2",2,5,6,1,2,CRITICAL,112.0,0.913,1,503.6
CASE9_0014_LINE_3_6,CASE9,14,4,"8,9,7,2",3,3,6,0,2,CRITICAL,999.0,0.0,10,503.6
CASE9_0014_LINE_6_7,CASE9,14,4,"8,9,7,2",4,6,7,1,2,CRITICAL,123.8,0.809,5,503.6
CASE9_0014_LINE_7_8,CASE9,14,4,"8,9,7,2",5,7,8,1,2,CRITICAL,130.9,0.819,3,503.6
CASE9_0014_LINE_8_2,CASE9,14,4,"8,9,7,2",6,8,2,0,2,CRITICAL,999.0,0.0,10,503.6
CASE9_0014_LINE_8_9,CASE9,14,4,"8,9,7,2",7,8,9,1,2,CRITICAL,112.2,0.893,2,503.6
CASE9_0014_LINE_9_4,CASE9,14,4,"8,9,7,2",8,9,4,0,2,CRITICAL,999.0,0.0,10,503.6
CASE9_0015_LINE_1_4,CASE9,15,8,"3,6,7,8,9,4,2,5",0,1,4,0,2,CRITICAL,999.0,0.0,10,557.5
CASE9_0015_LINE_4_5,CASE9,15,8,"3,6,7,8,9,4,2,5",1,4,5,0,2,CRITICAL,999.0,0.0,10,557.5
CASE9_0015_LINE_5_6,CASE9,15,8,"3,6,7,8,9,4,2,5",2,5,6,1,2,CRITICAL,139.1,0.85,2,557.5
CASE9_0015_LINE_3_6,CASE9,15,8,"3,6,7,8,9,4,2,5",3,3,6,0,2,CRITICAL,999.0,0.0,10,557.5
CASE9_0015_LINE_6_7,CASE9,15,8,"3,6,7,8,9,4,2,5",4,6,7,1,2,CRITICAL,135.1,0.912,1,557.5
CASE9_0015_LINE_7_8,CASE9,15,8,"3,6,7,8,9,4,2,5",5,7,8,1,2,CRITICAL,147.2,0.863,3,557.5
CASE9_0015_LINE_8_2,CASE9,15,8,"3,6,7,8,9,4,2,5",6,8,2,0,2,CRITICAL,999.0,0.0,10,557.5
CASE9_0015_LINE_8_9,CASE9,15,8,"3,6,7,8,9,4,2,5",7,8,9,1,2,CRITICAL,137.1,0.895,2,557.5
CASE9_0015_LINE_9_4,CASE9,15,8,"3,6,7,8,9,4,2,5",8,9,4,1,2,CRITICAL,155.3,0.833,5,557.5
CASE9_0041_LINE_1_4,CASE9,41,4,"8,6,5,3",0,1,4,0,2,CRITICAL,999.0,0.0,10,570.4
CASE9_0041_LINE_4_5,CASE9,41,4,"8,6,5,3",1,4,5,0,2,CRITICAL,999.0,0.0,10,570.4
CASE9_0041_LINE_5_6,CASE9,41,4,"8,6,5,3",2,5,6,1,2,CRITICAL,154.3,0.791,3,570.4
CASE9_0041_LINE_3_6,CASE9,41,4,"8,6,5,3",3,3,6,0,2,CRITICAL,999.0,0.0,10,570.4
CASE9_0041_LINE_6_7,CASE9,41,4,"8,6,5,3",4,6,7,1,2,CRITICAL,142.3,0.904,1,570.4
CASE9_0041_LINE_7_8,CASE9,41,4,"8,6,5,3",5,7,8,1,2,CRITICAL,154.8,0.84,4,570.4
CASE9_0041_LINE_8_2,CASE9,41,4,"8,6,5,3",6,8,2,0,2,CRITICAL,999.0,0.0,10,570.4
CASE9_0041_LINE_8_9,CASE9,41,4,"8,6,5,3",7,8,9,1,2,CRITICAL,149.8,0.86,3,570.4
CASE9_0041_LINE_9_4,CASE9,41,4,"8,6,5,3",8,9,4,0,2,CRITICAL,999.0,0.0,10,570.4
CASE9_0042_LINE_1_4,CASE9,42,5,"7,4,6,9,5",0,1,4,0,2,CRITICAL,999.0,0.0,10,482.8
CASE9_0042_LINE_4_5,CASE9,42,5,"7,4,6,9,5",1,4,5,1,2,CRITICAL,110.6,0.758,3,482.8
CASE9_0042_LINE_5_6,CASE9,42,5,"7,4,6,9,5",2,5,6,1,2,CRITICAL,105.6,0.881,2,482.8
CASE9_0042_LINE_3_6,CASE9,42,5,"7,4,6,9,5",3,3,6,0,2,CRITICAL,999.0,0.0,10,482.8
CASE9_0042_LINE_6_7,CASE9,42,5,"7,4,6,9,5",4,6,7,1,2,CRITICAL,100.3,0.909,1,482.8
CASE9_0042_LINE_7_8,CASE9,42,5,"7,4,6,9,5",5,7,8,1,2,CRITICAL,125.1,0.816,6,482.8
CASE9_0042_LINE_8_2,CASE9,42,5,"7,4,6,9,5",6,8,2,0,2,CRITICAL,999.0,0.0,10,482.8
CASE9_0042_LINE_8_9,CASE9,42,5,"7,4,6,9,5",7,8,9,1,2,CRITICAL,104.9,0.902,1,482.8
CASE9_0042_LINE_9_4,CASE9,42,5,"7,4,6,9,5",8,9,4,1,2,CRITICAL,104.4,0.837,2,482.8
CASE9_0043_LINE_1_4,CASE9,43,5,"6,8,5,9,3",0,1,4,0,2,CRITICAL,999.0,0.0,10,468.4
CASE9_0043_LINE_4_5,CASE9,43,5,"6,8,5,9,3",1,4,5,1,2,CRITICAL,106.2,0.886,4,468.4
CASE9_0043_LINE_5_6,CASE9,43,5,"6,8,5,9,3",2,5,6,1,1,ALERT,94.4,0.945,0,468.4
CASE9_0043_LINE_3_6,CASE9,43,5,"6,8,5,9,3",3,3,6,0,2,CRITICAL,999.0,0.0,10,468.4
CASE9_0043_LINE_6_7,CASE9,43,5,"6,8,5,9,3",4,6,7,1,1,ALERT,92.5,0.941,0,468.4
CASE9_0043_LINE_7_8,CASE9,43,5,"6,8,5,9,3",5,7,8,1,2,CRITICAL,131.8,0.849,5,468.4
CASE9_0043_LINE_8_2,CASE9,43,5,"6,8,5,9,3",6,8,2,0,2,CRITICAL,999.0,0.0,10,468.4
CASE9_0043_LINE_8_9,CASE9,43,5,"6,8,5,9,3",7,8,9,1,1,ALERT,93.4,0.94,0,468.4
CASE9_0043_LINE_9_4,CASE9,43,5,"6,8,5,9,3",8,9,4,1,2,CRITICAL,114.6,0.86,4,468.4
CASE9_0044_LINE_1_4,CASE9,44,4,"4,7,5,9",0,1,4,0,2,CRITICAL,999.0,0.0,10,466.6
CASE9_0044_LINE_4_5,CASE9,44,4,"4,7,5,9",1,4,5,1,2,CRITICAL,101.9,0.877,2,466.6
CASE9_0044_LINE_5_6,CASE9,44,4,"4,7,5,9",2,5,6,1,2,CRITICAL,107.5,0.857,3,466.6
CASE9_0044_LINE_3_6,CASE9,44,4,"4,7,5,9",3,3,6,0,2,CRITICAL,999.0,0.0,10,466.6
CASE9_0044_LINE_6_7,CASE9,44,4,"4,7,5,9",4,6,7,1,2,CRITICAL,102.3,0.868,2,466.6
CASE9_0044_LINE_7_8,CASE9,44,4,"4,7,5,9",5,7,8,1,2,CRITICAL,104.0,0.864,2,466.6
CASE9_0044_LINE_8_2,CASE9,44,4,"4,7,5,9",6,8,2,0,2,CRITICAL,999.0,0.0,10,466.6
CASE9_0044_LINE_8_9,CASE9,44,4,"4,7,5,9",7,8,9,1,2,CRITICAL,161.1,0.61,4,466.6
CASE9_0044_LINE_9_4,CASE9,44,4,"4,7,5,9",8,9,4,0,2,CRITICAL,999.0,0.0,10,466.6
CASE9_0045_LINE_1_4,CASE9,45,4,"6,9,7,5",0,1,4,0,2,CRITICAL,999.0,0.0,10,326.4
CASE9_0045_LINE_4_5,CASE9,45,4,"6,9,7,5",1,4,5,1,0,SAFE,65.2,0.951,0,326.4
CASE9_0045_LINE_5_6,CASE9,45,4,"6,9,7,5",2,5,6,1,1,ALERT,65.4,0.939,0,326.4
CASE9_0045_LINE_3_6,CASE9,45,4,"6,9,7,5",3,3,6,0,2,CRITICAL,999.0,0.0,10,326.4
CASE9_0045_LINE_6_7,CASE9,45,4,"6,9,7,5",4,6,7,1,1,ALERT,66.6,0.931,0,326.4
CASE9_0045_LINE_7_8,CASE9,45,4,"6,9,7,5",5,7,8,1,1,ALERT,83.7,0.912,0,326.4
CASE9_0045_LINE_8_2,CASE9,45,4,"6,9,7,5",6,8,2,0,2,CRITICAL,999.0,0.0,10,326.4
CASE9_0045_LINE_8_9,CASE9,45,4,"6,9,7,5",7,8,9,1,2,CRITICAL,68.8,0.885,1,326.4
CASE9_0045_LINE_9_4,CASE9,45,4,"6,9,7,5",8,9,4,1,2,CRITICAL,76.8,0.704,1,326.4
CASE9_0066_LINE_1_4,CASE9,66,3,"5,2,7",0,1,4,0,2,CRITICAL,999.0,0.0,10,435.8
CASE9_0066_LINE_4_5,CASE9,66,3,"5,2,7",1,4,5,1,2,CRITICAL,85.3,0.849,1,435.8
CASE9_0066_LINE_5_6,CASE9,66,3,"5,2,7",2,5,6,1,1,ALERT,82.4,0.912,0,435.8
CASE9_0066_LINE_3_6,CASE9,66,3,"5,2,7",3,3,6,0,2,CRITICAL,999.0,0.0,10,435.8
CASE9_0066_LINE_6_7,CASE9,66,3,"5,2,7",4,6,7,1,2,CRITICAL,83.2,0.878,1,435.8
CASE9_0066_LINE_7_8,CASE9,66,3,"5,2,7",5,7,8,1,2,CRITICAL,124.9,0.829,2,435.8
CASE9_0066_LINE_8_2,CASE9,66,3,"5,2,7",6,8,2,0,2,CRITICAL,999.0,0.0,10,435.8
CASE9_0066_LINE_8_9,CASE9,66,3,"5,2,7",7,8,9,1,1,ALERT,82.8,0.903,0,435.8
CASE9_0066_LINE_9_4,CASE9,66,3,"5,2,7",8,9,4,1,2,CRITICAL,124.5,0.747,3,435.8
CASE9_0067_LINE_1_4,CASE9,67,4,"2,9,7,3",0,1,4,0,2,CRITICAL,999.0,0.0,10,384.8
CASE9_0067_LINE_4_5,CASE9,67,4,"2,9,7,3",1,4,5,1,2,CRITICAL,70.9,0.897,1,384.8
CASE9_0067_LINE_5_6,CASE9,67,4,"2,9,7,3",2,5,6,1,1,ALERT,59.0,0.935,0,384.8
CASE9_0067_LINE_3_6,CASE9,67,4,"2,9,7,3",3,3,6,0,2,CRITICAL,999.0,0.0,10,384.8
CASE9_0067_LINE_6_7,CASE9,67,4,"2,9,7,3",4,6,7,1,0,SAFE,57.1,0.966,0,384.8
CASE9_0067_LINE_7_8,CASE9,67,4,"2,9,7,3",5,7,8,1,1,ALERT,70.7,0.946,0,384.8
CASE9_0067_LINE_8_2,CASE9,67,4,"2,9,7,3",6,8,2,0,2,CRITICAL,999.0,0.0,10,384.8
CASE9_0067_LINE_8_9,CASE9,67,4,"2,9,7,3",7,8,9,1,1,ALERT,60.6,0.923,0,384.8
CASE9_0067_LINE_9_4,CASE9,67,4,"2,9,7,3",8,9,4,1,2,CRITICAL,59.4,0.848,1,384.8
CASE9_0068_LINE_1_4,CASE9,68,8,"6,4,8,9,5,3,2,7",0,1,4,0,2,CRITICAL,999.0,0.0,10,602.8
CASE9_0068_LINE_4_5,CASE9,68,8,"6,4,8,9,5,3,2,7",1,4,5,0,2,CRITICAL,999.0,0.0,10,602.8
CASE9_0068_LINE_5_6,CASE9,68,8,"6,4,8,9,5,3,2,7",2,5,6,1,2,CRITICAL,172.5,0.858,5,602.8
CASE9_0068_LINE_3_6,CASE9,68,8,"6,4,8,9,5,3,2,7",3,3,6,0,2,CRITICAL,999.0,0.0,10,602.8
CASE9_0068_LINE_6_7,CASE9,68,8,"6,4,8,9,5,3,2,7",4,6,7,1,2,CRITICAL,156.1,0.828,2,602.8
CASE9_0068_LINE_7_8,CASE9,68,8,"6,4,8,9,5,3,2,7",5,7,8,0,2,CRITICAL,999.0,0.0,10,602.8
CASE9_0068_LINE_8_2,CASE9,68,8,"6,4,8,9,5,3,2,7",6,8,2,0,2,CRITICAL,999.0,0.0,10,602.8
CASE9_0068_LINE_8_9,CASE9,68,8,"6,4,8,9,5,3,2,7",7,8,9,1,2,CRITICAL,165.5,0.887,3,602.8
CASE9_0068_LINE_9_4,CASE9,68,8,"6,4,8,9,5,3,2,7",8,9,4,0,2,CRITICAL,999.0,0.0,10,602.8
CASE9_0069_LINE_1_4,CASE9,69,1,8,0,1,4,0,2,CRITICAL,999.0,0.0,10,370.1
CASE9_0069_LINE_4_5,CASE9,69,1,8,1,4,5,1,1,ALERT,65.9,0.903,0,370.1
CASE9_0069_LINE_5_6,CASE9,69,1,8,2,5,6,1,1,ALERT,65.8,0.925,0,370.1
CASE9_0069_LINE_3_6,CASE9,69,1,8,3,3,6,0,2,CRITICAL,999.0,0.0,10,370.1
CASE9_0069_LINE_6_7,CASE9,69,1,8,4,6,7,1,1,ALERT,67.8,0.93,0,370.1
CASE9_0069_LINE_7_8,CASE9,69,1,8,5,7,8,1,1,ALERT,70.1,0.938,0,370.1
CASE9_0069_LINE_8_2,CASE9,69,1,8,6,8,2,0,2,CRITICAL,999.0,0.0,10,370.1
CASE9_0069_LINE_8_9,CASE9,69,1,8,7,8,9,1,1,ALERT,65.6,0.903,0,370.1
CASE9_0069_LINE_9_4,CASE9,69,1,8,8,9,4,1,2,CRITICAL,88.0,0.76,1,370.1
CASE9_0070_LINE_1_4,CASE9,70,1,8,0,1,4,0,2,CRITICAL,999.0,0.0,10,411.7
CASE9_0070_LINE_4_5,CASE9,70,1,8,1,4,5,1,2,CRITICAL,71.5,0.898,1,411.7
CASE9_0070_LINE_5_6,CASE9,70,1,8,2,5,6,1,1,ALERT,71.6,0.926,0,411.7
CASE9_0070_LINE_3_6,CASE9,70,1,8,3,3,6,0,2,CRITICAL,999.0,0.0,10,411.7
CASE9_0070_LINE_6_7,CASE9,70,1,8,4,6,7,1,1,ALERT,71.5,0.913,0,411.7
CASE9_0070_LINE_7_8,CASE9,70,1,8,5,7,8,1,1,ALERT,70.1,0.938,0,411.7
CASE9_0070_LINE_8_2,CASE9,70,1,8,6,8,2,0,2,CRITICAL,999.0,0.0,10,411.7
CASE9_0070_LINE_8_9,CASE9,70,1,8,7,8,9,1,1,ALERT,71.9,0.907,0,411.7
CASE9_0070_LINE_9_4,CASE9,70,1,8,8,9,4,1,2,CRITICAL,118.9,0.721,2,411.7
CASE9_0046_LINE_1_4,CASE9,46,4,"4,7,5,3",0,1,4,0,2,CRITICAL,999.0,0.0,10,614.0
CASE9_0046_LINE_4_5,CASE9,46,4,"4,7,5,3",1,4,5,0,2,CRITICAL,999.0,0.0,10,614.0
CASE9_0046_LINE_5_6,CASE9,46,4,"4,7,5,3",2,5,6,1,2,CRITICAL,170.5,0.831,3,614.0
CASE9_0046_LINE_3_6,CASE9,46,4,"4,7,5,3",3,3,6,0,2,CRITICAL,999.0,0.0,10,614.0
CASE9_0046_LINE_6_7,CASE9,46,4,"4,7,5,3",4,6,7,1,2,CRITICAL,162.4,0.837,2,614.0
CASE9_0046_LINE_7_8,CASE9,46,4,"4,7,5,3",5,7,8,0,2,CRITICAL,999.0,0.0,10,614.0
CASE9_0046_LINE_8_2,CASE9,46,4,"4,7,5,3",6,8,2,0,2,CRITICAL,999.0,0.0,10,614.0
CASE9_0046_LINE_8_9,CASE9,46,4,"4,7,5,3",7,8,9,1,2,CRITICAL,168.7,0.854,3,614.0
CASE9_0046_LINE_9_4,CASE9,46,4,"4,7,5,3",8,9,4,0,2,CRITICAL,999.0,0.0,10,614.0
CASE9_0047_LINE_1_4,CASE9,47,6,"8,7,2,4,6,3",0,1,4,0,2,CRITICAL,999.0,0.0,10,597.0
CASE9_0047_LINE_4_5,CASE9,47,6,"8,7,2,4,6,3",1,4,5,0,2,CRITICAL,999.0,0.0,10,597.0
CASE9_0047_LINE_5_6,CASE9,47,6,"8,7,2,4,6,3",2,5,6,1,2,CRITICAL,159.2,0.886,3,597.0
CASE9_0047_LINE_3_6,CASE9,47,6,"8,7,2,4,6,3",3,3,6,0,2,CRITICAL,999.0,0.0,10,597.0
CASE9_0047_LINE_6_7,CASE9,47,6,"8,7,2,4,6,3",4,6,7,1,2,CRITICAL,149.9,0.926,1,597.0
CASE9_0047_LINE_7_8,CASE9,47,6,"8,7,2,4,6,3",5,7,8,1,2,CRITICAL,159.0,0.896,3,597.0
CASE9_0047_LINE_8_2,CASE9,47,6,"8,7,2,4,6,3",6,8,2,0,2,CRITICAL,999.0,0.0,10,597.0
CASE9_0047_LINE_8_9,CASE9,47,6,"8,7,2,4,6,3",7,8,9,1,2,CRITICAL,158.9,0.87,2,597.0
CASE9_0047_LINE_9_4,CASE9,47,6,"8,7,2,4,6,3",8,9,4,0,2,CRITICAL,999.0,0.0,10,597.0
CASE9_0048_LINE_1_4,CASE9,48,1,8,0,1,4,0,2,CRITICAL,999.0,0.0,10,382.6
CASE9_0048_LINE_4_5,CASE9,48,1,8,1,4,5,1,1,ALERT,65.9,0.903,0,382.6
CASE9_0048_LINE_5_6,CASE9,48,1,8,2,5,6,1,1,ALERT,65.7,0.927,0,382.6
CASE9_0048_LINE_3_6,CASE9,48,1,8,3,3,6,0,2,CRITICAL,999.0,0.0,10,382.6
CASE9_0048_LINE_6_7,CASE9,48,1,8,4,6,7,1,1,ALERT,67.8,0.93,0,382.6
CASE9_0048_LINE_7_8,CASE9,48,1,8,5,7,8,1,1,ALERT,70.1,0.938,0,382.6
CASE9_0048_LINE_8_2,CASE9,48,1,8,6,8,2,0,2,CRITICAL,999.0,0.0,10,382.6
CASE9_0048_LINE_8_9,CASE9,48,1,8,7,8,9,1,1,ALERT,65.5,0.905,0,382.6
CASE9_0048_LINE_9_4,CASE9,48,1,8,8,9,4,1,2,CRITICAL,96.6,0.758,1,382.6
CASE9_0049_LINE_1_4,CASE9,49,2,"6,5",0,1,4,0,2,CRITICAL,999.0,0.0,10,347.6
CASE9_0049_LINE_4_5,CASE9,49,2,"6,5",1,4,5,1,2,CRITICAL,75.0,0.86,1,347.6
CASE9_0049_LINE_5_6,CASE9,49,2,"6,5",2,5,6,1,1,ALERT,65.4,0.905,0,347.6
CASE9_0049_LINE_3_6,CASE9,49,2,"6,5",3,3,6,0,2,CRITICAL,999.0,0.0,10,347.6
CASE9_0049_LINE_6_7,CASE9,49,2,"6,5",4,6,7,1,1,ALERT,65.9,0.946,0,347.6
CASE9_0049_LINE_7_8,CASE9,49,2,"6,5",5,7,8,1,1,ALERT,70.3,0.928,0,347.6
CASE9_0049_LINE_8_2,CASE9,49,2,"6,5",6,8,2,0,2,CRITICAL,999.0,0.0,10,347.6
CASE9_0049_LINE_8_9,CASE9,49,2,"6,5",7,8,9,1,2,CRITICAL,81.7,0.892,1,347.6
CASE9_0049_LINE_9_4,CASE9,49,2,"6,5",8,9,4,1,2,CRITICAL,69.6,0.792,1,347.6
CASE9_0050_LINE_1_4,CASE9,50,1,5,0,1,4,0,2,CRITICAL,999.0,0.0,10,288.2
CASE9_0050_LINE_4_5,CASE9,50,1,5,1,4,5,1,0,SAFE,65.2,0.958,0,288.2
CASE9_0050_LINE_5_6,CASE9,50,1,5,2,5,6,1,1,ALERT,65.4,0.933,0,288.2
CASE9_0050_LINE_3_6,CASE9,50,1,5,3,3,6,0,2,CRITICAL,999.0,0.0,10,288.2
CASE9_0050_LINE_6_7,CASE9,50,1,5,4,6,7,1,1,ALERT,65.8,0.947,0,288.2
CASE9_0050_LINE_7_8,CASE9,50,1,5,5,7,8,1,1,ALERT,70.1,0.937,0,288.2
CASE9_0050_LINE_8_2,CASE9,50,1,5,6,8,2,0,2,CRITICAL,999.0,0.0,10,288.2
CASE9_0050_LINE_8_9,CASE9,50,1,5,7,8,9,1,2,CRITICAL,91.3,0.893,1,288.2
CASE9_0050_LINE_9_4,CASE9,50,1,5,8,9,4,1,2,CRITICAL,69.1,0.795,1,288.2
CASE9_0061_LINE_1_4,CASE9,61,8,"9,5,6,3,7,4,8,2",0,1,4,0,2,CRITICAL,999.0,0.0,10,599.2
CASE9_0061_LINE_4_5,CASE9,61,8,"9,5,6,3,7,4,8,2",1,4,5,0,2,CRITICAL,999.0,0.0,10,599.2
CASE9_0061_LINE_5_6,CASE9,61,8,"9,5,6,3,7,4,8,2",2,5,6,1,2,CRITICAL,160.6,0.859,2,599.2
CASE9_0061_LINE_3_6,CASE9,61,8,"9,5,6,3,7,4,8,2",3,3,6,0,2,CRITICAL,999.0,0.0,10,599.2
CASE9_0061_LINE_6_7,CASE9,61,8,"9,5,6,3,7,4,8,2",4,6,7,1,2,CRITICAL,151.8,0.913,1,599.2
CASE9_0061_LINE_7_8,CASE9,61,8,"9,5,6,3,7,4,8,2",5,7,8,1,2,CRITICAL,170.6,0.837,5,599.2
CASE9_0061_LINE_8_2,CASE9,61,8,"9,5,6,3,7,4,8,2",6,8,2,0,2,CRITICAL,999.0,0.0,10,599.2
CASE9_0061_LINE_8_9,CASE9,61,8,"9,5,6,3,7,4,8,2",7,8,9,1,2,CRITICAL,163.0,0.881,3,599.2
CASE9_0061_LINE_9_4,CASE9,61,8,"9,5,6,3,7,4,8,2",8,9,4,0,2,CRITICAL,999.0,0.0,10,599.2
CASE9_0062_LINE_1_4,CASE9,62,7,"4,9,7,5,6,2,3",0,1,4,0,2,CRITICAL,999.0,0.0,10,362.8
CASE9_0062_LINE_4_5,CASE9,62,7,"4,9,7,5,6,2,3",1,4,5,1,0,SAFE,65.8,0.957,0,362.8
CASE9_0062_LINE_5_6,CASE9,62,7,"4,9,7,5,6,2,3",2,5,6,1,0,SAFE,58.9,0.969,0,362.8
CASE9_0062_LINE_3_6,CASE9,62,7,"4,9,7,5,6,2,3",3,3,6,0,2,CRITICAL,999.0,0.0,10,362.8
CASE9_0062_LINE_6_7,CASE9,62,7,"4,9,7,5,6,2,3",4,6,7,1,0,SAFE,58.8,0.978,0,362.8
CASE9_0062_LINE_7_8,CASE9,62,7,"4,9,7,5,6,2,3",5,7,8,1,1,ALERT,75.4,0.949,0,362.8
CASE9_0062_LINE_8_2,CASE9,62,7,"4,9,7,5,6,2,3",6,8,2,0,2,CRITICAL,999.0,0.0,10,362.8
CASE9_0062_LINE_8_9,CASE9,62,7,"4,9,7,5,6,2,3",7,8,9,1,0,SAFE,58.8,0.952,0,362.8
CASE9_0062_LINE_9_4,CASE9,62,7,"4,9,7,5,6,2,3",8,9,4,1,1,ALERT,58.9,0.916,0,362.8
CASE9_0063_LINE_1_4,CASE9,63,8,"7,6,4,5,2,9,3,8",0,1,4,0,2,CRITICAL,999.0,0.0,10,721.0
CASE9_0063_LINE_4_5,CASE9,63,8,"7,6,4,5,2,9,3,8",1,4,5,0,2,CRITICAL,999.0,0.0,10,721.0
CASE9_0063_LINE_5_6,CASE9,63,8,"7,6,4,5,2,9,3,8",2,5,6,1,2,CRITICAL,265.8,0.716,5,721.0
CASE9_0063_LINE_3_6,CASE9,63,8,"7,6,4,5,2,9,3,8",3,3,6,0,2,CRITICAL,999.0,0.0,10,721.0
CASE9_0063_LINE_6_7,CASE9,63,8,"7,6,4,5,2,9,3,8",4,6,7,1,2,CRITICAL,229.9,0.796,6,721.0
CASE9_0063_LINE_7_8,CASE9,63,8,"7,6,4,5,2,9,3,8",5,7,8,1,2,CRITICAL,227.8,0.832,4,721.0
CASE9_0063_LINE_8_2,CASE9,63,8,"7,6,4,5,2,9,3,8",6,8,2,0,2,CRITICAL,999.0,0.0,10,721.0
CASE9_0063_LINE_8_9,CASE9,63,8,"7,6,4,5,2,9,3,8",7,8,9,0,2,CRITICAL,999.0,0.0,10,721.0
CASE9_0063_LINE_9_4,CASE9,63,8,"7,6,4,5,2,9,3,8",8,9,4,0,2,CRITICAL,999.0,0.0,10,721.0
CASE9_0064_LINE_1_4,CASE9,64,4,"5,4,3,8",0,1,4,0,2,CRITICAL,999.0,0.0,10,455.1
CASE9_0064_LINE_4_5,CASE9,64,4,"5,4,3,8",1,4,5,1,2,CRITICAL,93.9,0.873,1,455.1
CASE9_0064_LINE_5_6,CASE9,64,4,"5,4,3,8",2,5,6,1,1,ALERT,89.7,0.918,0,455.1
CASE9_0064_LINE_3_6,CASE9,64,4,"5,4,3,8",3,3,6,0,2,CRITICAL,999.0,0.0,10,455.1
CASE9_0064_LINE_6_7,CASE9,64,4,"5,4,3,8",4,6,7,1,1,ALERT,86.5,0.937,0,455.1
CASE9_0064_LINE_7_8,CASE9,64,4,"5,4,3,8",5,7,8,1,1,ALERT,97.0,0.911,0,455.1
CASE9_0064_LINE_8_2,CASE9,64,4,"5,4,3,8",6,8,2,0,2,CRITICAL,999.0,0.0,10,455.1
CASE9_0064_LINE_8_9,CASE9,64,4,"5,4,3,8",7,8,9,1,1,ALERT,90.7,0.901,0,455.1
CASE9_0064_LINE_9_4,CASE9,64,4,"5,4,3,8",8,9,4,1,2,CRITICAL,95.4,0.764,1,455.1
CASE9_0065_LINE_1_4,CASE9,65,1,7,0,1,4,0,2,CRITICAL,999.0,0.0,10,273.1
CASE9_0065_LINE_4_5,CASE9,65,1,7,1,4,5,1,1,ALERT,65.2,0.915,0,273.1
CASE9_0065_LINE_5_6,CASE9,65,1,7,2,5,6,1,1,ALERT,76.2,0.907,0,273.1
CASE9_0065_LINE_3_6,CASE9,65,1,7,3,3,6,0,2,CRITICAL,999.0,0.0,10,273.1
CASE9_0065_LINE_6_7,CASE9,65,1,7,4,6,7,1,1,ALERT,65.3,0.95,0,273.1
CASE9_0065_LINE_7_8,CASE9,65,1,7,5,7,8,1,1,ALERT,65.3,0.935,0,273.1
CASE9_0065_LINE_8_2,CASE9,65,1,7,6,8,2,0,2,CRITICAL,999.0,0.0,10,273.1
CASE9_0065_LINE_8_9,CASE9,65,1,7,7,8,9,1,2,CRITICAL,115.2,0.876,2,273.1
CASE9_0065_LINE_9_4,CASE9,65,1,7,8,9,4,1,2,CRITICAL,67.6,0.808,1,273.1
CASE9_0031_LINE_1_4,CASE9,31,5,"8,2,4,5,9",0,1,4,0,2,CRITICAL,999.0,0.0,10,634.1
CASE9_0031_LINE_4_5,CASE9,31,5,"8,2,4,5,9",1,4,5,0,2,CRITICAL,999.0,0.0,10,634.1
CASE9_0031_LINE_5_6,CASE9,31,5,"8,2,4,5,9",2,5,6,1,2,CRITICAL,183.7,0.789,4,634.1
CASE9_0031_LINE_3_6,CASE9,31,5,"8,2,4,5,9",3,3,6,0,2,CRITICAL,999.0,0.0,10,634.1
CASE9_0031_LINE_6_7,CASE9,31,5,"8,2,4,5,9",4,6,7,1,2,CRITICAL,176.5,0.877,3,634.1
CASE9_0031_LINE_7_8,CASE9,31,5,"8,2,4,5,9",5,7,8,1,2,CRITICAL,171.3,0.893,2,634.1
CASE9_0031_LINE_8_2,CASE9,31,5,"8,2,4,5,9",6,8,2,0,2,CRITICAL,999.0,0.0,10,634.1
CASE9_0031_LINE_8_9,CASE9,31,5,"8,2,4,5,9",7,8,9,1,2,CRITICAL,180.0,0.826,3,634.1
CASE9_0031_LINE_9_4,CASE9,31,5,"8,2,4,5,9",8,9,4,0,2,CRITICAL,999.0,0.0,10,634.1
CASE9_0032_LINE_1_4,CASE9,32,6,"5,4,3,6,2,9",0,1,4,0,2,CRITICAL,999.0,0.0,10,562.6
CASE9_0032_LINE_4_5,CASE9,32,6,"5,4,3,6,2,9",1,4,5,1,2,CRITICAL,147.5,0.872,2,562.6
CASE9_0032_LINE_5_6,CASE9,32,6,"5,4,3,6,2,9",2,5,6,1,2,CRITICAL,141.2,0.895,2,562.6
CASE9_0032_LINE_3_6,CASE9,32,6,"5,4,3,6,2,9",3,3,6,0,2,CRITICAL,999.0,0.0,10,562.6
CASE9_0032_LINE_6_7,CASE9,32,6,"5,4,3,6,2,9",4,6,7,1,2,CRITICAL,136.3,0.905,1,562.6
CASE9_0032_LINE_7_8,CASE9,32,6,"5,4,3,6,2,9",5,7,8,1,2,CRITICAL,149.4,0.884,3,562.6
CASE9_0032_LINE_8_2,CASE9,32,6,"5,4,3,6,2,9",6,8,2,0,2,CRITICAL,999.0,0.0,10,562.6
CASE9_0032_LINE_8_9,CASE9,32,6,"5,4,3,6,2,9",7,8,9,1,2,CRITICAL,149.4,0.804,2,562.6
CASE9_0032_LINE_9_4,CASE9,32,6,"5,4,3,6,2,9",8,9,4,0,2,CRITICAL,999.0,0.0,10,562.6
CASE9_0033_LINE_1_4,CASE9,33,8,"5,8,6,7,2,3,4,9",0,1,4,0,2,CRITICAL,999.0,0.0,10,642.6
CASE9_0033_LINE_4_5,CASE9,33,8,"5,8,6,7,2,3,4,9",1,4,5,0,2,CRITICAL,999.0,0.0,10,642.6
CASE9_0033_LINE_5_6,CASE9,33,8,"5,8,6,7,2,3,4,9",2,5,6,1,2,CRITICAL,191.4,0.816,4,642.6
CASE9_0033_LINE_3_6,CASE9,33,8,"5,8,6,7,2,3,4,9",3,3,6,0,2,CRITICAL,999.0,0.0,10,642.6
CASE9_0033_LINE_6_7,CASE9,33,8,"5,8,6,7,2,3,4,9",4,6,7,1,2,CRITICAL,186.0,0.841,4,642.6
CASE9_0033_LINE_7_8,CASE9,33,8,"5,8,6,7,2,3,4,9",5,7,8,1,2,CRITICAL,192.9,0.803,7,642.6
CASE9_0033_LINE_8_2,CASE9,33,8,"5,8,6,7,2,3,4,9",6,8,2,0,2,CRITICAL,999.0,0.0,10,642.6
CASE9_0033_LINE_8_9,CASE9,33,8,"5,8,6,7,2,3,4,9",7,8,9,1,2,CRITICAL,195.7,0.821,5,642.6
CASE9_0033_LINE_9_4,CASE9,33,8,"5,8,6,7,2,3,4,9",8,9,4,0,2,CRITICAL,999.0,0.0,10,642.6
CASE9_0034_LINE_1_4,CASE9,34,7,"9,2,5,4,8,7,6",0,1,4,0,2,CRITICAL,999.0,0.0,10,499.5
CASE9_0034_LINE_4_5,CASE9,34,7,"9,2,5,4,8,7,6",1,4,5,0,2,CRITICAL,999.0,0.0,10,499.5
CASE9_0034_LINE_5_6,CASE9,34,7,"9,2,5,4,8,7,6",2,5,6,1,2,CRITICAL,113.5,0.853,2,499.5
CASE9_0034_LINE_3_6,CASE9,34,7,"9,2,5,4,8,7,6",3,3,6,0,2,CRITICAL,999.0,0.0,10,499.5
CASE9_0034_LINE_6_7,CASE9,34,7,"9,2,5,4,8,7,6",4,6,7,1,2,CRITICAL,106.6,0.937,1,499.5
CASE9_0034_LINE_7_8,CASE9,34,7,"9,2,5,4,8,7,6",5,7,8,1,2,CRITICAL,110.6,0.913,1,499.5
CASE9_0034_LINE_8_2,CASE9,34,7,"9,2,5,4,8,7,6",6,8,2,0,2,CRITICAL,999.0,0.0,10,499.5
CASE9_0034_LINE_8_9,CASE9,34,7,"9,2,5,4,8,7,6",7,8,9,1,2,CRITICAL,109.5,0.915,1,499.5
CASE9_0034_LINE_9_4,CASE9,34,7,"9,2,5,4,8,7,6",8,9,4,1,2,CRITICAL,114.7,0.861,2,499.5
CASE9_0035_LINE_1_4,CASE9,35,3,"5,7,6",0,1,4,0,2,CRITICAL,999.0,0.0,10,414.6
CASE9_0035_LINE_4_5,CASE9,35,3,"5,7,6",1,4,5,0,2,CRITICAL,999.0,0.0,10,414.6
CASE9_0035_LINE_5_6,CASE9,35,3,"5,7,6",2,5,6,1,2,CRITICAL,83.9,0.849,1,414.6
CASE9_0035_LINE_3_6,CASE9,35,3,"5,7,6",3,3,6,0,2,CRITICAL,999.0,0.0,10,414.6
CASE9_0035_LINE_6_7,CASE9,35,3,"5,7,6",4,6,7,1,1,ALERT,72.6,0.936,0,414.6
CASE9_0035_LINE_7_8,CASE9,35,3,"5,7,6",5,7,8,1,2,CRITICAL,88.0,0.895,1,414.6
CASE9_0035_LINE_8_2,CASE9,35,3,"5,7,6",6,8,2,0,2,CRITICAL,999.0,0.0,10,414.6
CASE9_0035_LINE_8_9,CASE9,35,3,"5,7,6",7,8,9,1,2,CRITICAL,81.8,0.884,1,414.6
CASE9_0035_LINE_9_4,CASE9,35,3,"5,7,6",8,9,4,1,2,CRITICAL,75.5,0.786,1,414.6
CASE9_0036_LINE_1_4,CASE9,36,5,"9,8,3,6,4",0,1,4,0,2,CRITICAL,999.0,0.0,10,652.7
CASE9_0036_LINE_4_5,CASE9,36,5,"9,8,3,6,4",1,4,5,0,2,CRITICAL,999.0,0.0,10,652.7
CASE9_0036_LINE_5_6,CASE9,36,5,"9,8,3,6,4",2,5,6,1,2,CRITICAL,209.8,0.769,5,652.7
CASE9_0036_LINE_3_6,CASE9,36,5,"9,8,3,6,4",3,3,6,0,2,CRITICAL,999.0,0.0,10,652.7
CASE9_0036_LINE_6_7,CASE9,36,5,"9,8,3,6,4",4,6,7,1,2,CRITICAL,190.7,0.81,4,652.7
CASE9_0036_LINE_7_8,CASE9,36,5,"9,8,3,6,4",5,7,8,1,2,CRITICAL,198.8,0.825,5,652.7
CASE9_0036_LINE_8_2,CASE9,36,5,"9,8,3,6,4",6,8,2,0,2,CRITICAL,999.0,0.0,10,652.7
CASE9_0036_LINE_8_9,CASE9,36,5,"9,8,3,6,4",7,8,9,0,2,CRITICAL,999.0,0.0,10,652.7
CASE9_0036_LINE_9_4,CASE9,36,5,"9,8,3,6,4",8,9,4,0,2,CRITICAL,999.0,0.0,10,652.7
CASE9_0037_LINE_1_4,CASE9,37,6,"7,6,9,8,4,3",0,1,4,0,2,CRITICAL,999.0,0.0,10,532.0
CASE9_0037_LINE_4_5,CASE9,37,6,"7,6,9,8,4,3",1,4,5,1,2,CRITICAL,139.5,0.837,5,532.0
CASE9_0037_LINE_5_6,CASE9,37,6,"7,6,9,8,4,3",2,5,6,1,2,CRITICAL,123.5,0.911,1,532.0
CASE9_0037_LINE_3_6,CASE9,37,6,"7,6,9,8,4,3",3,3,6,0,2,CRITICAL,999.0,0.0,10,532.0
CASE9_0037_LINE_6_7,CASE9,37,6,"7,6,9,8,4,3",4,6,7,1,2,CRITICAL,121.1,0.944,1,532.0
CASE9_0037_LINE_7_8,CASE9,37,6,"7,6,9,8,4,3",5,7,8,1,2,CRITICAL,129.9,0.906,1,532.0
CASE9_0037_LINE_8_2,CASE9,37,6,"7,6,9,8,4,3",6,8,2,0,2,CRITICAL,999.0,0.0,10,532.0
CASE9_0037_LINE_8_9,CASE9,37,6,"7,6,9,8,4,3",7,8,9,1,2,CRITICAL,122.9,0.918,1,532.0
CASE9_0037_LINE_9_4,CASE9,37,6,"7,6,9,8,4,3",8,9,4,1,2,CRITICAL,134.7,0.863,5,532.0
CASE9_0038_LINE_1_4,CASE9,38,4,"8,4,5,6",0,1,4,0,2,CRITICAL,999.0,0.0,10,456.2
CASE9_0038_LINE_4_5,CASE9,38,4,"8,4,5,6",1,4,5,1,2,CRITICAL,92.1,0.874,1,456.2
CASE9_0038_LINE_5_6,CASE9,38,4,"8,4,5,6",2,5,6,1,2,CRITICAL,94.6,0.899,1,456.2
CASE9_0038_LINE_3_6,CASE9,38,4,"8,4,5,6",3,3,6,0,2,CRITICAL,999.0,0.0,10,456.2
CASE9_0038_LINE_6_7,CASE9,38,4,"8,4,5,6",4,6,7,1,1,ALERT,89.7,0.931,0,456.2
CASE9_0038_LINE_7_8,CASE9,38,4,"8,4,5,6",5,7,8,1,1,ALERT,92.9,0.925,0,456.2
CASE9_0038_LINE_8_2,CASE9,38,4,"8,4,5,6",6,8,2,0,2,CRITICAL,999.0,0.0,10,456.2
CASE9_0038_LINE_8_9,CASE9,38,4,"8,4,5,6",7,8,9,1,2,CRITICAL,96.2,0.882,1,456.2
CASE9_0038_LINE_9_4,CASE9,38,4,"8,4,5,6",8,9,4,1,2,CRITICAL,93.6,0.762,1,456.2
CASE9_0039_LINE_1_4,CASE9,39,3,"8,9,5",0,1,4,0,2,CRITICAL,999.0,0.0,10,397.6
CASE9_0039_LINE_4_5,CASE9,39,3,"8,9,5",1,4,5,0,2,CRITICAL,999.0,0.0,10,397.6
CASE9_0039_LINE_5_6,CASE9,39,3,"8,9,5",2,5,6,1,2,CRITICAL,71.7,0.868,1,397.6
CASE9_0039_LINE_3_6,CASE9,39,3,"8,9,5",3,3,6,0,2,CRITICAL,999.0,0.0,10,397.6
CASE9_0039_LINE_6_7,CASE9,39,3,"8,9,5",4,6,7,1,1,ALERT,67.9,0.929,0,397.6
CASE9_0039_LINE_7_8,CASE9,39,3,"8,9,5",5,7,8,1,1,ALERT,70.3,0.928,0,397.6
CASE9_0039_LINE_8_2,CASE9,39,3,"8,9,5",6,8,2,0,2,CRITICAL,999.0,0.0,10,397.6
CASE9_0039_LINE_8_9,CASE9,39,3,"8,9,5",7,8,9,1,1,ALERT,66.0,0.939,0,397.6
CASE9_0039_LINE_9_4,CASE9,39,3,"8,9,5",8,9,4,1,2,CRITICAL,67.5,0.9,1,397.6
CASE9_0040_LINE_1_4,CASE9,40,4,"9,8,3,5",0,1,4,0,2,CRITICAL,999.0,0.0,10,582.5
CASE9_0040_LINE_4_5,CASE9,40,4,"9,8,3,5",1,4,5,0,2,CRITICAL,999.0,0.0,10,582.5
CASE9_0040_LINE_5_6,CASE9,40,4,"9,8,3,5",2,5,6,1,2,CRITICAL,162.5,0.828,3,582.5
CASE9_0040_LINE_3_6,CASE9,40,4,"9,8,3,5",3,3,6,0,2,CRITICAL,999.0,0.0,10,582.5
CASE9_0040_LINE_6_7,CASE9,40,4,"9,8,3,5",4,6,7,1,2,CRITICAL,153.4,0.839,3,582.5
CASE9_0040_LINE_7_8,CASE9,40,4,"9,8,3,5",5,7,8,1,2,CRITICAL,158.6,0.851,3,582.5
CASE9_0040_LINE_8_2,CASE9,40,4,"9,8,3,5",6,8,2,0,2,CRITICAL,999.0,0.0,10,582.5
CASE9_0040_LINE_8_9,CASE9,40,4,"9,8,3,5",7,8,9,0,2,CRITICAL,999.0,0.0,10,582.5
CASE9_0040_LINE_9_4,CASE9,40,4,"9,8,3,5",8,9,4,0,2,CRITICAL,999.0,0.0,10,582.5
CASE9_0056_LINE_1_4,CASE9,56,3,"8,6,4",0,1,4,0,2,CRITICAL,999.0,0.0,10,528.6
CASE9_0056_LINE_4_5,CASE9,56,3,"8,6,4",1,4,5,1,2,CRITICAL,129.2,0.86,2,528.6
CASE9_0056_LINE_5_6,CASE9,56,3,"8,6,4",2,5,6,1,2,CRITICAL,122.0,0.907,1,528.6
CASE9_0056_LINE_3_6,CASE9,56,3,"8,6,4",3,3,6,0,2,CRITICAL,999.0,0.0,10,528.6
CASE9_0056_LINE_6_7,CASE9,56,3,"8,6,4",4,6,7,1,2,CRITICAL,118.5,0.933,1,528.6
CASE9_0056_LINE_7_8,CASE9,56,3,"8,6,4",5,7,8,1,2,CRITICAL,130.1,0.886,2,528.6
CASE9_0056_LINE_8_2,CASE9,56,3,"8,6,4",6,8,2,0,2,CRITICAL,999.0,0.0,10,528.6
CASE9_0056_LINE_8_9,CASE9,56,3,"8,6,4",7,8,9,1,2,CRITICAL,123.3,0.885,2,528.6
CASE9_0056_LINE_9_4,CASE9,56,3,"8,6,4",8,9,4,1,2,CRITICAL,133.3,0.747,2,528.6
CASE9_0057_LINE_1_4,CASE9,57,6,"4,7,2,8,5,3",0,1,4,0,2,CRITICAL,999.0,0.0,10,729.3
CASE9_0057_LINE_4_5,CASE9,57,6,"4,7,2,8,5,3",1,4,5,0,2,CRITICAL,999.0,0.0,10,729.3
CASE9_0057_LINE_5_6,CASE9,57,6,"4,7,2,8,5,3",2,5,6,0,2,CRITICAL,999.0,0.0,10,729.3
CASE9_0057_LINE_3_6,CASE9,57,6,"4,7,2,8,5,3",3,3,6,0,2,CRITICAL,999.0,0.0,10,729.3
CASE9_0057_LINE_6_7,CASE9,57,6,"4,7,2,8,5,3",4,6,7,1,2,CRITICAL,256.7,0.727,7,729.3
CASE9_0057_LINE_7_8,CASE9,57,6,"4,7,2,8,5,3",5,7,8,0,2,CRITICAL,999.0,0.0,10,729.3
CASE9_0057_LINE_8_2,CASE9,57,6,"4,7,2,8,5,3",6,8,2,0,2,CRITICAL,999.0,0.0,10,729.3
CASE9_0057_LINE_8_9,CASE9,57,6,"4,7,2,8,5,3",7,8,9,0,2,CRITICAL,999.0,0.0,10,729.3
CASE9_0057_LINE_9_4,CASE9,57,6,"4,7,2,8,5,3",8,9,4,0,2,CRITICAL,999.0,0.0,10,729.3
CASE9_0058_LINE_1_4,CASE9,58,1,5,0,1,4,0,2,CRITICAL,999.0,0.0,10,320.9
CASE9_0058_LINE_4_5,CASE9,58,1,5,1,4,5,1,2,CRITICAL,67.4,0.894,1,320.9
CASE9_0058_LINE_5_6,CASE9,58,1,5,2,5,6,1,1,ALERT,65.5,0.913,0,320.9
CASE9_0058_LINE_3_6,CASE9,58,1,5,3,3,6,0,2,CRITICAL,999.0,0.0,10,320.9
CASE9_0058_LINE_6_7,CASE9,58,1,5,4,6,7,1,1,ALERT,65.9,0.946,0,320.9
CASE9_0058_LINE_7_8,CASE9,58,1,5,5,7,8,1,1,ALERT,70.2,0.932,0,320.9
CASE9_0058_LINE_8_2,CASE9,58,1,5,6,8,2,0,2,CRITICAL,999.0,0.0,10,320.9
CASE9_0058_LINE_8_9,CASE9,58,1,5,7,8,9,1,2,CRITICAL,91.1,0.89,1,320.9
CASE9_0058_LINE_9_4,CASE9,58,1,5,8,9,4,1,2,CRITICAL,69.3,0.794,1,320.9
CASE9_0059_LINE_1_4,CASE9,59,8,"6,4,8,3,9,2,7,5",0,1,4,0,2,CRITICAL,999.0,0.0,10,714.5
CASE9_0059_LINE_4_5,CASE9,59,8,"6,4,8,3,9,2,7,5",1,4,5,0,2,CRITICAL,999.0,0.0,10,714.5
CASE9_0059_LINE_5_6,CASE9,59,8,"6,4,8,3,9,2,7,5",2,5,6,0,2,CRITICAL,999.0,0.0,10,714.5
CASE9_0059_LINE_3_6,CASE9,59,8,"6,4,8,3,9,2,7,5",3,3,6,0,2,CRITICAL,999.0,0.0,10,714.5
CASE9_0059_LINE_6_7,CASE9,59,8,"6,4,8,3,9,2,7,5",4,6,7,1,2,CRITICAL,229.6,0.787,7,714.5
CASE9_0059_LINE_7_8,CASE9,59,8,"6,4,8,3,9,2,7,5",5,7,8,0,2,CRITICAL,999.0,0.0,10,714.5
CASE9_0059_LINE_8_2,CASE9,59,8,"6,4,8,3,9,2,7,5",6,8,2,0,2,CRITICAL,999.0,0.0,10,714.5
CASE9_0059_LINE_8_9,CASE9,59,8,"6,4,8,3,9,2,7,5",7,8,9,0,2,CRITICAL,999.0,0.0,10,714.5
CASE9_0059_LINE_9_4,CASE9,59,8,"6,4,8,3,9,2,7,5",8,9,4,0,2,CRITICAL,999.0,0.0,10,714.5
CASE9_0060_LINE_1_4,CASE9,60,4,"4,2,3,6",0,1,4,0,2,CRITICAL,999.0,0.0,10,545.1
CASE9_0060_LINE_4_5,CASE9,60,4,"4,2,3,6",1,4,5,1,2,CRITICAL,139.4,0.864,3,545.1
CASE9_0060_LINE_5_6,CASE9,60,4,"4,2,3,6",2,5,6,1,2,CRITICAL,128.8,0.908,1,545.1
CASE9_0060_LINE_3_6,CASE9,60,4,"4,2,3,6",3,3,6,0,2,CRITICAL,999.0,0.0,10,545.1
CASE9_0060_LINE_6_7,CASE9,60,4,"4,2,3,6",4,6,7,1,2,CRITICAL,125.0,0.942,1,545.1
CASE9_0060_LINE_7_8,CASE9,60,4,"4,2,3,6",5,7,8,1,2,CRITICAL,137.6,0.887,2,545.1
CASE9_0060_LINE_8_2,CASE9,60,4,"4,2,3,6",6,8,2,0,2,CRITICAL,999.0,0.0,10,545.1
CASE9_0060_LINE_8_9,CASE9,60,4,"4,2,3,6",7,8,9,1,2,CRITICAL,129.7,0.887,2,545.1
CASE9_0060_LINE_9_4,CASE9,60,4,"4,2,3,6",8,9,4,1,2,CRITICAL,145.8,0.758,5,545.1
CASE9_0071_LINE_1_4,CASE9,71,3,"2,4,7",0,1,4,0,2,CRITICAL,999.0,0.0,10,510.5
CASE9_0071_LINE_4_5,CASE9,71,3,"2,4,7",1,4,5,1,2,CRITICAL,115.5,0.89,2,510.5
CASE9_0071_LINE_5_6,CASE9,71,3,"2,4,7",2,5,6,1,2,CRITICAL,114.9,0.908,1,510.5
CASE9_0071_LINE_3_6,CASE9,71,3,"2,4,7",3,3,6,0,2,CRITICAL,999.0,0.0,10,510.5
CASE9_0071_LINE_6_7,CASE9,71,3,"2,4,7",4,6,7,1,2,CRITICAL,115.4,0.877,2,510.5
CASE9_0071_LINE_7_8,CASE9,71,3,"2,4,7",5,7,8,1,2,CRITICAL,123.3,0.832,3,510.5
CASE9_0071_LINE_8_2,CASE9,71,3,"2,4,7",6,8,2,0,2,CRITICAL,999.0,0.0,10,510.5
CASE9_0071_LINE_8_9,CASE9,71,3,"2,4,7",7,8,9,1,2,CRITICAL,116.4,0.885,2,510.5
CASE9_0071_LINE_9_4,CASE9,71,3,"2,4,7",8,9,4,1,2,CRITICAL,119.6,0.752,3,510.5
CASE9_0072_LINE_1_4,CASE9,72,5,"3,9,2,5,7",0,1,4,0,2,CRITICAL,999.0,0.0,10,555.8
CASE9_0072_LINE_4_5,CASE9,72,5,"3,9,2,5,7",1,4,5,0,2,CRITICAL,999.0,0.0,10,555.8
CASE9_0072_LINE_5_6,CASE9,72,5,"3,9,2,5,7",2,5,6,1,2,CRITICAL,144.4,0.824,3,555.8
CASE9_0072_LINE_3_6,CASE9,72,5,"3,9,2,5,7",3,3,6,0,2,CRITICAL,999.0,0.0,10,555.8
CASE9_0072_LINE_6_7,CASE9,72,5,"3,9,2,5,7",4,6,7,1,2,CRITICAL,136.8,0.858,2,555.8
CASE9_0072_LINE_7_8,CASE9,72,5,"3,9,2,5,7",5,7,8,0,2,CRITICAL,999.0,0.0,10,555.8
CASE9_0072_LINE_8_2,CASE9,72,5,"3,9,2,5,7",6,8,2,0,2,CRITICAL,999.0,0.0,10,555.8
CASE9_0072_LINE_8_9,CASE9,72,5,"3,9,2,5,7",7,8,9,1,2,CRITICAL,142.6,0.85,3,555.8
CASE9_0072_LINE_9_4,CASE9,72,5,"3,9,2,5,7",8,9,4,0,2,CRITICAL,999.0,0.0,10,555.8
CASE9_0073_LINE_1_4,CASE9,73,7,"2,6,9,4,5,8,3",0,1,4,0,2,CRITICAL,999.0,0.0,10,723.8
CASE9_0073_LINE_4_5,CASE9,73,7,"2,6,9,4,5,8,3",1,4,5,0,2,CRITICAL,999.0,0.0,10,723.8
CASE9_0073_LINE_5_6,CASE9,73,7,"2,6,9,4,5,8,3",2,5,6,0,2,CRITICAL,999.0,0.0,10,723.8
CASE9_0073_LINE_3_6,CASE9,73,7,"2,6,9,4,5,8,3",3,3,6,0,2,CRITICAL,999.0,0.0,10,723.8
CASE9_0073_LINE_6_7,CASE9,73,7,"2,6,9,4,5,8,3",4,6,7,1,2,CRITICAL,220.8,0.876,4,723.8
CASE9_0073_LINE_7_8,CASE9,73,7,"2,6,9,4,5,8,3",5,7,8,0,2,CRITICAL,999.0,0.0,10,723.8
CASE9_0073_LINE_8_2,CASE9,73,7,"2,6,9,4,5,8,3",6,8,2,0,2,CRITICAL,999.0,0.0,10,723.8
CASE9_0073_LINE_8_9,CASE9,73,7,"2,6,9,4,5,8,3",7,8,9,0,2,CRITICAL,999.0,0.0,10,723.8
CASE9_0073_LINE_9_4,CASE9,73,7,"2,6,9,4,5,8,3",8,9,4,0,2,CRITICAL,999.0,0.0,10,723.8
CASE9_0074_LINE_1_4,CASE9,74,7,"8,7,3,9,4,6,5",0,1,4,0,2,CRITICAL,999.0,0.0,10,471.4
CASE9_0074_LINE_4_5,CASE9,74,7,"8,7,3,9,4,6,5",1,4,5,1,2,CRITICAL,108.7,0.787,3,471.4
CASE9_0074_LINE_5_6,CASE9,74,7,"8,7,3,9,4,6,5",2,5,6,1,1,ALERT,95.1,0.911,0,471.4
CASE9_0074_LINE_3_6,CASE9,74,7,"8,7,3,9,4,6,5",3,3,6,0,2,CRITICAL,999.0,0.0,10,471.4
CASE9_0074_LINE_6_7,CASE9,74,7,"8,7,3,9,4,6,5",4,6,7,1,1,ALERT,92.7,0.96,0,471.4
CASE9_0074_LINE_7_8,CASE9,74,7,"8,7,3,9,4,6,5",5,7,8,1,2,CRITICAL,100.9,0.919,1,471.4
CASE9_0074_LINE_8_2,CASE9,74,7,"8,7,3,9,4,6,5",6,8,2,0,2,CRITICAL,999.0,0.0,10,471.4
CASE9_0074_LINE_8_9,CASE9,74,7,"8,7,3,9,4,6,5",7,8,9,1,1,ALERT,93.9,0.952,0,471.4
CASE9_0074_LINE_9_4,CASE9,74,7,"8,7,3,9,4,6,5",8,9,4,1,1,ALERT,98.6,0.92,0,471.4
CASE9_0075_LINE_1_4,CASE9,75,5,"5,9,3,6,8",0,1,4,0,2,CRITICAL,999.0,0.0,10,519.1
CASE9_0075_LINE_4_5,CASE9,75,5,"5,9,3,6,8",1,4,5,1,2,CRITICAL,149.1,0.811,7,519.1
CASE9_0075_LINE_5_6,CASE9,75,5,"5,9,3,6,8",2,5,6,1,2,CRITICAL,120.5,0.921,1,519.1
CASE9_0075_LINE_3_6,CASE9,75,5,"5,9,3,6,8",3,3,6,0,2,CRITICAL,999.0,0.0,10,519.1
CASE9_0075_LINE_6_7,CASE9,75,5,"5,9,3,6,8",4,6,7,1,2,CRITICAL,114.5,0.92,1,519.1
CASE9_0075_LINE_7_8,CASE9,75,5,"5,9,3,6,8",5,7,8,1,2,CRITICAL,132.4,0.865,5,519.1
CASE9_0075_LINE_8_2,CASE9,75,5,"5,9,3,6,8",6,8,2,0,2,CRITICAL,999.0,0.0,10,519.1
CASE9_0075_LINE_8_9,CASE9,75,5,"5,9,3,6,8",7,8,9,1,2,CRITICAL,118.6,0.917,1,519.1
CASE9_0075_LINE_9_4,CASE9,75,5,"5,9,3,6,8",8,9,4,0,2,CRITICAL,999.0,0.0,10,519.1
CASE9_0076_LINE_1_4,CASE9,76,7,"9,3,5,4,2,7,6",0,1,4,0,2,CRITICAL,999.0,0.0,10,727.2
CASE9_0076_LINE_4_5,CASE9,76,7,"9,3,5,4,2,7,6",1,4,5,0,2,CRITICAL,999.0,0.0,10,727.2
CASE9_0076_LINE_5_6,CASE9,76,7,"9,3,5,4,2,7,6",2,5,6,0,2,CRITICAL,999.0,0.0,10,727.2
CASE9_0076_LINE_3_6,CASE9,76,7,"9,3,5,4,2,7,6",3,3,6,0,2,CRITICAL,999.0,0.0,10,727.2
CASE9_0076_LINE_6_7,CASE9,76,7,"9,3,5,4,2,7,6",4,6,7,1,2,CRITICAL,252.5,0.759,5,727.2
CASE9_0076_LINE_7_8,CASE9,76,7,"9,3,5,4,2,7,6",5,7,8,0,2,CRITICAL,999.0,0.0,10,727.2
CASE9_0076_LINE_8_2,CASE9,76,7,"9,3,5,4,2,7,6",6,8,2,0,2,CRITICAL,999.0,0.0,10,727.2
CASE9_0076_LINE_8_9,CASE9,76,7,"9,3,5,4,2,7,6",7,8,9,0,2,CRITICAL,999.0,0.0,10,727.2
CASE9_0076_LINE_9_4,CASE9,76,7,"9,3,5,4,2,7,6",8,9,4,0,2,CRITICAL,999.0,0.0,10,727.2
CASE9_0077_LINE_1_4,CASE9,77,8,"8,7,3,2,9,6,4,5",0,1,4,0,2,CRITICAL,999.0,0.0,10,718.8
CASE9_0077_LINE_4_5,CASE9,77,8,"8,7,3,2,9,6,4,5",1,4,5,0,2,CRITICAL,999.0,0.0,10,718.8
CASE9_0077_LINE_5_6,CASE9,77,8,"8,7,3,2,9,6,4,5",2,5,6,0,2,CRITICAL,999.0,0.0,10,718.8
CASE9_0077_LINE_3_6,CASE9,77,8,"8,7,3,2,9,6,4,5",3,3,6,0,2,CRITICAL,999.0,0.0,10,718.8
CASE9_0077_LINE_6_7,CASE9,77,8,"8,7,3,2,9,6,4,5",4,6,7,1,2,CRITICAL,232.3,0.819,5,718.8
CASE9_0077_LINE_7_8,CASE9,77,8,"8,7,3,2,9,6,4,5",5,7,8,0,2,CRITICAL,999.0,0.0,10,718.8
CASE9_0077_LINE_8_2,CASE9,77,8,"8,7,3,2,9,6,4,5",6,8,2,0,2,CRITICAL,999.0,0.0,10,718.8
CASE9_0077_LINE_8_9,CASE9,77,8,"8,7,3,2,9,6,4,5",7,8,9,0,2,CRITICAL,999.0,0.0,10,718.8
CASE9_0077_LINE_9_4,CASE9,77,8,"8,7,3,2,9,6,4,5",8,9,4,0,2,CRITICAL,999.0,0.0,10,718.8
CASE9_0078_LINE_1_4,CASE9,78,8,"4,5,7,6,3,8,2,9",0,1,4,0,2,CRITICAL,999.0,0.0,10,745.3
CASE9_0078_LINE_4_5,CASE9,78,8,"4,5,7,6,3,8,2,9",1,4,5,0,2,CRITICAL,999.0,0.0,10,745.3
CASE9_0078_LINE_5_6,CASE9,78,8,"4,5,7,6,3,8,2,9",2,5,6,0,2,CRITICAL,999.0,0.0,10,745.3
CASE9_0078_LINE_3_6,CASE9,78,8,"4,5,7,6,3,8,2,9",3,3,6,0,2,CRITICAL,999.0,0.0,10,745.3
CASE9_0078_LINE_6_7,CASE9,78,8,"4,5,7,6,3,8,2,9",4,6,7,0,2,CRITICAL,999.0,0.0,10,745.3
CASE9_0078_LINE_7_8,CASE9,78,8,"4,5,7,6,3,8,2,9",5,7,8,0,2,CRITICAL,999.0,0.0,10,745.3
CASE9_0078_LINE_8_2,CASE9,78,8,"4,5,7,6,3,8,2,9",6,8,2,0,2,CRITICAL,999.0,0.0,10,745.3
CASE9_0078_LINE_8_9,CASE9,78,8,"4,5,7,6,3,8,2,9",7,8,9,0,2,CRITICAL,999.0,0.0,10,745.3
CASE9_0078_LINE_9_4,CASE9,78,8,"4,5,7,6,3,8,2,9",8,9,4,0,2,CRITICAL,999.0,0.0,10,745.3
CASE9_0079_LINE_1_4,CASE9,79,2,"8,6",0,1,4,0,2,CRITICAL,999.0,0.0,10,416.7
CASE9_0079_LINE_4_5,CASE9,79,2,"8,6",1,4,5,1,2,CRITICAL,74.4,0.888,1,416.7
CASE9_0079_LINE_5_6,CASE9,79,2,"8,6",2,5,6,1,1,ALERT,73.1,0.927,0,416.7
CASE9_0079_LINE_3_6,CASE9,79,2,"8,6",3,3,6,0,2,CRITICAL,999.0,0.0,10,416.7
CASE9_0079_LINE_6_7,CASE9,79,2,"8,6",4,6,7,1,1,ALERT,71.1,0.926,0,416.7
CASE9_0079_LINE_7_8,CASE9,79,2,"8,6",5,7,8,1,1,ALERT,74.0,0.923,0,416.7
CASE9_0079_LINE_8_2,CASE9,79,2,"8,6",6,8,2,0,2,CRITICAL,999.0,0.0,10,416.7
CASE9_0079_LINE_8_9,CASE9,79,2,"8,6",7,8,9,1,1,ALERT,74.1,0.906,0,416.7
CASE9_0079_LINE_9_4,CASE9,79,2,"8,6",8,9,4,1,2,CRITICAL,95.9,0.742,1,416.7
CASE9_0080_LINE_1_4,CASE9,80,1,9,0,1,4,0,2,CRITICAL,999.0,0.0,10,312.0
CASE9_0080_LINE_4_5,CASE9,80,1,9,1,4,5,1,1,ALERT,65.2,0.908,0,312.0
CASE9_0080_LINE_5_6,CASE9,80,1,9,2,5,6,1,1,ALERT,65.4,0.92,0,312.0
CASE9_0080_LINE_3_6,CASE9,80,1,9,3,3,6,0,2,CRITICAL,999.0,0.0,10,312.0
CASE9_0080_LINE_6_7,CASE9,80,1,9,4,6,7,1,1,ALERT,65.8,0.947,0,312.0
CASE9_0080_LINE_7_8,CASE9,80,1,9,5,7,8,1,1,ALERT,70.2,0.935,0,312.0
CASE9_0080_LINE_8_2,CASE9,80,1,9,6,8,2,0,2,CRITICAL,999.0,0.0,10,312.0
CASE9_0080_LINE_8_9,CASE9,80,1,9,7,8,9,1,2,CRITICAL,91.1,0.894,1,312.0
CASE9_0080_LINE_9_4,CASE9,80,1,9,8,9,4,1,2,CRITICAL,68.7,0.805,1,312.0
CASE9_0081_LINE_1_4,CASE9,81,8,"4,6,7,5,3,8,2,9",0,1,4,0,2,CRITICAL,999.0,0.0,10,687.2
CASE9_0081_LINE_4_5,CASE9,81,8,"4,6,7,5,3,8,2,9",1,4,5,0,2,CRITICAL,999.0,0.0,10,687.2
CASE9_0081_LINE_5_6,CASE9,81,8,"4,6,7,5,3,8,2,9",2,5,6,0,2,CRITICAL,999.0,0.0,10,687.2
CASE9_0081_LINE_3_6,CASE9,81,8,"4,6,7,5,3,8,2,9",3,3,6,0,2,CRITICAL,999.0,0.0,10,687.2
CASE9_0081_LINE_6_7,CASE9,81,8,"4,6,7,5,3,8,2,9",4,6,7,1,2,CRITICAL,221.9,0.759,6,687.2
CASE9_0081_LINE_7_8,CASE9,81,8,"4,6,7,5,3,8,2,9",5,7,8,1,2,CRITICAL,218.6,0.776,8,687.2
CASE9_0081_LINE_8_2,CASE9,81,8,"4,6,7,5,3,8,2,9",6,8,2,0,2,CRITICAL,999.0,0.0,10,687.2
CASE9_0081_LINE_8_9,CASE9,81,8,"4,6,7,5,3,8,2,9",7,8,9,1,2,CRITICAL,223.3,0.746,5,687.2
CASE9_0081_LINE_9_4,CASE9,81,8,"4,6,7,5,3,8,2,9",8,9,4,0,2,CRITICAL,999.0,0.0,10,687.2
CASE9_0082_LINE_1_4,CASE9,82,7,"7,8,5,9,2,6,4",0,1,4,0,2,CRITICAL,999.0,0.0,10,523.5
CASE9_0082_LINE_4_5,CASE9,82,7,"7,8,5,9,2,6,4",1,4,5,1,2,CRITICAL,122.4,0.927,1,523.5
CASE9_0082_LINE_5_6,CASE9,82,7,"7,8,5,9,2,6,4",2,5,6,1,2,CRITICAL,117.1,0.944,1,523.5
CASE9_0082_LINE_3_6,CASE9,82,7,"7,8,5,9,2,6,4",3,3,6,0,2,CRITICAL,999.0,0.0,10,523.5
CASE9_0082_LINE_6_7,CASE9,82,7,"7,8,5,9,2,6,4",4,6,7,1,2,CRITICAL,114.6,0.953,1,523.5
CASE9_0082_LINE_7_8,CASE9,82,7,"7,8,5,9,2,6,4",5,7,8,1,2,CRITICAL,115.9,0.948,1,523.5
CASE9_0082_LINE_8_2,CASE9,82,7,"7,8,5,9,2,6,4",6,8,2,0,2,CRITICAL,999.0,0.0,10,523.5
CASE9_0082_LINE_8_9,CASE9,82,7,"7,8,5,9,2,6,4",7,8,9,1,2,CRITICAL,117.2,0.924,1,523.5
CASE9_0082_LINE_9_4,CASE9,82,7,"7,8,5,9,2,6,4",8,9,4,1,2,CRITICAL,128.9,0.842,3,523.5
CASE9_0083_LINE_1_4,CASE9,83,4,"3,4,9,8",0,1,4,0,2,CRITICAL,999.0,0.0,10,560.8
CASE9_0083_LINE_4_5,CASE9,83,4,"3,4,9,8",1,4,5,1,2,CRITICAL,164.5,0.803,6,560.8
CASE9_0083_LINE_5_6,CASE9,83,4,"3,4,9,8",2,5,6,1,2,CRITICAL,140.9,0.89,3,560.8
CASE9_0083_LINE_3_6,CASE9,83,4,"3,4,9,8",3,3,6,0,2,CRITICAL,999.0,0.0,10,560.8
CASE9_0083_LINE_6_7,CASE9,83,4,"3,4,9,8",4,6,7,1,2,CRITICAL,135.1,0.903,1,560.8
CASE9_0083_LINE_7_8,CASE9,83,4,"3,4,9,8",5,7,8,1,2,CRITICAL,143.4,0.902,1,560.8
CASE9_0083_LINE_8_2,CASE9,83,4,"3,4,9,8",6,8,2,0,2,CRITICAL,999.0,0.0,10,560.8
CASE9_0083_LINE_8_9,CASE9,83,4,"3,4,9,8",7,8,9,1,2,CRITICAL,142.5,0.835,2,560.8
CASE9_0083_LINE_9_4,CASE9,83,4,"3,4,9,8",8,9,4,0,2,CRITICAL,999.0,0.0,10,560.8
CASE9_0084_LINE_1_4,CASE9,84,8,"4,3,6,5,8,7,9,2",0,1,4,0,2,CRITICAL,999.0,0.0,10,629.8
CASE9_0084_LINE_4_5,CASE9,84,8,"4,3,6,5,8,7,9,2",1,4,5,0,2,CRITICAL,999.0,0.0,10,629.8
CASE9_0084_LINE_5_6,CASE9,84,8,"4,3,6,5,8,7,9,2",2,5,6,1,2,CRITICAL,179.2,0.835,3,629.8
CASE9_0084_LINE_3_6,CASE9,84,8,"4,3,6,5,8,7,9,2",3,3,6,0,2,CRITICAL,999.0,0.0,10,629.8
CASE9_0084_LINE_6_7,CASE9,84,8,"4,3,6,5,8,7,9,2",4,6,7,1,2,CRITICAL,174.0,0.832,3,629.8
CASE9_0084_LINE_7_8,CASE9,84,8,"4,3,6,5,8,7,9,2",5,7,8,0,2,CRITICAL,999.0,0.0,10,629.8
CASE9_0084_LINE_8_2,CASE9,84,8,"4,3,6,5,8,7,9,2",6,8,2,0,2,CRITICAL,999.0,0.0,10,629.8
CASE9_0084_LINE_8_9,CASE9,84,8,"4,3,6,5,8,7,9,2",7,8,9,1,2,CRITICAL,181.4,0.865,3,629.8
CASE9_0084_LINE_9_4,CASE9,84,8,"4,3,6,5,8,7,9,2",8,9,4,0,2,CRITICAL,999.0,0.0,10,629.8
CASE9_0085_LINE_1_4,CASE9,85,2,"5,6",0,1,4,0,2,CRITICAL,999.0,0.0,10,355.8
CASE9_0085_LINE_4_5,CASE9,85,2,"5,6",1,4,5,1,2,CRITICAL,66.0,0.883,1,355.8
CASE9_0085_LINE_5_6,CASE9,85,2,"5,6",2,5,6,1,1,ALERT,65.3,0.921,0,355.8
CASE9_0085_LINE_3_6,CASE9,85,2,"5,6",3,3,6,0,2,CRITICAL,999.0,0.0,10,355.8
CASE9_0085_LINE_6_7,CASE9,85,2,"5,6",4,6,7,1,1,ALERT,65.8,0.947,0,355.8
CASE9_0085_LINE_7_8,CASE9,85,2,"5,6",5,7,8,1,1,ALERT,70.4,0.918,0,355.8
CASE9_0085_LINE_8_2,CASE9,85,2,"5,6",6,8,2,0,2,CRITICAL,999.0,0.0,10,355.8
CASE9_0085_LINE_8_9,CASE9,85,2,"5,6",7,8,9,1,2,CRITICAL,69.1,0.897,1,355.8
CASE9_0085_LINE_9_4,CASE9,85,2,"5,6",8,9,4,1,2,CRITICAL,70.0,0.789,1,355.8
CASE9_0091_LINE_1_4,CASE9,91,1,5,0,1,4,0,2,CRITICAL,999.0,0.0,10,343.4
CASE9_0091_LINE_4_5,CASE9,91,1,5,1,4,5,1,2,CRITICAL,83.2,0.83,1,343.4
CASE9_0091_LINE_5_6,CASE9,91,1,5,2,5,6,1,2,CRITICAL,65.6,0.888,1,343.4
CASE9_0091_LINE_3_6,CASE9,91,1,5,3,3,6,0,2,CRITICAL,999.0,0.0,10,343.4
CASE9_0091_LINE_6_7,CASE9,91,1,5,4,6,7,1,1,ALERT,65.9,0.946,0,343.4
CASE9_0091_LINE_7_8,CASE9,91,1,5,5,7,8,1,1,ALERT,70.2,0.928,0,343.4
CASE9_0091_LINE_8_2,CASE9,91,1,5,6,8,2,0,2,CRITICAL,999.0,0.0,10,343.4
CASE9_0091_LINE_8_9,CASE9,91,1,5,7,8,9,1,2,CRITICAL,91.0,0.887,1,343.4
CASE9_0091_LINE_9_4,CASE9,91,1,5,8,9,4,1,2,CRITICAL,69.5,0.792,1,343.4
CASE9_0092_LINE_1_4,CASE9,92,3,"5,6,2",0,1,4,0,2,CRITICAL,999.0,0.0,10,472.6
CASE9_0092_LINE_4_5,CASE9,92,3,"5,6,2",1,4,5,0,2,CRITICAL,999.0,0.0,10,472.6
CASE9_0092_LINE_5_6,CASE9,92,3,"5,6,2",2,5,6,1,2,CRITICAL,107.6,0.827,2,472.6
CASE9_0092_LINE_3_6,CASE9,92,3,"5,6,2",3,3,6,0,2,CRITICAL,999.0,0.0,10,472.6
CASE9_0092_LINE_6_7,CASE9,92,3,"5,6,2",4,6,7,1,1,ALERT,96.8,0.925,0,472.6
CASE9_0092_LINE_7_8,CASE9,92,3,"5,6,2",5,7,8,1,2,CRITICAL,108.8,0.876,3,472.6
CASE9_0092_LINE_8_2,CASE9,92,3,"5,6,2",6,8,2,0,2,CRITICAL,999.0,0.0,10,472.6
CASE9_0092_LINE_8_9,CASE9,92,3,"5,6,2",7,8,9,1,2,CRITICAL,103.3,0.882,2,472.6
CASE9_0092_LINE_9_4,CASE9,92,3,"5,6,2",8,9,4,1,2,CRITICAL,106.9,0.773,4,472.6
CASE9_0093_LINE_1_4,CASE9,93,2,"5,3",0,1,4,0,2,CRITICAL,999.0,0.0,10,449.8
CASE9_0093_LINE_4_5,CASE9,93,2,"5,3",1,4,5,0,2,CRITICAL,999.0,0.0,10,449.8
CASE9_0093_LINE_5_6,CASE9,93,2,"5,3",2,5,6,1,2,CRITICAL,95.8,0.848,1,449.8
CASE9_0093_LINE_3_6,CASE9,93,2,"5,3",3,3,6,0,2,CRITICAL,999.0,0.0,10,449.8
CASE9_0093_LINE_6_7,CASE9,93,2,"5,3",4,6,7,1,1,ALERT,87.1,0.936,0,449.8
CASE9_0093_LINE_7_8,CASE9,93,2,"5,3",5,7,8,1,2,CRITICAL,106.3,0.869,4,449.8
CASE9_0093_LINE_8_2,CASE9,93,2,"5,3",6,8,2,0,2,CRITICAL,999.0,0.0,10,449.8
CASE9_0093_LINE_8_9,CASE9,93,2,"5,3",7,8,9,1,2,CRITICAL,93.4,0.888,1,449.8
CASE9_0093_LINE_9_4,CASE9,93,2,"5,3",8,9,4,1,2,CRITICAL,92.9,0.783,1,449.8
CASE9_0094_LINE_1_4,CASE9,94,7,"3,8,4,7,6,9,5",0,1,4,0,2,CRITICAL,999.0,0.0,10,678.9
CASE9_0094_LINE_4_5,CASE9,94,7,"3,8,4,7,6,9,5",1,4,5,0,2,CRITICAL,999.0,0.0,10,678.9
CASE9_0094_LINE_5_6,CASE9,94,7,"3,8,4,7,6,9,5",2,5,6,1,2,CRITICAL,219.1,0.775,4,678.9
CASE9_0094_LINE_3_6,CASE9,94,7,"3,8,4,7,6,9,5",3,3,6,0,2,CRITICAL,999.0,0.0,10,678.9
CASE9_0094_LINE_6_7,CASE9,94,7,"3,8,4,7,6,9,5",4,6,7,1,2,CRITICAL,199.5,0.856,3,678.9
CASE9_0094_LINE_7_8,CASE9,94,7,"3,8,4,7,6,9,5",5,7,8,1,2,CRITICAL,211.7,0.836,5,678.9
CASE9_0094_LINE_8_2,CASE9,94,7,"3,8,4,7,6,9,5",6,8,2,0,2,CRITICAL,999.0,0.0,10,678.9
CASE9_0094_LINE_8_9,CASE9,94,7,"3,8,4,7,6,9,5",7,8,9,1,2,CRITICAL,232.1,0.67,4,678.9
CASE9_0094_LINE_9_4,CASE9,94,7,"3,8,4,7,6,9,5",8,9,4,0,2,CRITICAL,999.0,0.0,10,678.9
CASE9_0095_LINE_1_4,CASE9,95,2,"7,4",0,1,4,0,2,CRITICAL,999.0,0.0,10,355.4
CASE9_0095_LINE_4_5,CASE9,95,2,"7,4",1,4,5,1,1,ALERT,65.2,0.908,0,355.4
CASE9_0095_LINE_5_6,CASE9,95,2,"7,4",2,5,6,1,1,ALERT,65.5,0.91,0,355.4
CASE9_0095_LINE_3_6,CASE9,95,2,"7,4",3,3,6,0,2,CRITICAL,999.0,0.0,10,355.4
CASE9_0095_LINE_6_7,CASE9,95,2,"7,4",4,6,7,1,1,ALERT,65.8,0.947,0,355.4
CASE9_0095_LINE_7_8,CASE9,95,2,"7,4",5,7,8,1,1,ALERT,65.8,0.929,0,355.4
CASE9_0095_LINE_8_2,CASE9,95,2,"7,4",6,8,2,0,2,CRITICAL,999.0,0.0,10,355.4
CASE9_0095_LINE_8_9,CASE9,95,2,"7,4",7,8,9,1,2,CRITICAL,94.3,0.881,1,355.4
CASE9_0095_LINE_9_4,CASE9,95,2,"7,4",8,9,4,1,2,CRITICAL,69.1,0.796,1,355.4
CASE9_0086_LINE_1_4,CASE9,86,8,"5,7,2,6,4,3,8,9",0,1,4,0,2,CRITICAL,999.0,0.0,10,734.2
CASE9_0086_LINE_4_5,CASE9,86,8,"5,7,2,6,4,3,8,9",1,4,5,0,2,CRITICAL,999.0,0.0,10,734.2
CASE9_0086_LINE_5_6,CASE9,86,8,"5,7,2,6,4,3,8,9",2,5,6,1,2,CRITICAL,273.6,0.696,5,734.2
CASE9_0086_LINE_3_6,CASE9,86,8,"5,7,2,6,4,3,8,9",3,3,6,0,2,CRITICAL,999.0,0.0,10,734.2
CASE9_0086_LINE_6_7,CASE9,86,8,"5,7,2,6,4,3,8,9",4,6,7,1,2,CRITICAL,233.2,0.841,4,734.2
CASE9_0086_LINE_7_8,CASE9,86,8,"5,7,2,6,4,3,8,9",5,7,8,0,2,CRITICAL,999.0,0.0,10,734.2
CASE9_0086_LINE_8_2,CASE9,86,8,"5,7,2,6,4,3,8,9",6,8,2,0,2,CRITICAL,999.0,0.0,10,734.2
CASE9_0086_LINE_8_9,CASE9,86,8,"5,7,2,6,4,3,8,9",7,8,9,0,2,CRITICAL,999.0,0.0,10,734.2
CASE9_0086_LINE_9_4,CASE9,86,8,"5,7,2,6,4,3,8,9",8,9,4,0,2,CRITICAL,999.0,0.0,10,734.2
CASE9_0087_LINE_1_4,CASE9,87,6,"6,5,3,2,8,7",0,1,4,0,2,CRITICAL,999.0,0.0,10,685.7
CASE9_0087_LINE_4_5,CASE9,87,6,"6,5,3,2,8,7",1,4,5,0,2,CRITICAL,999.0,0.0,10,685.7
CASE9_0087_LINE_5_6,CASE9,87,6,"6,5,3,2,8,7",2,5,6,0,2,CRITICAL,999.0,0.0,10,685.7
CASE9_0087_LINE_3_6,CASE9,87,6,"6,5,3,2,8,7",3,3,6,0,2,CRITICAL,999.0,0.0,10,685.7
CASE9_0087_LINE_6_7,CASE9,87,6,"6,5,3,2,8,7",4,6,7,1,2,CRITICAL,236.3,0.735,7,685.7
CASE9_0087_LINE_7_8,CASE9,87,6,"6,5,3,2,8,7",5,7,8,0,2,CRITICAL,999.0,0.0,10,685.7
CASE9_0087_LINE_8_2,CASE9,87,6,"6,5,3,2,8,7",6,8,2,0,2,CRITICAL,999.0,0.0,10,685.7
CASE9_0087_LINE_8_9,CASE9,87,6,"6,5,3,2,8,7",7,8,9,0,2,CRITICAL,999.0,0.0,10,685.7
CASE9_0087_LINE_9_4,CASE9,87,6,"6,5,3,2,8,7",8,9,4,0,2,CRITICAL,999.0,0.0,10,685.7
CASE9_0088_LINE_1_4,CASE9,88,1,9,0,1,4,0,2,CRITICAL,999.0,0.0,10,280.1
CASE9_0088_LINE_4_5,CASE9,88,1,9,1,4,5,1,1,ALERT,65.2,0.909,0,280.1
CASE9_0088_LINE_5_6,CASE9,88,1,9,2,5,6,1,1,ALERT,65.3,0.924,0,280.1
CASE9_0088_LINE_3_6,CASE9,88,1,9,3,3,6,0,2,CRITICAL,999.0,0.0,10,280.1
CASE9_0088_LINE_6_7,CASE9,88,1,9,4,6,7,1,0,SAFE,65.5,0.952,0,280.1
CASE9_0088_LINE_7_8,CASE9,88,1,9,5,7,8,1,1,ALERT,70.2,0.937,0,280.1
CASE9_0088_LINE_8_2,CASE9,88,1,9,6,8,2,0,2,CRITICAL,999.0,0.0,10,280.1
CASE9_0088_LINE_8_9,CASE9,88,1,9,7,8,9,1,1,ALERT,91.3,0.927,0,280.1
CASE9_0088_LINE_9_4,CASE9,88,1,9,8,9,4,1,2,CRITICAL,65.7,0.894,1,280.1
CASE9_0089_LINE_1_4,CASE9,89,8,"9,4,8,7,2,6,3,5",0,1,4,0,2,CRITICAL,999.0,0.0,10,726.6
CASE9_0089_LINE_4_5,CASE9,89,8,"9,4,8,7,2,6,3,5",1,4,5,0,2,CRITICAL,999.0,0.0,10,726.6
CASE9_0089_LINE_5_6,CASE9,89,8,"9,4,8,7,2,6,3,5",2,5,6,0,2,CRITICAL,999.0,0.0,10,726.6
CASE9_0089_LINE_3_6,CASE9,89,8,"9,4,8,7,2,6,3,5",3,3,6,0,2,CRITICAL,999.0,0.0,10,726.6
CASE9_0089_LINE_6_7,CASE9,89,8,"9,4,8,7,2,6,3,5",4,6,7,1,2,CRITICAL,233.1,0.841,5,726.6
CASE9_0089_LINE_7_8,CASE9,89,8,"9,4,8,7,2,6,3,5",5,7,8,0,2,CRITICAL,999.0,0.0,10,726.6
CASE9_0089_LINE_8_2,CASE9,89,8,"9,4,8,7,2,6,3,5",6,8,2,0,2,CRITICAL,999.0,0.0,10,726.6
CASE9_0089_LINE_8_9,CASE9,89,8,"9,4,8,7,2,6,3,5",7,8,9,0,2,CRITICAL,999.0,0.0,10,726.6
CASE9_0089_LINE_9_4,CASE9,89,8,"9,4,8,7,2,6,3,5",8,9,4,0,2,CRITICAL,999.0,0.0,10,726.6
CASE9_0090_LINE_1_4,CASE9,90,8,"4,6,5,7,2,3,8,9",0,1,4,0,2,CRITICAL,999.0,0.0,10,733.2
CASE9_0090_LINE_4_5,CASE9,90,8,"4,6,5,7,2,3,8,9",1,4,5,0,2,CRITICAL,999.0,0.0,10,733.2
CASE9_0090_LINE_5_6,CASE9,90,8,"4,6,5,7,2,3,8,9",2,5,6,0,2,CRITICAL,999.0,0.0,10,733.2
CASE9_0090_LINE_3_6,CASE9,90,8,"4,6,5,7,2,3,8,9",3,3,6,0,2,CRITICAL,999.0,0.0,10,733.2
CASE9_0090_LINE_6_7,CASE9,90,8,"4,6,5,7,2,3,8,9",4,6,7,1,2,CRITICAL,241.3,0.799,4,733.2
CASE9_0090_LINE_7_8,CASE9,90,8,"4,6,5,7,2,3,8,9",5,7,8,0,2,CRITICAL,999.0,0.0,10,733.2
CASE9_0090_LINE_8_2,CASE9,90,8,"4,6,5,7,2,3,8,9",6,8,2,0,2,CRITICAL,999.0,0.0,10,733.2
CASE9_0090_LINE_8_9,CASE9,90,8,"4,6,5,7,2,3,8,9",7,8,9,0,2,CRITICAL,999.0,0.0,10,733.2
CASE9_0090_LINE_9_4,CASE9,90,8,"4,6,5,7,2,3,8,9",8,9,4,0,2,CRITICAL,999.0,0.0,10,733.2
CASE9_0096_LINE_1_4,CASE9,96,5,"3,5,4,9,6",0,1,4,0,2,CRITICAL,999.0,0.0,10,596.9
CASE9_0096_LINE_4_5,CASE9,96,5,"3,5,4,9,6",1,4,5,0,2,CRITICAL,999.0,0.0,10,596.9
CASE9_0096_LINE_5_6,CASE9,96,5,"3,5,4,9,6",2,5,6,1,2,CRITICAL,166.1,0.845,3,596.9
CASE9_0096_LINE_3_6,CASE9,96,5,"3,5,4,9,6",3,3,6,0,2,CRITICAL,999.0,0.0,10,596.9
CASE9_0096_LINE_6_7,CASE9,96,5,"3,5,4,9,6",4,6,7,1,2,CRITICAL,157.8,0.876,2,596.9
CASE9_0096_LINE_7_8,CASE9,96,5,"3,5,4,9,6",5,7,8,0,2,CRITICAL,999.0,0.0,10,596.9
CASE9_0096_LINE_8_2,CASE9,96,5,"3,5,4,9,6",6,8,2,0,2,CRITICAL,999.0,0.0,10,596.9
CASE9_0096_LINE_8_9,CASE9,96,5,"3,5,4,9,6",7,8,9,1,2,CRITICAL,176.1,0.732,4,596.9
CASE9_0096_LINE_9_4,CASE9,96,5,"3,5,4,9,6",8,9,4,0,2,CRITICAL,999.0,0.0,10,596.9
CASE9_0097_LINE_1_4,CASE9,97,7,"8,5,9,2,6,7,4",0,1,4,0,2,CRITICAL,999.0,0.0,10,583.1
CASE9_0097_LINE_4_5,CASE9,97,7,"8,5,9,2,6,7,4",1,4,5,0,2,CRITICAL,999.0,0.0,10,583.1
CASE9_0097_LINE_5_6,CASE9,97,7,"8,5,9,2,6,7,4",2,5,6,1,2,CRITICAL,153.1,0.829,2,583.1
CASE9_0097_LINE_3_6,CASE9,97,7,"8,5,9,2,6,7,4",3,3,6,0,2,CRITICAL,999.0,0.0,10,583.1
CASE9_0097_LINE_6_7,CASE9,97,7,"8,5,9,2,6,7,4",4,6,7,1,2,CRITICAL,144.7,0.911,1,583.1
CASE9_0097_LINE_7_8,CASE9,97,7,"8,5,9,2,6,7,4",5,7,8,1,2,CRITICAL,178.1,0.781,7,583.1
CASE9_0097_LINE_8_2,CASE9,97,7,"8,5,9,2,6,7,4",6,8,2,0,2,CRITICAL,999.0,0.0,10,583.1
CASE9_0097_LINE_8_9,CASE9,97,7,"8,5,9,2,6,7,4",7,8,9,1,2,CRITICAL,149.8,0.891,3,583.1
CASE9_0097_LINE_9_4,CASE9,97,7,"8,5,9,2,6,7,4",8,9,4,1,2,CRITICAL,165.0,0.838,4,583.1
CASE9_0098_LINE_1_4,CASE9,98,8,"3,4,2,7,8,9,6,5",0,1,4,0,2,CRITICAL,999.0,0.0,10,720.9
CASE9_0098_LINE_4_5,CASE9,98,8,"3,4,2,7,8,9,6,5",1,4,5,0,2,CRITICAL,999.0,0.0,10,720.9
CASE9_0098_LINE_5_6,CASE9,98,8,"3,4,2,7,8,9,6,5",2,5,6,0,2,CRITICAL,999.0,0.0,10,720.9
CASE9_0098_LINE_3_6,CASE9,98,8,"3,4,2,7,8,9,6,5",3,3,6,0,2,CRITICAL,999.0,0.0,10,720.9
CASE9_0098_LINE_6_7,CASE9,98,8,"3,4,2,7,8,9,6,5",4,6,7,1,2,CRITICAL,222.7,0.86,4,720.9
CASE9_0098_LINE_7_8,CASE9,98,8,"3,4,2,7,8,9,6,5",5,7,8,0,2,CRITICAL,999.0,0.0,10,720.9
CASE9_0098_LINE_8_2,CASE9,98,8,"3,4,2,7,8,9,6,5",6,8,2,0,2,CRITICAL,999.0,0.0,10,720.9
CASE9_0098_LINE_8_9,CASE9,98,8,"3,4,2,7,8,9,6,5",7,8,9,0,2,CRITICAL,999.0,0.0,10,720.9
CASE9_0098_LINE_9_4,CASE9,98,8,"3,4,2,7,8,9,6,5",8,9,4,0,2,CRITICAL,999.0,0.0,10,720.9
CASE9_0099_LINE_1_4,CASE9,99,1,2,0,1,4,0,2,CRITICAL,999.0,0.0,10,412.0
CASE9_0099_LINE_4_5,CASE9,99,1,2,1,4,5,1,1,ALERT,71.0,0.905,0,412.0
CASE9_0099_LINE_5_6,CASE9,99,1,2,2,5,6,1,1,ALERT,70.8,0.93,0,412.0
CASE9_0099_LINE_3_6,CASE9,99,1,2,3,3,6,0,2,CRITICAL,999.0,0.0,10,412.0
CASE9_0099_LINE_6_7,CASE9,99,1,2,4,6,7,1,1,ALERT,70.7,0.939,0,412.0
CASE9_0099_LINE_7_8,CASE9,99,1,2,5,7,8,1,1,ALERT,70.1,0.939,0,412.0
CASE9_0099_LINE_8_2,CASE9,99,1,2,6,8,2,0,2,CRITICAL,999.0,0.0,10,412.0
CASE9_0099_LINE_8_9,CASE9,99,1,2,7,8,9,1,1,ALERT,71.8,0.908,0,412.0
CASE9_0099_LINE_9_4,CASE9,99,1,2,8,9,4,1,2,CRITICAL,116.4,0.769,2,412.0
CASE9_0100_LINE_1_4,CASE9,100,2,"8,7",0,1,4,0,2,CRITICAL,999.0,0.0,10,288.6
CASE9_0100_LINE_4_5,CASE9,100,2,"8,7",1,4,5,1,1,ALERT,65.2,0.916,0,288.6
CASE9_0100_LINE_5_6,CASE9,100,2,"8,7",2,5,6,1,1,ALERT,69.7,0.913,0,288.6
CASE9_0100_LINE_3_6,CASE9,100,2,"8,7",3,3,6,0,2,CRITICAL,999.0,0.0,10,288.6
CASE9_0100_LINE_6_7,CASE9,100,2,"8,7",4,6,7,1,0,SAFE,65.3,0.952,0,288.6
CASE9_0100_LINE_7_8,CASE9,100,2,"8,7",5,7,8,1,1,ALERT,65.3,0.943,0,288.6
CASE9_0100_LINE_8_2,CASE9,100,2,"8,7",6,8,2,0,2,CRITICAL,999.0,0.0,10,288.6
CASE9_0100_LINE_8_9,CASE9,100,2,"8,7",7,8,9,1,2,CRITICAL,106.7,0.883,2,288.6
CASE9_0100_LINE_9_4,CASE9,100,2,"8,7",8,9,4,1,2,CRITICAL,68.2,0.803,1,288.6
CASE9_0101_LINE_1_4,CASE9,101,8,"2,3,7,8,4,9,6,5",0,1,4,0,2,CRITICAL,999.0,0.0,10,675.5
CASE9_0101_LINE_4_5,CASE9,101,8,"2,3,7,8,4,9,6,5",1,4,5,0,2,CRITICAL,999.0,0.0,10,675.5
CASE9_0101_LINE_5_6,CASE9,101,8,"2,3,7,8,4,9,6,5",2,5,6,1,2,CRITICAL,215.5,0.782,4,675.5
CASE9_0101_LINE_3_6,CASE9,101,8,"2,3,7,8,4,9,6,5",3,3,6,0,2,CRITICAL,999.0,0.0,10,675.5
CASE9_0101_LINE_6_7,CASE9,101,8,"2,3,7,8,4,9,6,5",4,6,7,1,2,CRITICAL,198.9,0.827,5,675.5
CASE9_0101_LINE_7_8,CASE9,101,8,"2,3,7,8,4,9,6,5",5,7,8,0,2,CRITICAL,999.0,0.0,10,675.5
CASE9_0101_LINE_8_2,CASE9,101,8,"2,3,7,8,4,9,6,5",6,8,2,0,2,CRITICAL,999.0,0.0,10,675.5
CASE9_0101_LINE_8_9,CASE9,101,8,"2,3,7,8,4,9,6,5",7,8,9,1,2,CRITICAL,221.0,0.796,5,675.5
CASE9_0101_LINE_9_4,CASE9,101,8,"2,3,7,8,4,9,6,5",8,9,4,0,2,CRITICAL,999.0,0.0,10,675.5
CASE9_0102_LINE_1_4,CASE9,102,1,9,0,1,4,0,2,CRITICAL,999.0,0.0,10,318.4
CASE9_0102_LINE_4_5,CASE9,102,1,9,1,4,5,1,1,ALERT,65.2,0.907,0,318.4
CASE9_0102_LINE_5_6,CASE9,102,1,9,2,5,6,1,1,ALERT,65.5,0.918,0,318.4
CASE9_0102_LINE_3_6,CASE9,102,1,9,3,3,6,0,2,CRITICAL,999.0,0.0,10,318.4
CASE9_0102_LINE_6_7,CASE9,102,1,9,4,6,7,1,1,ALERT,65.9,0.946,0,318.4
CASE9_0102_LINE_7_8,CASE9,102,1,9,5,7,8,1,1,ALERT,70.2,0.932,0,318.4
CASE9_0102_LINE_8_2,CASE9,102,1,9,6,8,2,0,2,CRITICAL,999.0,0.0,10,318.4
CASE9_0102_LINE_8_9,CASE9,102,1,9,7,8,9,1,2,CRITICAL,91.1,0.886,1,318.4
CASE9_0102_LINE_9_4,CASE9,102,1,9,8,9,4,1,2,CRITICAL,70.0,0.78,1,318.4
CASE9_0103_LINE_1_4,CASE9,103,7,"9,7,4,6,2,5,8",0,1,4,0,2,CRITICAL,999.0,0.0,10,722.3
CASE9_0103_LINE_4_5,CASE9,103,7,"9,7,4,6,2,5,8",1,4,5,0,2,CRITICAL,999.0,0.0,10,722.3
CASE9_0103_LINE_5_6,CASE9,103,7,"9,7,4,6,2,5,8",2,5,6,0,2,CRITICAL,999.0,0.0,10,722.3
CASE9_0103_LINE_3_6,CASE9,103,7,"9,7,4,6,2,5,8",3,3,6,0,2,CRITICAL,999.0,0.0,10,722.3
CASE9_0103_LINE_6_7,CASE9,103,7,"9,7,4,6,2,5,8",4,6,7,0,2,CRITICAL,999.0,0.0,10,722.3
CASE9_0103_LINE_7_8,CASE9,103,7,"9,7,4,6,2,5,8",5,7,8,0,2,CRITICAL,999.0,0.0,10,722.3
CASE9_0103_LINE_8_2,CASE9,103,7,"9,7,4,6,2,5,8",6,8,2,0,2,CRITICAL,999.0,0.0,10,722.3
CASE9_0103_LINE_8_9,CASE9,103,7,"9,7,4,6,2,5,8",7,8,9,0,2,CRITICAL,999.0,0.0,10,722.3
CASE9_0103_LINE_9_4,CASE9,103,7,"9,7,4,6,2,5,8",8,9,4,0,2,CRITICAL,999.0,0.0,10,722.3
CASE9_0104_LINE_1_4,CASE9,104,4,"2,5,3,6",0,1,4,0,2,CRITICAL,999.0,0.0,10,566.2
CASE9_0104_LINE_4_5,CASE9,104,4,"2,5,3,6",1,4,5,0,2,CRITICAL,999.0,0.0,10,566.2
CASE9_0104_LINE_5_6,CASE9,104,4,"2,5,3,6",2,5,6,1,2,CRITICAL,145.0,0.87,2,566.2
CASE9_0104_LINE_3_6,CASE9,104,4,"2,5,3,6",3,3,6,0,2,CRITICAL,999.0,0.0,10,566.2
CASE9_0104_LINE_6_7,CASE9,104,4,"2,5,3,6",4,6,7,1,2,CRITICAL,137.2,0.932,1,566.2
CASE9_0104_LINE_7_8,CASE9,104,4,"2,5,3,6",5,7,8,1,2,CRITICAL,164.8,0.808,6,566.2
CASE9_0104_LINE_8_2,CASE9,104,4,"2,5,3,6",6,8,2,0,2,CRITICAL,999.0,0.0,10,566.2
CASE9_0104_LINE_8_9,CASE9,104,4,"2,5,3,6",7,8,9,1,2,CRITICAL,145.0,0.874,2,566.2
CASE9_0104_LINE_9_4,CASE9,104,4,"2,5,3,6",8,9,4,0,2,CRITICAL,999.0,0.0,10,566.2
CASE9_0105_LINE_1_4,CASE9,105,8,"5,2,8,9,4,3,6,7",0,1,4,0,2,CRITICAL,999.0,0.0,10,742.7
CASE9_0105_LINE_4_5,CASE9,105,8,"5,2,8,9,4,3,6,7",1,4,5,0,2,CRITICAL,999.0,0.0,10,742.7
CASE9_0105_LINE_5_6,CASE9,105,8,"5,2,8,9,4,3,6,7",2,5,6,0,2,CRITICAL,999.0,0.0,10,742.7
CASE9_0105_LINE_3_6,CASE9,105,8,"5,2,8,9,4,3,6,7",3,3,6,0,2,CRITICAL,999.0,0.0,10,742.7
CASE9_0105_LINE_6_7,CASE9,105,8,"5,2,8,9,4,3,6,7",4,6,7,1,2,CRITICAL,245.2,0.787,5,742.7
CASE9_0105_LINE_7_8,CASE9,105,8,"5,2,8,9,4,3,6,7",5,7,8,0,2,CRITICAL,999.0,0.0,10,742.7
CASE9_0105_LINE_8_2,CASE9,105,8,"5,2,8,9,4,3,6,7",6,8,2,0,2,CRITICAL,999.0,0.0,10,742.7
CASE9_0105_LINE_8_9,CASE9,105,8,"5,2,8,9,4,3,6,7",7,8,9,0,2,CRITICAL,999.0,0.0,10,742.7
CASE9_0105_LINE_9_4,CASE9,105,8,"5,2,8,9,4,3,6,7",8,9,4,0,2,CRITICAL,999.0,0.0,10,742.7
CASE9_0111_LINE_1_4,CASE9,111,4,"4,2,9,5",0,1,4,0,2,CRITICAL,999.0,0.0,10,615.5
CASE9_0111_LINE_4_5,CASE9,111,4,"4,2,9,5",1,4,5,0,2,CRITICAL,999.0,0.0,10,615.5
CASE9_0111_LINE_5_6,CASE9,111,4,"4,2,9,5",2,5,6,1,2,CRITICAL,181.6,0.776,4,615.5
CASE9_0111_LINE_3_6,CASE9,111,4,"4,2,9,5",3,3,6,0,2,CRITICAL,999.0,0.0,10,615.5
CASE9_0111_LINE_6_7,CASE9,111,4,"4,2,9,5",4,6,7,1,2,CRITICAL,170.5,0.855,3,615.5
CASE9_0111_LINE_7_8,CASE9,111,4,"4,2,9,5",5,7,8,1,2,CRITICAL,167.4,0.881,3,615.5
CASE9_0111_LINE_8_2,CASE9,111,4,"4,2,9,5",6,8,2,0,2,CRITICAL,999.0,0.0,10,615.5
CASE9_0111_LINE_8_9,CASE9,111,4,"4,2,9,5",7,8,9,1,2,CRITICAL,188.9,0.726,4,615.5
CASE9_0111_LINE_9_4,CASE9,111,4,"4,2,9,5",8,9,4,0,2,CRITICAL,999.0,0.0,10,615.5
CASE9_0112_LINE_1_4,CASE9,112,1,8,0,1,4,0,2,CRITICAL,999.0,0.0,10,403.3
CASE9_0112_LINE_4_5,CASE9,112,1,8,1,4,5,1,1,ALERT,67.6,0.9,0,403.3
CASE9_0112_LINE_5_6,CASE9,112,1,8,2,5,6,1,1,ALERT,68.3,0.926,0,403.3
CASE9_0112_LINE_3_6,CASE9,112,1,8,3,3,6,0,2,CRITICAL,999.0,0.0,10,403.3
CASE9_0112_LINE_6_7,CASE9,112,1,8,4,6,7,1,1,ALERT,69.7,0.919,0,403.3
CASE9_0112_LINE_7_8,CASE9,112,1,8,5,7,8,1,1,ALERT,70.1,0.938,0,403.3
CASE9_0112_LINE_8_2,CASE9,112,1,8,6,8,2,0,2,CRITICAL,999.0,0.0,10,403.3
CASE9_0112_LINE_8_9,CASE9,112,1,8,7,8,9,1,1,ALERT,68.9,0.907,0,403.3
CASE9_0112_LINE_9_4,CASE9,112,1,8,8,9,4,1,2,CRITICAL,112.3,0.735,2,403.3
CASE9_0113_LINE_1_4,CASE9,113,4,"5,4,3,6",0,1,4,0,2,CRITICAL,999.0,0.0,10,476.7
CASE9_0113_LINE_4_5,CASE9,113,4,"5,4,3,6",1,4,5,1,2,CRITICAL,102.5,0.901,1,476.7
CASE9_0113_LINE_5_6,CASE9,113,4,"5,4,3,6",2,5,6,1,1,ALERT,98.7,0.927,0,476.7
CASE9_0113_LINE_3_6,CASE9,113,4,"5,4,3,6",3,3,6,0,2,CRITICAL,999.0,0.0,10,476.7
CASE9_0113_LINE_6_7,CASE9,113,4,"5,4,3,6",4,6,7,1,1,ALERT,96.6,0.945,0,476.7
CASE9_0113_LINE_7_8,CASE9,113,4,"5,4,3,6",5,7,8,1,2,CRITICAL,115.9,0.885,4,476.7
CASE9_0113_LINE_8_2,CASE9,113,4,"5,4,3,6",6,8,2,0,2,CRITICAL,999.0,0.0,10,476.7
CASE9_0113_LINE_8_9,CASE9,113,4,"5,4,3,6",7,8,9,1,2,CRITICAL,101.0,0.894,2,476.7
CASE9_0113_LINE_9_4,CASE9,113,4,"5,4,3,6",8,9,4,1,2,CRITICAL,103.4,0.781,2,476.7
CASE9_0114_LINE_1_4,CASE9,114,7,"4,8,9,6,2,7,5",0,1,4,0,2,CRITICAL,999.0,0.0,10,697.3
CASE9_0114_LINE_4_5,CASE9,114,7,"4,8,9,6,2,7,5",1,4,5,0,2,CRITICAL,999.0,0.0,10,697.3
CASE9_0114_LINE_5_6,CASE9,114,7,"4,8,9,6,2,7,5",2,5,6,1,2,CRITICAL,233.3,0.766,5,697.3
CASE9_0114_LINE_3_6,CASE9,114,7,"4,8,9,6,2,7,5",3,3,6,0,2,CRITICAL,999.0,0.0,10,697.3
CASE9_0114_LINE_6_7,CASE9,114,7,"4,8,9,6,2,7,5",4,6,7,0,2,CRITICAL,999.0,0.0,10,697.3
CASE9_0114_LINE_7_8,CASE9,114,7,"4,8,9,6,2,7,5",5,7,8,1,2,CRITICAL,210.4,0.853,4,697.3
CASE9_0114_LINE_8_2,CASE9,114,7,"4,8,9,6,2,7,5",6,8,2,0,2,CRITICAL,999.0,0.0,10,697.3
CASE9_0114_LINE_8_9,CASE9,114,7,"4,8,9,6,2,7,5",7,8,9,1,2,CRITICAL,244.8,0.667,4,697.3
CASE9_0114_LINE_9_4,CASE9,114,7,"4,8,9,6,2,7,5",8,9,4,0,2,CRITICAL,999.0,0.0,10,697.3
CASE9_0115_LINE_1_4,CASE9,115,8,"6,3,4,5,7,9,8,2",0,1,4,0,2,CRITICAL,999.0,0.0,10,680.2
CASE9_0115_LINE_4_5,CASE9,115,8,"6,3,4,5,7,9,8,2",1,4,5,0,2,CRITICAL,999.0,0.0,10,680.2
CASE9_0115_LINE_5_6,CASE9,115,8,"6,3,4,5,7,9,8,2",2,5,6,0,2,CRITICAL,999.0,0.0,10,680.2
CASE9_0115_LINE_3_6,CASE9,115,8,"6,3,4,5,7,9,8,2",3,3,6,0,2,CRITICAL,999.0,0.0,10,680.2
CASE9_0115_LINE_6_7,CASE9,115,8,"6,3,4,5,7,9,8,2",4,6,7,1,2,CRITICAL,212.3,0.792,7,680.2
CASE9_0115_LINE_7_8,CASE9,115,8,"6,3,4,5,7,9,8,2",5,7,8,0,2,CRITICAL,999.0,0.0,10,680.2
CASE9_0115_LINE_8_2,CASE9,115,8,"6,3,4,5,7,9,8,2",6,8,2,0,2,CRITICAL,999.0,0.0,10,680.2
CASE9_0115_LINE_8_9,CASE9,115,8,"6,3,4,5,7,9,8,2",7,8,9,1,2,CRITICAL,242.5,0.68,4,680.2
CASE9_0115_LINE_9_4,CASE9,115,8,"6,3,4,5,7,9,8,2",8,9,4,0,2,CRITICAL,999.0,0.0,10,680.2
CASE9_0136_LINE_1_4,CASE9,136,2,"9,4",0,1,4,0,2,CRITICAL,999.0,0.0,10,360.4
CASE9_0136_LINE_4_5,CASE9,136,2,"9,4",1,4,5,1,1,ALERT,65.2,0.907,0,360.4
CASE9_0136_LINE_5_6,CASE9,136,2,"9,4",2,5,6,1,1,ALERT,65.5,0.908,0,360.4
CASE9_0136_LINE_3_6,CASE9,136,2,"9,4",3,3,6,0,2,CRITICAL,999.0,0.0,10,360.4
CASE9_0136_LINE_6_7,CASE9,136,2,"9,4",4,6,7,1,1,ALERT,66.0,0.945,0,360.4
CASE9_0136_LINE_7_8,CASE9,136,2,"9,4",5,7,8,1,1,ALERT,70.2,0.928,0,360.4
CASE9_0136_LINE_8_2,CASE9,136,2,"9,4",6,8,2,0,2,CRITICAL,999.0,0.0,10,360.4
CASE9_0136_LINE_8_9,CASE9,136,2,"9,4",7,8,9,1,2,CRITICAL,91.0,0.884,1,360.4
CASE9_0136_LINE_9_4,CASE9,136,2,"9,4",8,9,4,1,2,CRITICAL,68.4,0.813,1,360.4
CASE9_0137_LINE_1_4,CASE9,137,7,"6,8,2,3,9,7,5",0,1,4,0,2,CRITICAL,999.0,0.0,10,702.7
CASE9_0137_LINE_4_5,CASE9,137,7,"6,8,2,3,9,7,5",1,4,5,0,2,CRITICAL,999.0,0.0,10,702.7
CASE9_0137_LINE_5_6,CASE9,137,7,"6,8,2,3,9,7,5",2,5,6,0,2,CRITICAL,999.0,0.0,10,702.7
CASE9_0137_LINE_3_6,CASE9,137,7,"6,8,2,3,9,7,5",3,3,6,0,2,CRITICAL,999.0,0.0,10,702.7
CASE9_0137_LINE_6_7,CASE9,137,7,"6,8,2,3,9,7,5",4,6,7,1,2,CRITICAL,234.7,0.777,6,702.7
CASE9_0137_LINE_7_8,CASE9,137,7,"6,8,2,3,9,7,5",5,7,8,0,2,CRITICAL,999.0,0.0,10,702.7
CASE9_0137_LINE_8_2,CASE9,137,7,"6,8,2,3,9,7,5",6,8,2,0,2,CRITICAL,999.0,0.0,10,702.7
CASE9_0137_LINE_8_9,CASE9,137,7,"6,8,2,3,9,7,5",7,8,9,0,2,CRITICAL,999.0,0.0,10,702.7
CASE9_0137_LINE_9_4,CASE9,137,7,"6,8,2,3,9,7,5",8,9,4,0,2,CRITICAL,999.0,0.0,10,702.7
CASE9_0138_LINE_1_4,CASE9,138,8,"2,5,3,8,7,9,4,6",0,1,4,0,2,CRITICAL,999.0,0.0,10,664.1
CASE9_0138_LINE_4_5,CASE9,138,8,"2,5,3,8,7,9,4,6",1,4,5,0,2,CRITICAL,999.0,0.0,10,664.1
CASE9_0138_LINE_5_6,CASE9,138,8,"2,5,3,8,7,9,4,6",2,5,6,1,2,CRITICAL,195.0,0.819,3,664.1
CASE9_0138_LINE_3_6,CASE9,138,8,"2,5,3,8,7,9,4,6",3,3,6,0,2,CRITICAL,999.0,0.0,10,664.1
CASE9_0138_LINE_6_7,CASE9,138,8,"2,5,3,8,7,9,4,6",4,6,7,1,2,CRITICAL,183.5,0.901,1,664.1
CASE9_0138_LINE_7_8,CASE9,138,8,"2,5,3,8,7,9,4,6",5,7,8,1,2,CRITICAL,206.9,0.802,6,664.1
CASE9_0138_LINE_8_2,CASE9,138,8,"2,5,3,8,7,9,4,6",6,8,2,0,2,CRITICAL,999.0,0.0,10,664.1
CASE9_0138_LINE_8_9,CASE9,138,8,"2,5,3,8,7,9,4,6",7,8,9,1,2,CRITICAL,196.4,0.859,3,664.1
CASE9_0138_LINE_9_4,CASE9,138,8,"2,5,3,8,7,9,4,6",8,9,4,0,2,CRITICAL,999.0,0.0,10,664.1
CASE9_0139_LINE_1_4,CASE9,139,1,9,0,1,4,0,2,CRITICAL,999.0,0.0,10,282.9
CASE9_0139_LINE_4_5,CASE9,139,1,9,1,4,5,1,1,ALERT,65.2,0.909,0,282.9
CASE9_0139_LINE_5_6,CASE9,139,1,9,2,5,6,1,1,ALERT,65.3,0.924,0,282.9
CASE9_0139_LINE_3_6,CASE9,139,1,9,3,3,6,0,2,CRITICAL,999.0,0.0,10,282.9
CASE9_0139_LINE_6_7,CASE9,139,1,9,4,6,7,1,0,SAFE,65.5,0.952,0,282.9
CASE9_0139_LINE_7_8,CASE9,139,1,9,5,7,8,1,1,ALERT,70.2,0.937,0,282.9
CASE9_0139_LINE_8_2,CASE9,139,1,9,6,8,2,0,2,CRITICAL,999.0,0.0,10,282.9
CASE9_0139_LINE_8_9,CASE9,139,1,9,7,8,9,1,1,ALERT,91.3,0.925,0,282.9
CASE9_0139_LINE_9_4,CASE9,139,1,9,8,9,4,1,2,CRITICAL,65.8,0.888,1,282.9
CASE9_0140_LINE_1_4,CASE9,140,3,"3,6,2",0,1,4,0,2,CRITICAL,999.0,0.0,10,538.1
CASE9_0140_LINE_4_5,CASE9,140,3,"3,6,2",1,4,5,0,2,CRITICAL,999.0,0.0,10,538.1
CASE9_0140_LINE_5_6,CASE9,140,3,"3,6,2",2,5,6,1,2,CRITICAL,129.4,0.906,1,538.1
CASE9_0140_LINE_3_6,CASE9,140,3,"3,6,2",3,3,6,0,2,CRITICAL,999.0,0.0,10,538.1
CASE9_0140_LINE_6_7,CASE9,140,3,"3,6,2",4,6,7,1,2,CRITICAL,123.5,0.941,1,538.1
CASE9_0140_LINE_7_8,CASE9,140,3,"3,6,2",5,7,8,1,2,CRITICAL,146.8,0.842,6,538.1
CASE9_0140_LINE_8_2,CASE9,140,3,"3,6,2",6,8,2,0,2,CRITICAL,999.0,0.0,10,538.1
CASE9_0140_LINE_8_9,CASE9,140,3,"3,6,2",7,8,9,1,2,CRITICAL,128.8,0.89,2,538.1
CASE9_0140_LINE_9_4,CASE9,140,3,"3,6,2",8,9,4,0,2,CRITICAL,999.0,0.0,10,538.1
CASE9_0116_LINE_1_4,CASE9,116,7,"2,8,4,6,5,3,7",0,1,4,0,2,CRITICAL,999.0,0.0,10,734.0
CASE9_0116_LINE_4_5,CASE9,116,7,"2,8,4,6,5,3,7",1,4,5,0,2,CRITICAL,999.0,0.0,10,734.0
CASE9_0116_LINE_5_6,CASE9,116,7,"2,8,4,6,5,3,7",2,5,6,0,2,CRITICAL,999.0,0.0,10,734.0
CASE9_0116_LINE_3_6,CASE9,116,7,"2,8,4,6,5,3,7",3,3,6,0,2,CRITICAL,999.0,0.0,10,734.0
CASE9_0116_LINE_6_7,CASE9,116,7,"2,8,4,6,5,3,7",4,6,7,1,2,CRITICAL,266.5,0.741,7,734.0
CASE9_0116_LINE_7_8,CASE9,116,7,"2,8,4,6,5,3,7",5,7,8,0,2,CRITICAL,999.0,0.0,10,734.0
CASE9_0116_LINE_8_2,CASE9,116,7,"2,8,4,6,5,3,7",6,8,2,0,2,CRITICAL,999.0,0.0,10,734.0
CASE9_0116_LINE_8_9,CASE9,116,7,"2,8,4,6,5,3,7",7,8,9,0,2,CRITICAL,999.0,0.0,10,734.0
CASE9_0116_LINE_9_4,CASE9,116,7,"2,8,4,6,5,3,7",8,9,4,0,2,CRITICAL,999.0,0.0,10,734.0
CASE9_0117_LINE_1_4,CASE9,117,3,"2,9,3",0,1,4,0,2,CRITICAL,999.0,0.0,10,421.2
CASE9_0117_LINE_4_5,CASE9,117,3,"2,9,3",1,4,5,1,1,ALERT,75.7,0.901,0,421.2
CASE9_0117_LINE_5_6,CASE9,117,3,"2,9,3",2,5,6,1,1,ALERT,74.4,0.93,0,421.2
CASE9_0117_LINE_3_6,CASE9,117,3,"2,9,3",3,3,6,0,2,CRITICAL,999.0,0.0,10,421.2
CASE9_0117_LINE_6_7,CASE9,117,3,"2,9,3",4,6,7,1,1,ALERT,72.8,0.943,0,421.2
CASE9_0117_LINE_7_8,CASE9,117,3,"2,9,3",5,7,8,1,1,ALERT,74.5,0.933,0,421.2
CASE9_0117_LINE_8_2,CASE9,117,3,"2,9,3",6,8,2,0,2,CRITICAL,999.0,0.0,10,421.2
CASE9_0117_LINE_8_9,CASE9,117,3,"2,9,3",7,8,9,1,1,ALERT,75.7,0.905,0,421.2
CASE9_0117_LINE_9_4,CASE9,117,3,"2,9,3",8,9,4,1,2,CRITICAL,102.4,0.762,2,421.2
CASE9_0118_LINE_1_4,CASE9,118,6,"3,8,7,4,5,2",0,1,4,0,2,CRITICAL,999.0,0.0,10,580.4
CASE9_0118_LINE_4_5,CASE9,118,6,"3,8,7,4,5,2",1,4,5,1,2,CRITICAL,163.8,0.85,4,580.4
CASE9_0118_LINE_5_6,CASE9,118,6,"3,8,7,4,5,2",2,5,6,1,2,CRITICAL,147.2,0.889,2,580.4
CASE9_0118_LINE_3_6,CASE9,118,6,"3,8,7,4,5,2",3,3,6,0,2,CRITICAL,999.0,0.0,10,580.4
CASE9_0118_LINE_6_7,CASE9,118,6,"3,8,7,4,5,2",4,6,7,1,2,CRITICAL,144.4,0.913,1,580.4
CASE9_0118_LINE_7_8,CASE9,118,6,"3,8,7,4,5,2",5,7,8,1,2,CRITICAL,142.1,0.937,1,580.4
CASE9_0118_LINE_8_2,CASE9,118,6,"3,8,7,4,5,2",6,8,2,0,2,CRITICAL,999.0,0.0,10,580.4
CASE9_0118_LINE_8_9,CASE9,118,6,"3,8,7,4,5,2",7,8,9,1,2,CRITICAL,147.4,0.876,2,580.4
CASE9_0118_LINE_9_4,CASE9,118,6,"3,8,7,4,5,2",8,9,4,0,2,CRITICAL,999.0,0.0,10,580.4
CASE9_0119_LINE_1_4,CASE9,119,1,9,0,1,4,0,2,CRITICAL,999.0,0.0,10,379.6
CASE9_0119_LINE_4_5,CASE9,119,1,9,1,4,5,1,1,ALERT,65.6,0.904,0,379.6
CASE9_0119_LINE_5_6,CASE9,119,1,9,2,5,6,1,2,CRITICAL,68.8,0.89,1,379.6
CASE9_0119_LINE_3_6,CASE9,119,1,9,3,3,6,0,2,CRITICAL,999.0,0.0,10,379.6
CASE9_0119_LINE_6_7,CASE9,119,1,9,4,6,7,1,1,ALERT,67.2,0.911,0,379.6
CASE9_0119_LINE_7_8,CASE9,119,1,9,5,7,8,1,2,CRITICAL,70.2,0.899,1,379.6
CASE9_0119_LINE_8_2,CASE9,119,1,9,6,8,2,0,2,CRITICAL,999.0,0.0,10,379.6
CASE9_0119_LINE_8_9,CASE9,119,1,9,7,8,9,1,2,CRITICAL,90.9,0.792,1,379.6
CASE9_0119_LINE_9_4,CASE9,119,1,9,8,9,4,0,2,CRITICAL,999.0,0.0,10,379.6
CASE9_0120_LINE_1_4,CASE9,120,4,"7,5,4,2",0,1,4,0,2,CRITICAL,999.0,0.0,10,543.2
CASE9_0120_LINE_4_5,CASE9,120,4,"7,5,4,2",1,4,5,1,2,CRITICAL,138.5,0.819,3,543.2
CASE9_0120_LINE_5_6,CASE9,120,4,"7,5,4,2",2,5,6,1,2,CRITICAL,134.7,0.869,2,543.2
CASE9_0120_LINE_3_6,CASE9,120,4,"7,5,4,2",3,3,6,0,2,CRITICAL,999.0,0.0,10,543.2
CASE9_0120_LINE_6_7,CASE9,120,4,"7,5,4,2",4,6,7,1,2,CRITICAL,133.7,0.85,2,543.2
CASE9_0120_LINE_7_8,CASE9,120,4,"7,5,4,2",5,7,8,1,2,CRITICAL,149.0,0.767,6,543.2
CASE9_0120_LINE_8_2,CASE9,120,4,"7,5,4,2",6,8,2,0,2,CRITICAL,999.0,0.0,10,543.2
CASE9_0120_LINE_8_9,CASE9,120,4,"7,5,4,2",7,8,9,1,2,CRITICAL,135.0,0.865,2,543.2
CASE9_0120_LINE_9_4,CASE9,120,4,"7,5,4,2",8,9,4,1,2,CRITICAL,140.8,0.738,5,543.2
CASE9_0121_LINE_1_4,CASE9,121,5,"2,3,6,4,5",0,1,4,0,2,CRITICAL,999.0,0.0,10,581.8
CASE9_0121_LINE_4_5,CASE9,121,5,"2,3,6,4,5",1,4,5,0,2,CRITICAL,999.0,0.0,10,581.8
CASE9_0121_LINE_5_6,CASE9,121,5,"2,3,6,4,5",2,5,6,1,2,CRITICAL,152.6,0.84,2,581.8
CASE9_0121_LINE_3_6,CASE9,121,5,"2,3,6,4,5",3,3,6,0,2,CRITICAL,999.0,0.0,10,581.8
CASE9_0121_LINE_6_7,CASE9,121,5,"2,3,6,4,5",4,6,7,1,2,CRITICAL,144.2,0.924,1,581.8
CASE9_0121_LINE_7_8,CASE9,121,5,"2,3,6,4,5",5,7,8,1,2,CRITICAL,161.5,0.852,4,581.8
CASE9_0121_LINE_8_2,CASE9,121,5,"2,3,6,4,5",6,8,2,0,2,CRITICAL,999.0,0.0,10,581.8
CASE9_0121_LINE_8_9,CASE9,121,5,"2,3,6,4,5",7,8,9,1,2,CRITICAL,151.4,0.863,2,581.8
CASE9_0121_LINE_9_4,CASE9,121,5,"2,3,6,4,5",8,9,4,1,2,CRITICAL,175.1,0.753,5,581.8
CASE9_0122_LINE_1_4,CASE9,122,4,"8,6,9,4",0,1,4,0,2,CRITICAL,999.0,0.0,10,576.2
CASE9_0122_LINE_4_5,CASE9,122,4,"8,6,9,4",1,4,5,1,2,CRITICAL,183.2,0.749,6,576.2
CASE9_0122_LINE_5_6,CASE9,122,4,"8,6,9,4",2,5,6,1,2,CRITICAL,153.5,0.855,3,576.2
CASE9_0122_LINE_3_6,CASE9,122,4,"8,6,9,4",3,3,6,0,2,CRITICAL,999.0,0.0,10,576.2
CASE9_0122_LINE_6_7,CASE9,122,4,"8,6,9,4",4,6,7,1,2,CRITICAL,147.9,0.86,2,576.2
CASE9_0122_LINE_7_8,CASE9,122,4,"8,6,9,4",5,7,8,1,2,CRITICAL,151.6,0.874,3,576.2
CASE9_0122_LINE_8_2,CASE9,122,4,"8,6,9,4",6,8,2,0,2,CRITICAL,999.0,0.0,10,576.2
CASE9_0122_LINE_8_9,CASE9,122,4,"8,6,9,4",7,8,9,1,2,CRITICAL,165.7,0.736,4,576.2
CASE9_0122_LINE_9_4,CASE9,122,4,"8,6,9,4",8,9,4,0,2,CRITICAL,999.0,0.0,10,576.2
CASE9_0123_LINE_1_4,CASE9,123,2,"5,6",0,1,4,0,2,CRITICAL,999.0,0.0,10,428.0
CASE9_0123_LINE_4_5,CASE9,123,2,"5,6",1,4,5,1,2,CRITICAL,90.6,0.827,1,428.0
CASE9_0123_LINE_5_6,CASE9,123,2,"5,6",2,5,6,1,1,ALERT,78.6,0.917,0,428.0
CASE9_0123_LINE_3_6,CASE9,123,2,"5,6",3,3,6,0,2,CRITICAL,999.0,0.0,10,428.0
CASE9_0123_LINE_6_7,CASE9,123,2,"5,6",4,6,7,1,1,ALERT,76.3,0.946,0,428.0
CASE9_0123_LINE_7_8,CASE9,123,2,"5,6",5,7,8,1,2,CRITICAL,96.8,0.876,2,428.0
CASE9_0123_LINE_8_2,CASE9,123,2,"5,6",6,8,2,0,2,CRITICAL,999.0,0.0,10,428.0
CASE9_0123_LINE_8_9,CASE9,123,2,"5,6",7,8,9,1,1,ALERT,80.7,0.901,0,428.0
CASE9_0123_LINE_9_4,CASE9,123,2,"5,6",8,9,4,1,2,CRITICAL,82.4,0.777,1,428.0
CASE9_0124_LINE_1_4,CASE9,124,8,"7,8,3,5,9,2,4,6",0,1,4,0,2,CRITICAL,999.0,0.0,10,667.3
CASE9_0124_LINE_4_5,CASE9,124,8,"7,8,3,5,9,2,4,6",1,4,5,0,2,CRITICAL,999.0,0.0,10,667.3
CASE9_0124_LINE_5_6,CASE9,124,8,"7,8,3,5,9,2,4,6",2,5,6,1,2,CRITICAL,205.9,0.828,4,667.3
CASE9_0124_LINE_3_6,CASE9,124,8,"7,8,3,5,9,2,4,6",3,3,6,0,2,CRITICAL,999.0,0.0,10,667.3
CASE9_0124_LINE_6_7,CASE9,124,8,"7,8,3,5,9,2,4,6",4,6,7,1,2,CRITICAL,186.4,0.911,1,667.3
CASE9_0124_LINE_7_8,CASE9,124,8,"7,8,3,5,9,2,4,6",5,7,8,0,2,CRITICAL,999.0,0.0,10,667.3
CASE9_0124_LINE_8_2,CASE9,124,8,"7,8,3,5,9,2,4,6",6,8,2,0,2,CRITICAL,999.0,0.0,10,667.3
CASE9_0124_LINE_8_9,CASE9,124,8,"7,8,3,5,9,2,4,6",7,8,9,1,2,CRITICAL,215.7,0.807,6,667.3
CASE9_0124_LINE_9_4,CASE9,124,8,"7,8,3,5,9,2,4,6",8,9,4,0,2,CRITICAL,999.0,0.0,10,667.3
CASE9_0125_LINE_1_4,CASE9,125,4,"7,4,9,2",0,1,4,0,2,CRITICAL,999.0,0.0,10,514.4
CASE9_0125_LINE_4_5,CASE9,125,4,"7,4,9,2",1,4,5,1,2,CRITICAL,120.0,0.897,2,514.4
CASE9_0125_LINE_5_6,CASE9,125,4,"7,4,9,2",2,5,6,1,2,CRITICAL,121.7,0.891,3,514.4
CASE9_0125_LINE_3_6,CASE9,125,4,"7,4,9,2",3,3,6,0,2,CRITICAL,999.0,0.0,10,514.4
CASE9_0125_LINE_6_7,CASE9,125,4,"7,4,9,2",4,6,7,1,2,CRITICAL,119.3,0.894,2,514.4
CASE9_0125_LINE_7_8,CASE9,125,4,"7,4,9,2",5,7,8,1,2,CRITICAL,119.7,0.902,1,514.4
CASE9_0125_LINE_8_2,CASE9,125,4,"7,4,9,2",6,8,2,0,2,CRITICAL,999.0,0.0,10,514.4
CASE9_0125_LINE_8_9,CASE9,125,4,"7,4,9,2",7,8,9,1,2,CRITICAL,131.5,0.802,2,514.4
CASE9_0125_LINE_9_4,CASE9,125,4,"7,4,9,2",8,9,4,0,2,CRITICAL,999.0,0.0,10,514.4
CASE9_0131_LINE_1_4,CASE9,131,3,"9,3,6",0,1,4,0,2,CRITICAL,999.0,0.0,10,497.6
CASE9_0131_LINE_4_5,CASE9,131,3,"9,3,6",1,4,5,1,2,CRITICAL,125.4,0.84,7,497.6
CASE9_0131_LINE_5_6,CASE9,131,3,"9,3,6",2,5,6,1,2,CRITICAL,110.5,0.911,1,497.6
CASE9_0131_LINE_3_6,CASE9,131,3,"9,3,6",3,3,6,0,2,CRITICAL,999.0,0.0,10,497.6
CASE9_0131_LINE_6_7,CASE9,131,3,"9,3,6",4,6,7,1,2,CRITICAL,108.2,0.926,1,497.6
CASE9_0131_LINE_7_8,CASE9,131,3,"9,3,6",5,7,8,1,2,CRITICAL,142.7,0.816,7,497.6
CASE9_0131_LINE_8_2,CASE9,131,3,"9,3,6",6,8,2,0,2,CRITICAL,999.0,0.0,10,497.6
CASE9_0131_LINE_8_9,CASE9,131,3,"9,3,6",7,8,9,1,2,CRITICAL,113.3,0.857,2,497.6
CASE9_0131_LINE_9_4,CASE9,131,3,"9,3,6",8,9,4,0,2,CRITICAL,999.0,0.0,10,497.6
CASE9_0132_LINE_1_4,CASE9,132,6,"5,6,4,9,8,3",0,1,4,0,2,CRITICAL,999.0,0.0,10,612.6
CASE9_0132_LINE_4_5,CASE9,132,6,"5,6,4,9,8,3",1,4,5,0,2,CRITICAL,999.0,0.0,10,612.6
CASE9_0132_LINE_5_6,CASE9,132,6,"5,6,4,9,8,3",2,5,6,1,2,CRITICAL,175.4,0.798,3,612.6
CASE9_0132_LINE_3_6,CASE9,132,6,"5,6,4,9,8,3",3,3,6,0,2,CRITICAL,999.0,0.0,10,612.6
CASE9_0132_LINE_6_7,CASE9,132,6,"5,6,4,9,8,3",4,6,7,1,2,CRITICAL,162.9,0.89,2,612.6
CASE9_0132_LINE_7_8,CASE9,132,6,"5,6,4,9,8,3",5,7,8,0,2,CRITICAL,999.0,0.0,10,612.6
CASE9_0132_LINE_8_2,CASE9,132,6,"5,6,4,9,8,3",6,8,2,0,2,CRITICAL,999.0,0.0,10,612.6
CASE9_0132_LINE_8_9,CASE9,132,6,"5,6,4,9,8,3",7,8,9,1,2,CRITICAL,175.9,0.844,4,612.6
CASE9_0132_LINE_9_4,CASE9,132,6,"5,6,4,9,8,3",8,9,4,0,2,CRITICAL,999.0,0.0,10,612.6
CASE9_0133_LINE_1_4,CASE9,133,1,4,0,1,4,0,2,CRITICAL,999.0,0.0,10,331.9
CASE9_0133_LINE_4_5,CASE9,133,1,4,1,4,5,1,1,ALERT,65.2,0.907,0,331.9
CASE9_0133_LINE_5_6,CASE9,133,1,4,2,5,6,1,1,ALERT,65.5,0.915,0,331.9
CASE9_0133_LINE_3_6,CASE9,133,1,4,3,3,6,0,2,CRITICAL,999.0,0.0,10,331.9
CASE9_0133_LINE_6_7,CASE9,133,1,4,4,6,7,1,1,ALERT,65.9,0.946,0,331.9
CASE9_0133_LINE_7_8,CASE9,133,1,4,5,7,8,1,1,ALERT,70.2,0.931,0,331.9
CASE9_0133_LINE_8_2,CASE9,133,1,4,6,8,2,0,2,CRITICAL,999.0,0.0,10,331.9
CASE9_0133_LINE_8_9,CASE9,133,1,4,7,8,9,1,2,CRITICAL,91.1,0.887,1,331.9
CASE9_0133_LINE_9_4,CASE9,133,1,4,8,9,4,1,2,CRITICAL,69.3,0.794,1,331.9
CASE9_0134_LINE_1_4,CASE9,134,2,"7,6",0,1,4,0,2,CRITICAL,999.0,0.0,10,416.8
CASE9_0134_LINE_4_5,CASE9,134,2,"7,6",1,4,5,1,2,CRITICAL,85.2,0.868,1,416.8
CASE9_0134_LINE_5_6,CASE9,134,2,"7,6",2,5,6,1,1,ALERT,72.9,0.929,0,416.8
CASE9_0134_LINE_3_6,CASE9,134,2,"7,6",3,3,6,0,2,CRITICAL,999.0,0.0,10,416.8
CASE9_0134_LINE_6_7,CASE9,134,2,"7,6",4,6,7,1,1,ALERT,71.2,0.949,0,416.8
CASE9_0134_LINE_7_8,CASE9,134,2,"7,6",5,7,8,1,2,CRITICAL,91.0,0.889,1,416.8
CASE9_0134_LINE_8_2,CASE9,134,2,"7,6",6,8,2,0,2,CRITICAL,999.0,0.0,10,416.8
CASE9_0134_LINE_8_9,CASE9,134,2,"7,6",7,8,9,1,1,ALERT,75.4,0.904,0,416.8
CASE9_0134_LINE_9_4,CASE9,134,2,"7,6",8,9,4,1,2,CRITICAL,76.6,0.781,1,416.8
CASE9_0135_LINE_1_4,CASE9,135,5,"2,3,5,9,8",0,1,4,0,2,CRITICAL,999.0,0.0,10,725.8
CASE9_0135_LINE_4_5,CASE9,135,5,"2,3,5,9,8",1,4,5,0,2,CRITICAL,999.0,0.0,10,725.8
CASE9_0135_LINE_5_6,CASE9,135,5,"2,3,5,9,8",2,5,6,0,2,CRITICAL,999.0,0.0,10,725.8
CASE9_0135_LINE_3_6,CASE9,135,5,"2,3,5,9,8",3,3,6,0,2,CRITICAL,999.0,0.0,10,725.8
CASE9_0135_LINE_6_7,CASE9,135,5,"2,3,5,9,8",4,6,7,0,2,CRITICAL,999.0,0.0,10,725.8
CASE9_0135_LINE_7_8,CASE9,135,5,"2,3,5,9,8",5,7,8,1,2,CRITICAL,266.9,0.739,6,725.8
CASE9_0135_LINE_8_2,CASE9,135,5,"2,3,5,9,8",6,8,2,0,2,CRITICAL,999.0,0.0,10,725.8
CASE9_0135_LINE_8_9,CASE9,135,5,"2,3,5,9,8",7,8,9,0,2,CRITICAL,999.0,0.0,10,725.8
CASE9_0135_LINE_9_4,CASE9,135,5,"2,3,5,9,8",8,9,4,0,2,CRITICAL,999.0,0.0,10,725.8
CASE9_0106_LINE_1_4,CASE9,106,2,"5,8",0,1,4,0,2,CRITICAL,999.0,0.0,10,484.7
CASE9_0106_LINE_4_5,CASE9,106,2,"5,8",1,4,5,0,2,CRITICAL,999.0,0.0,10,484.7
CASE9_0106_LINE_5_6,CASE9,106,2,"5,8",2,5,6,1,2,CRITICAL,114.3,0.817,2,484.7
CASE9_0106_LINE_3_6,CASE9,106,2,"5,8",3,3,6,0,2,CRITICAL,999.0,0.0,10,484.7
CASE9_0106_LINE_6_7,CASE9,106,2,"5,8",4,6,7,1,2,CRITICAL,104.0,0.92,1,484.7
CASE9_0106_LINE_7_8,CASE9,106,2,"5,8",5,7,8,1,2,CRITICAL,105.6,0.905,1,484.7
CASE9_0106_LINE_8_2,CASE9,106,2,"5,8",6,8,2,0,2,CRITICAL,999.0,0.0,10,484.7
CASE9_0106_LINE_8_9,CASE9,106,2,"5,8",7,8,9,1,2,CRITICAL,107.6,0.883,2,484.7
CASE9_0106_LINE_9_4,CASE9,106,2,"5,8",8,9,4,1,2,CRITICAL,116.9,0.733,5,484.7
CASE9_0107_LINE_1_4,CASE9,107,8,"4,7,8,9,2,3,5,6",0,1,4,0,2,CRITICAL,999.0,0.0,10,632.8
CASE9_0107_LINE_4_5,CASE9,107,8,"4,7,8,9,2,3,5,6",1,4,5,0,2,CRITICAL,999.0,0.0,10,632.8
CASE9_0107_LINE_5_6,CASE9,107,8,"4,7,8,9,2,3,5,6",2,5,6,1,2,CRITICAL,211.5,0.745,7,632.8
CASE9_0107_LINE_3_6,CASE9,107,8,"4,7,8,9,2,3,5,6",3,3,6,0,2,CRITICAL,999.0,0.0,10,632.8
CASE9_0107_LINE_6_7,CASE9,107,8,"4,7,8,9,2,3,5,6",4,6,7,1,2,CRITICAL,187.0,0.777,5,632.8
CASE9_0107_LINE_7_8,CASE9,107,8,"4,7,8,9,2,3,5,6",5,7,8,0,2,CRITICAL,999.0,0.0,10,632.8
CASE9_0107_LINE_8_2,CASE9,107,8,"4,7,8,9,2,3,5,6",6,8,2,0,2,CRITICAL,999.0,0.0,10,632.8
CASE9_0107_LINE_8_9,CASE9,107,8,"4,7,8,9,2,3,5,6",7,8,9,1,2,CRITICAL,189.3,0.793,4,632.8
CASE9_0107_LINE_9_4,CASE9,107,8,"4,7,8,9,2,3,5,6",8,9,4,0,2,CRITICAL,999.0,0.0,10,632.8
CASE9_0108_LINE_1_4,CASE9,108,7,"9,6,4,2,7,8,3",0,1,4,0,2,CRITICAL,999.0,0.0,10,656.2
CASE9_0108_LINE_4_5,CASE9,108,7,"9,6,4,2,7,8,3",1,4,5,0,2,CRITICAL,999.0,0.0,10,656.2
CASE9_0108_LINE_5_6,CASE9,108,7,"9,6,4,2,7,8,3",2,5,6,1,2,CRITICAL,221.3,0.766,7,656.2
CASE9_0108_LINE_3_6,CASE9,108,7,"9,6,4,2,7,8,3",3,3,6,0,2,CRITICAL,999.0,0.0,10,656.2
CASE9_0108_LINE_6_7,CASE9,108,7,"9,6,4,2,7,8,3",4,6,7,1,2,CRITICAL,199.5,0.733,6,656.2
CASE9_0108_LINE_7_8,CASE9,108,7,"9,6,4,2,7,8,3",5,7,8,0,2,CRITICAL,999.0,0.0,10,656.2
CASE9_0108_LINE_8_2,CASE9,108,7,"9,6,4,2,7,8,3",6,8,2,0,2,CRITICAL,999.0,0.0,10,656.2
CASE9_0108_LINE_8_9,CASE9,108,7,"9,6,4,2,7,8,3",7,8,9,1,2,CRITICAL,214.7,0.804,7,656.2
CASE9_0108_LINE_9_4,CASE9,108,7,"9,6,4,2,7,8,3",8,9,4,0,2,CRITICAL,999.0,0.0,10,656.2
CASE9_0109_LINE_1_4,CASE9,109,5,"5,2,3,7,9",0,1,4,0,2,CRITICAL,999.0,0.0,10,676.0
CASE9_0109_LINE_4_5,CASE9,109,5,"5,2,3,7,9",1,4,5,0,2,CRITICAL,999.0,0.0,10,676.0
CASE9_0109_LINE_5_6,CASE9,109,5,"5,2,3,7,9",2,5,6,0,2,CRITICAL,999.0,0.0,10,676.0
CASE9_0109_LINE_3_6,CASE9,109,5,"5,2,3,7,9",3,3,6,0,2,CRITICAL,999.0,0.0,10,676.0
CASE9_0109_LINE_6_7,CASE9,109,5,"5,2,3,7,9",4,6,7,0,2,CRITICAL,999.0,0.0,10,676.0
CASE9_0109_LINE_7_8,CASE9,109,5,"5,2,3,7,9",5,7,8,0,2,CRITICAL,999.0,0.0,10,676.0
CASE9_0109_LINE_8_2,CASE9,109,5,"5,2,3,7,9",6,8,2,0,2,CRITICAL,999.0,0.0,10,676.0
CASE9_0109_LINE_8_9,CASE9,109,5,"5,2,3,7,9",7,8,9,0,2,CRITICAL,999.0,0.0,10,676.0
CASE9_0109_LINE_9_4,CASE9,109,5,"5,2,3,7,9",8,9,4,0,2,CRITICAL,999.0,0.0,10,676.0
CASE9_0110_LINE_1_4,CASE9,110,7,"7,2,6,3,4,9,8",0,1,4,0,2,CRITICAL,999.0,0.0,10,713.0
CASE9_0110_LINE_4_5,CASE9,110,7,"7,2,6,3,4,9,8",1,4,5,0,2,CRITICAL,999.0,0.0,10,713.0
CASE9_0110_LINE_5_6,CASE9,110,7,"7,2,6,3,4,9,8",2,5,6,0,2,CRITICAL,999.0,0.0,10,713.0
CASE9_0110_LINE_3_6,CASE9,110,7,"7,2,6,3,4,9,8",3,3,6,0,2,CRITICAL,999.0,0.0,10,713.0
CASE9_0110_LINE_6_7,CASE9,110,7,"7,2,6,3,4,9,8",4,6,7,0,2,CRITICAL,999.0,0.0,10,713.0
CASE9_0110_LINE_7_8,CASE9,110,7,"7,2,6,3,4,9,8",5,7,8,0,2,CRITICAL,999.0,0.0,10,713.0
CASE9_0110_LINE_8_2,CASE9,110,7,"7,2,6,3,4,9,8",6,8,2,0,2,CRITICAL,999.0,0.0,10,713.0
CASE9_0110_LINE_8_9,CASE9,110,7,"7,2,6,3,4,9,8",7,8,9,0,2,CRITICAL,999.0,0.0,10,713.0
CASE9_0110_LINE_9_4,CASE9,110,7,"7,2,6,3,4,9,8",8,9,4,0,2,CRITICAL,999.0,0.0,10,713.0
CASE9_0141_LINE_1_4,CASE9,141,4,"5,7,2,4",0,1,4,0,2,CRITICAL,999.0,0.0,10,450.9
CASE9_0141_LINE_4_5,CASE9,141,4,"5,7,2,4",1,4,5,1,2,CRITICAL,89.1,0.895,1,450.9
CASE9_0141_LINE_5_6,CASE9,141,4,"5,7,2,4",2,5,6,1,1,ALERT,87.8,0.92,0,450.9
CASE9_0141_LINE_3_6,CASE9,141,4,"5,7,2,4",3,3,6,0,2,CRITICAL,999.0,0.0,10,450.9
CASE9_0141_LINE_6_7,CASE9,141,4,"5,7,2,4",4,6,7,1,1,ALERT,88.4,0.924,0,450.9
CASE9_0141_LINE_7_8,CASE9,141,4,"5,7,2,4",5,7,8,1,1,ALERT,86.2,0.92,0,450.9
CASE9_0141_LINE_8_2,CASE9,141,4,"5,7,2,4",6,8,2,0,2,CRITICAL,999.0,0.0,10,450.9
CASE9_0141_LINE_8_9,CASE9,141,4,"5,7,2,4",7,8,9,1,1,ALERT,88.6,0.901,0,450.9
CASE9_0141_LINE_9_4,CASE9,141,4,"5,7,2,4",8,9,4,1,2,CRITICAL,125.9,0.758,2,450.9
CASE9_0142_LINE_1_4,CASE9,142,3,"5,8,4",0,1,4,0,2,CRITICAL,999.0,0.0,10,421.4
CASE9_0142_LINE_4_5,CASE9,142,3,"5,8,4",1,4,5,1,1,ALERT,74.3,0.929,0,421.4
CASE9_0142_LINE_5_6,CASE9,142,3,"5,8,4",2,5,6,1,1,ALERT,75.7,0.932,0,421.4
CASE9_0142_LINE_3_6,CASE9,142,3,"5,8,4",3,3,6,0,2,CRITICAL,999.0,0.0,10,421.4
CASE9_0142_LINE_6_7,CASE9,142,3,"5,8,4",4,6,7,1,1,ALERT,75.3,0.922,0,421.4
CASE9_0142_LINE_7_8,CASE9,142,3,"5,8,4",5,7,8,1,1,ALERT,73.6,0.939,0,421.4
CASE9_0142_LINE_8_2,CASE9,142,3,"5,8,4",6,8,2,0,2,CRITICAL,999.0,0.0,10,421.4
CASE9_0142_LINE_8_9,CASE9,142,3,"5,8,4",7,8,9,1,1,ALERT,77.2,0.901,0,421.4
CASE9_0142_LINE_9_4,CASE9,142,3,"5,8,4",8,9,4,1,2,CRITICAL,108.9,0.743,2,421.4
CASE9_0143_LINE_1_4,CASE9,143,4,"9,5,3,2",0,1,4,0,2,CRITICAL,999.0,0.0,10,654.7
CASE9_0143_LINE_4_5,CASE9,143,4,"9,5,3,2",1,4,5,0,2,CRITICAL,999.0,0.0,10,654.7
CASE9_0143_LINE_5_6,CASE9,143,4,"9,5,3,2",2,5,6,1,2,CRITICAL,222.8,0.727,5,654.7
CASE9_0143_LINE_3_6,CASE9,143,4,"9,5,3,2",3,3,6,0,2,CRITICAL,999.0,0.0,10,654.7
CASE9_0143_LINE_6_7,CASE9,143,4,"9,5,3,2",4,6,7,1,2,CRITICAL,193.6,0.814,4,654.7
CASE9_0143_LINE_7_8,CASE9,143,4,"9,5,3,2",5,7,8,1,2,CRITICAL,212.0,0.795,6,654.7
CASE9_0143_LINE_8_2,CASE9,143,4,"9,5,3,2",6,8,2,0,2,CRITICAL,999.0,0.0,10,654.7
CASE9_0143_LINE_8_9,CASE9,143,4,"9,5,3,2",7,8,9,0,2,CRITICAL,999.0,0.0,10,654.7
CASE9_0143_LINE_9_4,CASE9,143,4,"9,5,3,2",8,9,4,0,2,CRITICAL,999.0,0.0,10,654.7
CASE9_0144_LINE_1_4,CASE9,144,5,"7,4,2,9,3",0,1,4,0,2,CRITICAL,999.0,0.0,10,602.8
CASE9_0144_LINE_4_5,CASE9,144,5,"7,4,2,9,3",1,4,5,1,2,CRITICAL,189.4,0.799,8,602.8
CASE9_0144_LINE_5_6,CASE9,144,5,"7,4,2,9,3",2,5,6,1,2,CRITICAL,159.9,0.884,2,602.8
CASE9_0144_LINE_3_6,CASE9,144,5,"7,4,2,9,3",3,3,6,0,2,CRITICAL,999.0,0.0,10,602.8
CASE9_0144_LINE_6_7,CASE9,144,5,"7,4,2,9,3",4,6,7,1,2,CRITICAL,153.8,0.888,2,602.8
CASE9_0144_LINE_7_8,CASE9,144,5,"7,4,2,9,3",5,7,8,1,2,CRITICAL,190.6,0.766,9,602.8
CASE9_0144_LINE_8_2,CASE9,144,5,"7,4,2,9,3",6,8,2,0,2,CRITICAL,999.0,0.0,10,602.8
CASE9_0144_LINE_8_9,CASE9,144,5,"7,4,2,9,3",7,8,9,1,2,CRITICAL,159.7,0.866,2,602.8
CASE9_0144_LINE_9_4,CASE9,144,5,"7,4,2,9,3",8,9,4,0,2,CRITICAL,999.0,0.0,10,602.8
CASE9_0145_LINE_1_4,CASE9,145,2,"5,4",0,1,4,0,2,CRITICAL,999.0,0.0,10,447.4
CASE9_0145_LINE_4_5,CASE9,145,2,"5,4",1,4,5,0,2,CRITICAL,999.0,0.0,10,447.4
CASE9_0145_LINE_5_6,CASE9,145,2,"5,4",2,5,6,1,2,CRITICAL,107.5,0.812,3,447.4
CASE9_0145_LINE_3_6,CASE9,145,2,"5,4",3,3,6,0,2,CRITICAL,999.0,0.0,10,447.4
CASE9_0145_LINE_6_7,CASE9,145,2,"5,4",4,6,7,1,1,ALERT,88.6,0.926,0,447.4
CASE9_0145_LINE_7_8,CASE9,145,2,"5,4",5,7,8,1,2,CRITICAL,97.6,0.9,1,447.4
CASE9_0145_LINE_8_2,CASE9,145,2,"5,4",6,8,2,0,2,CRITICAL,999.0,0.0,10,447.4
CASE9_0145_LINE_8_9,CASE9,145,2,"5,4",7,8,9,1,2,CRITICAL,102.3,0.863,3,447.4
CASE9_0145_LINE_9_4,CASE9,145,2,"5,4",8,9,4,1,2,CRITICAL,89.3,0.788,1,447.4
CASE9_0126_LINE_1_4,CASE9,126,6,"6,2,5,3,8,7",0,1,4,0,2,CRITICAL,999.0,0.0,10,555.9
CASE9_0126_LINE_4_5,CASE9,126,6,"6,2,5,3,8,7",1,4,5,0,2,CRITICAL,999.0,0.0,10,555.9
CASE9_0126_LINE_5_6,CASE9,126,6,"6,2,5,3,8,7",2,5,6,1,2,CRITICAL,141.3,0.892,3,555.9
CASE9_0126_LINE_3_6,CASE9,126,6,"6,2,5,3,8,7",3,3,6,0,2,CRITICAL,999.0,0.0,10,555.9
CASE9_0126_LINE_6_7,CASE9,126,6,"6,2,5,3,8,7",4,6,7,1,2,CRITICAL,135.5,0.851,2,555.9
CASE9_0126_LINE_7_8,CASE9,126,6,"6,2,5,3,8,7",5,7,8,0,2,CRITICAL,999.0,0.0,10,555.9
CASE9_0126_LINE_8_2,CASE9,126,6,"6,2,5,3,8,7",6,8,2,0,2,CRITICAL,999.0,0.0,10,555.9
CASE9_0126_LINE_8_9,CASE9,126,6,"6,2,5,3,8,7",7,8,9,1,2,CRITICAL,140.1,0.881,2,555.9
CASE9_0126_LINE_9_4,CASE9,126,6,"6,2,5,3,8,7",8,9,4,0,2,CRITICAL,999.0,0.0,10,555.9
CASE9_0127_LINE_1_4,CASE9,127,8,"5,6,2,4,8,7,3,9",0,1,4,0,2,CRITICAL,999.0,0.0,10,603.1
CASE9_0127_LINE_4_5,CASE9,127,8,"5,6,2,4,8,7,3,9",1,4,5,1,2,CRITICAL,183.4,0.792,4,603.1
CASE9_0127_LINE_5_6,CASE9,127,8,"5,6,2,4,8,7,3,9",2,5,6,1,2,CRITICAL,165.0,0.856,3,603.1
CASE9_0127_LINE_3_6,CASE9,127,8,"5,6,2,4,8,7,3,9",3,3,6,0,2,CRITICAL,999.0,0.0,10,603.1
CASE9_0127_LINE_6_7,CASE9,127,8,"5,6,2,4,8,7,3,9",4,6,7,1,2,CRITICAL,157.0,0.875,2,603.1
CASE9_0127_LINE_7_8,CASE9,127,8,"5,6,2,4,8,7,3,9",5,7,8,1,2,CRITICAL,158.5,0.896,2,603.1
CASE9_0127_LINE_8_2,CASE9,127,8,"5,6,2,4,8,7,3,9",6,8,2,0,2,CRITICAL,999.0,0.0,10,603.1
CASE9_0127_LINE_8_9,CASE9,127,8,"5,6,2,4,8,7,3,9",7,8,9,1,2,CRITICAL,168.1,0.785,2,603.1
CASE9_0127_LINE_9_4,CASE9,127,8,"5,6,2,4,8,7,3,9",8,9,4,0,2,CRITICAL,999.0,0.0,10,603.1
CASE9_0128_LINE_1_4,CASE9,128,3,"3,6,8",0,1,4,0,2,CRITICAL,999.0,0.0,10,535.2
CASE9_0128_LINE_4_5,CASE9,128,3,"3,6,8",1,4,5,0,2,CRITICAL,999.0,0.0,10,535.2
CASE9_0128_LINE_5_6,CASE9,128,3,"3,6,8",2,5,6,1,2,CRITICAL,129.0,0.904,1,535.2
CASE9_0128_LINE_3_6,CASE9,128,3,"3,6,8",3,3,6,0,2,CRITICAL,999.0,0.0,10,535.2
CASE9_0128_LINE_6_7,CASE9,128,3,"3,6,8",4,6,7,1,2,CRITICAL,123.2,0.925,1,535.2
CASE9_0128_LINE_7_8,CASE9,128,3,"3,6,8",5,7,8,1,2,CRITICAL,154.0,0.811,7,535.2
CASE9_0128_LINE_8_2,CASE9,128,3,"3,6,8",6,8,2,0,2,CRITICAL,999.0,0.0,10,535.2
CASE9_0128_LINE_8_9,CASE9,128,3,"3,6,8",7,8,9,1,2,CRITICAL,127.6,0.889,2,535.2
CASE9_0128_LINE_9_4,CASE9,128,3,"3,6,8",8,9,4,0,2,CRITICAL,999.0,0.0,10,535.2
CASE9_0129_LINE_1_4,CASE9,129,4,"8,2,7,9",0,1,4,0,2,CRITICAL,999.0,0.0,10,588.9
CASE9_0129_LINE_4_5,CASE9,129,4,"8,2,7,9",1,4,5,0,2,CRITICAL,999.0,0.0,10,588.9
CASE9_0129_LINE_5_6,CASE9,129,4,"8,2,7,9",2,5,6,1,2,CRITICAL,167.2,0.817,5,588.9
CASE9_0129_LINE_3_6,CASE9,129,4,"8,2,7,9",3,3,6,0,2,CRITICAL,999.0,0.0,10,588.9
CASE9_0129_LINE_6_7,CASE9,129,4,"8,2,7,9",4,6,7,0,2,CRITICAL,999.0,0.0,10,588.9
CASE9_0129_LINE_7_8,CASE9,129,4,"8,2,7,9",5,7,8,1,2,CRITICAL,170.5,0.719,6,588.9
CASE9_0129_LINE_8_2,CASE9,129,4,"8,2,7,9",6,8,2,0,2,CRITICAL,999.0,0.0,10,588.9
CASE9_0129_LINE_8_9,CASE9,129,4,"8,2,7,9",7,8,9,1,2,CRITICAL,179.5,0.698,4,588.9
CASE9_0129_LINE_9_4,CASE9,129,4,"8,2,7,9",8,9,4,0,2,CRITICAL,999.0,0.0,10,588.9
CASE9_0130_LINE_1_4,CASE9,130,4,"4,6,2,9",0,1,4,0,2,CRITICAL,999.0,0.0,10,558.9
CASE9_0130_LINE_4_5,CASE9,130,4,"4,6,2,9",1,4,5,1,2,CRITICAL,170.7,0.784,6,558.9
CASE9_0130_LINE_5_6,CASE9,130,4,"4,6,2,9",2,5,6,1,2,CRITICAL,139.3,0.895,3,558.9
CASE9_0130_LINE_3_6,CASE9,130,4,"4,6,2,9",3,3,6,0,2,CRITICAL,999.0,0.0,10,558.9
CASE9_0130_LINE_6_7,CASE9,130,4,"4,6,2,9",4,6,7,1,2,CRITICAL,133.7,0.916,1,558.9
CASE9_0130_LINE_7_8,CASE9,130,4,"4,6,2,9",5,7,8,1,2,CRITICAL,142.9,0.877,3,558.9
CASE9_0130_LINE_8_2,CASE9,130,4,"4,6,2,9",6,8,2,0,2,CRITICAL,999.0,0.0,10,558.9
CASE9_0130_LINE_8_9,CASE9,130,4,"4,6,2,9",7,8,9,1,2,CRITICAL,141.1,0.846,2,558.9
CASE9_0130_LINE_9_4,CASE9,130,4,"4,6,2,9",8,9,4,0,2,CRITICAL,999.0,0.0,10,558.9
CASE9_0146_LINE_1_4,CASE9,146,7,"7,9,2,4,6,3,5",0,1,4,0,2,CRITICAL,999.0,0.0,10,675.3
CASE9_0146_LINE_4_5,CASE9,146,7,"7,9,2,4,6,3,5",1,4,5,0,2,CRITICAL,999.0,0.0,10,675.3
CASE9_0146_LINE_5_6,CASE9,146,7,"7,9,2,4,6,3,5",2,5,6,1,2,CRITICAL,209.0,0.814,4,675.3
CASE9_0146_LINE_3_6,CASE9,146,7,"7,9,2,4,6,3,5",3,3,6,0,2,CRITICAL,999.0,0.0,10,675.3
CASE9_0146_LINE_6_7,CASE9,146,7,"7,9,2,4,6,3,5",4,6,7,1,2,CRITICAL,193.9,0.854,3,675.3
CASE9_0146_LINE_7_8,CASE9,146,7,"7,9,2,4,6,3,5",5,7,8,0,2,CRITICAL,999.0,0.0,10,675.3
CASE9_0146_LINE_8_2,CASE9,146,7,"7,9,2,4,6,3,5",6,8,2,0,2,CRITICAL,999.0,0.0,10,675.3
CASE9_0146_LINE_8_9,CASE9,146,7,"7,9,2,4,6,3,5",7,8,9,1,2,CRITICAL,207.9,0.802,4,675.3
CASE9_0146_LINE_9_4,CASE9,146,7,"7,9,2,4,6,3,5",8,9,4,0,2,CRITICAL,999.0,0.0,10,675.3
CASE9_0147_LINE_1_4,CASE9,147,7,"9,2,8,3,5,7,6",0,1,4,0,2,CRITICAL,999.0,0.0,10,734.6
CASE9_0147_LINE_4_5,CASE9,147,7,"9,2,8,3,5,7,6",1,4,5,0,2,CRITICAL,999.0,0.0,10,734.6
CASE9_0147_LINE_5_6,CASE9,147,7,"9,2,8,3,5,7,6",2,5,6,0,2,CRITICAL,999.0,0.0,10,734.6
CASE9_0147_LINE_3_6,CASE9,147,7,"9,2,8,3,5,7,6",3,3,6,0,2,CRITICAL,999.0,0.0,10,734.6
CASE9_0147_LINE_6_7,CASE9,147,7,"9,2,8,3,5,7,6",4,6,7,0,2,CRITICAL,999.0,0.0,10,734.6
CASE9_0147_LINE_7_8,CASE9,147,7,"9,2,8,3,5,7,6",5,7,8,0,2,CRITICAL,999.0,0.0,10,734.6
CASE9_0147_LINE_8_2,CASE9,147,7,"9,2,8,3,5,7,6",6,8,2,0,2,CRITICAL,999.0,0.0,10,734.6
CASE9_0147_LINE_8_9,CASE9,147,7,"9,2,8,3,5,7,6",7,8,9,0,2,CRITICAL,999.0,0.0,10,734.6
CASE9_0147_LINE_9_4,CASE9,147,7,"9,2,8,3,5,7,6",8,9,4,0,2,CRITICAL,999.0,0.0,10,734.6
CASE9_0148_LINE_1_4,CASE9,148,3,"6,9,4",0,1,4,0,2,CRITICAL,999.0,0.0,10,587.2
CASE9_0148_LINE_4_5,CASE9,148,3,"6,9,4",1,4,5,1,2,CRITICAL,171.0,0.811,5,587.2
CASE9_0148_LINE_5_6,CASE9,148,3,"6,9,4",2,5,6,1,2,CRITICAL,157.9,0.858,3,587.2
CASE9_0148_LINE_3_6,CASE9,148,3,"6,9,4",3,3,6,0,2,CRITICAL,999.0,0.0,10,587.2
CASE9_0148_LINE_6_7,CASE9,148,3,"6,9,4",4,6,7,1,2,CRITICAL,151.0,0.872,2,587.2
CASE9_0148_LINE_7_8,CASE9,148,3,"6,9,4",5,7,8,1,2,CRITICAL,171.8,0.835,4,587.2
CASE9_0148_LINE_8_2,CASE9,148,3,"6,9,4",6,8,2,0,2,CRITICAL,999.0,0.0,10,587.2
CASE9_0148_LINE_8_9,CASE9,148,3,"6,9,4",7,8,9,1,2,CRITICAL,181.7,0.689,4,587.2
CASE9_0148_LINE_9_4,CASE9,148,3,"6,9,4",8,9,4,0,2,CRITICAL,999.0,0.0,10,587.2
CASE9_0149_LINE_1_4,CASE9,149,5,"8,2,5,9,3",0,1,4,0,2,CRITICAL,999.0,0.0,10,535.5
CASE9_0149_LINE_4_5,CASE9,149,5,"8,2,5,9,3",1,4,5,1,2,CRITICAL,143.8,0.836,3,535.5
CASE9_0149_LINE_5_6,CASE9,149,5,"8,2,5,9,3",2,5,6,1,2,CRITICAL,128.9,0.894,2,535.5
CASE9_0149_LINE_3_6,CASE9,149,5,"8,2,5,9,3",3,3,6,0,2,CRITICAL,999.0,0.0,10,535.5
CASE9_0149_LINE_6_7,CASE9,149,5,"8,2,5,9,3",4,6,7,1,2,CRITICAL,126.4,0.894,2,535.5
CASE9_0149_LINE_7_8,CASE9,149,5,"8,2,5,9,3",5,7,8,1,2,CRITICAL,123.9,0.922,1,535.5
CASE9_0149_LINE_8_2,CASE9,149,5,"8,2,5,9,3",6,8,2,0,2,CRITICAL,999.0,0.0,10,535.5
CASE9_0149_LINE_8_9,CASE9,149,5,"8,2,5,9,3",7,8,9,1,2,CRITICAL,128.3,0.866,2,535.5
CASE9_0149_LINE_9_4,CASE9,149,5,"8,2,5,9,3",8,9,4,0,2,CRITICAL,999.0,0.0,10,535.5
CASE9_0150_LINE_1_4,CASE9,150,5,"9,6,4,3,5",0,1,4,0,2,CRITICAL,999.0,0.0,10,437.4
CASE9_0150_LINE_4_5,CASE9,150,5,"9,6,4,3,5",1,4,5,1,1,ALERT,83.2,0.923,0,437.4
CASE9_0150_LINE_5_6,CASE9,150,5,"9,6,4,3,5",2,5,6,1,1,ALERT,83.1,0.921,0,437.4
CASE9_0150_LINE_3_6,CASE9,150,5,"9,6,4,3,5",3,3,6,0,2,CRITICAL,999.0,0.0,10,437.4
CASE9_0150_LINE_6_7,CASE9,150,5,"9,6,4,3,5",4,6,7,1,1,ALERT,80.5,0.925,0,437.4
CASE9_0150_LINE_7_8,CASE9,150,5,"9,6,4,3,5",5,7,8,1,1,ALERT,90.0,0.902,0,437.4
CASE9_0150_LINE_8_2,CASE9,150,5,"9,6,4,3,5",6,8,2,0,2,CRITICAL,999.0,0.0,10,437.4
CASE9_0150_LINE_8_9,CASE9,150,5,"9,6,4,3,5",7,8,9,1,2,CRITICAL,93.4,0.837,1,437.4
CASE9_0150_LINE_9_4,CASE9,150,5,"9,6,4,3,5",8,9,4,0,2,CRITICAL,999.0,0.0,10,437.4
CASE9_0151_LINE_1_4,CASE9,151,3,"5,2,9",0,1,4,0,2,CRITICAL,999.0,0.0,10,533.3
CASE9_0151_LINE_4_5,CASE9,151,3,"5,2,9",1,4,5,0,2,CRITICAL,999.0,0.0,10,533.3
CASE9_0151_LINE_5_6,CASE9,151,3,"5,2,9",2,5,6,1,2,CRITICAL,138.5,0.81,3,533.3
CASE9_0151_LINE_3_6,CASE9,151,3,"5,2,9",3,3,6,0,2,CRITICAL,999.0,0.0,10,533.3
CASE9_0151_LINE_6_7,CASE9,151,3,"5,2,9",4,6,7,1,2,CRITICAL,129.8,0.883,2,533.3
CASE9_0151_LINE_7_8,CASE9,151,3,"5,2,9",5,7,8,1,2,CRITICAL,128.2,0.902,1,533.3
CASE9_0151_LINE_8_2,CASE9,151,3,"5,2,9",6,8,2,0,2,CRITICAL,999.0,0.0,10,533.3
CASE9_0151_LINE_8_9,CASE9,151,3,"5,2,9",7,8,9,1,2,CRITICAL,141.4,0.786,3,533.3
CASE9_0151_LINE_9_4,CASE9,151,3,"5,2,9",8,9,4,0,2,CRITICAL,999.0,0.0,10,533.3
CASE9_0152_LINE_1_4,CASE9,152,5,"9,6,3,2,8",0,1,4,0,2,CRITICAL,999.0,0.0,10,586.8
CASE9_0152_LINE_4_5,CASE9,152,5,"9,6,3,2,8",1,4,5,0,2,CRITICAL,999.0,0.0,10,586.8
CASE9_0152_LINE_5_6,CASE9,152,5,"9,6,3,2,8",2,5,6,1,2,CRITICAL,169.4,0.852,4,586.8
CASE9_0152_LINE_3_6,CASE9,152,5,"9,6,3,2,8",3,3,6,0,2,CRITICAL,999.0,0.0,10,586.8
CASE9_0152_LINE_6_7,CASE9,152,5,"9,6,3,2,8",4,6,7,1,2,CRITICAL,147.9,0.916,1,586.8
CASE9_0152_LINE_7_8,CASE9,152,5,"9,6,3,2,8",5,7,8,0,2,CRITICAL,999.0,0.0,10,586.8
CASE9_0152_LINE_8_2,CASE9,152,5,"9,6,3,2,8",6,8,2,0,2,CRITICAL,999.0,0.0,10,586.8
CASE9_0152_LINE_8_9,CASE9,152,5,"9,6,3,2,8",7,8,9,1,2,CRITICAL,187.8,0.775,6,586.8
CASE9_0152_LINE_9_4,CASE9,152,5,"9,6,3,2,8",8,9,4,0,2,CRITICAL,999.0,0.0,10,586.8
CASE9_0153_LINE_1_4,CASE9,153,4,"2,8,6,4",0,1,4,0,2,CRITICAL,999.0,0.0,10,513.5
CASE9_0153_LINE_4_5,CASE9,153,4,"2,8,6,4",1,4,5,1,2,CRITICAL,125.7,0.868,4,513.5
CASE9_0153_LINE_5_6,CASE9,153,4,"2,8,6,4",2,5,6,1,2,CRITICAL,115.2,0.912,1,513.5
CASE9_0153_LINE_3_6,CASE9,153,4,"2,8,6,4",3,3,6,0,2,CRITICAL,999.0,0.0,10,513.5
CASE9_0153_LINE_6_7,CASE9,153,4,"2,8,6,4",4,6,7,1,2,CRITICAL,113.1,0.915,1,513.5
CASE9_0153_LINE_7_8,CASE9,153,4,"2,8,6,4",5,7,8,1,2,CRITICAL,115.9,0.908,1,513.5
CASE9_0153_LINE_8_2,CASE9,153,4,"2,8,6,4",6,8,2,0,2,CRITICAL,999.0,0.0,10,513.5
CASE9_0153_LINE_8_9,CASE9,153,4,"2,8,6,4",7,8,9,1,2,CRITICAL,115.5,0.894,2,513.5
CASE9_0153_LINE_9_4,CASE9,153,4,"2,8,6,4",8,9,4,1,2,CRITICAL,142.5,0.688,8,513.5
CASE9_0154_LINE_1_4,CASE9,154,4,"2,9,4,8",0,1,4,0,2,CRITICAL,999.0,0.0,10,479.8
CASE9_0154_LINE_4_5,CASE9,154,4,"2,9,4,8",1,4,5,1,1,ALERT,99.5,0.901,0,479.8
CASE9_0154_LINE_5_6,CASE9,154,4,"2,9,4,8",2,5,6,1,1,ALERT,99.1,0.921,0,479.8
CASE9_0154_LINE_3_6,CASE9,154,4,"2,9,4,8",3,3,6,0,2,CRITICAL,999.0,0.0,10,479.8
CASE9_0154_LINE_6_7,CASE9,154,4,"2,9,4,8",4,6,7,1,1,ALERT,99.2,0.923,0,479.8
CASE9_0154_LINE_7_8,CASE9,154,4,"2,9,4,8",5,7,8,1,1,ALERT,96.8,0.937,0,479.8
CASE9_0154_LINE_8_2,CASE9,154,4,"2,9,4,8",6,8,2,0,2,CRITICAL,999.0,0.0,10,479.8
CASE9_0154_LINE_8_9,CASE9,154,4,"2,9,4,8",7,8,9,1,1,ALERT,97.9,0.933,0,479.8
CASE9_0154_LINE_9_4,CASE9,154,4,"2,9,4,8",8,9,4,1,2,CRITICAL,100.0,0.874,2,479.8
CASE9_0155_LINE_1_4,CASE9,155,8,"9,6,7,4,2,8,5,3",0,1,4,0,2,CRITICAL,999.0,0.0,10,721.3
CASE9_0155_LINE_4_5,CASE9,155,8,"9,6,7,4,2,8,5,3",1,4,5,0,2,CRITICAL,999.0,0.0,10,721.3
CASE9_0155_LINE_5_6,CASE9,155,8,"9,6,7,4,2,8,5,3",2,5,6,1,2,CRITICAL,256.5,0.674,4,721.3
CASE9_0155_LINE_3_6,CASE9,155,8,"9,6,7,4,2,8,5,3",3,3,6,0,2,CRITICAL,999.0,0.0,10,721.3
CASE9_0155_LINE_6_7,CASE9,155,8,"9,6,7,4,2,8,5,3",4,6,7,1,2,CRITICAL,221.9,0.845,4,721.3
CASE9_0155_LINE_7_8,CASE9,155,8,"9,6,7,4,2,8,5,3",5,7,8,1,2,CRITICAL,226.7,0.832,4,721.3
CASE9_0155_LINE_8_2,CASE9,155,8,"9,6,7,4,2,8,5,3",6,8,2,0,2,CRITICAL,999.0,0.0,10,721.3
CASE9_0155_LINE_8_9,CASE9,155,8,"9,6,7,4,2,8,5,3",7,8,9,1,2,CRITICAL,268.9,0.632,4,721.3
CASE9_0155_LINE_9_4,CASE9,155,8,"9,6,7,4,2,8,5,3",8,9,4,0,2,CRITICAL,999.0,0.0,10,721.3
CASE9_0166_LINE_1_4,CASE9,166,4,"7,9,6,8",0,1,4,0,2,CRITICAL,999.0,0.0,10,450.2
CASE9_0166_LINE_4_5,CASE9,166,4,"7,9,6,8",1,4,5,1,2,CRITICAL,90.9,0.888,1,450.2
CASE9_0166_LINE_5_6,CASE9,166,4,"7,9,6,8",2,5,6,1,1,ALERT,88.4,0.919,0,450.2
CASE9_0166_LINE_3_6,CASE9,166,4,"7,9,6,8",3,3,6,0,2,CRITICAL,999.0,0.0,10,450.2
CASE9_0166_LINE_6_7,CASE9,166,4,"7,9,6,8",4,6,7,1,1,ALERT,87.0,0.924,0,450.2
CASE9_0166_LINE_7_8,CASE9,166,4,"7,9,6,8",5,7,8,1,1,ALERT,86.5,0.936,0,450.2
CASE9_0166_LINE_8_2,CASE9,166,4,"7,9,6,8",6,8,2,0,2,CRITICAL,999.0,0.0,10,450.2
CASE9_0166_LINE_8_9,CASE9,166,4,"7,9,6,8",7,8,9,1,2,CRITICAL,90.6,0.877,1,450.2
CASE9_0166_LINE_9_4,CASE9,166,4,"7,9,6,8",8,9,4,0,2,CRITICAL,999.0,0.0,10,450.2
CASE9_0167_LINE_1_4,CASE9,167,3,"4,5,7",0,1,4,0,2,CRITICAL,999.0,0.0,10,470.4
CASE9_0167_LINE_4_5,CASE9,167,3,"4,5,7",1,4,5,1,2,CRITICAL,107.9,0.641,3,470.4
CASE9_0167_LINE_5_6,CASE9,167,3,"4,5,7",2,5,6,1,2,CRITICAL,110.5,0.837,2,470.4
CASE9_0167_LINE_3_6,CASE9,167,3,"4,5,7",3,3,6,0,2,CRITICAL,999.0,0.0,10,470.4
CASE9_0167_LINE_6_7,CASE9,167,3,"4,5,7",4,6,7,1,1,ALERT,97.8,0.92,0,470.4
CASE9_0167_LINE_7_8,CASE9,167,3,"4,5,7",5,7,8,1,2,CRITICAL,109.1,0.883,3,470.4
CASE9_0167_LINE_8_2,CASE9,167,3,"4,5,7",6,8,2,0,2,CRITICAL,999.0,0.0,10,470.4
CASE9_0167_LINE_8_9,CASE9,167,3,"4,5,7",7,8,9,1,2,CRITICAL,108.0,0.868,2,470.4
CASE9_0167_LINE_9_4,CASE9,167,3,"4,5,7",8,9,4,1,2,CRITICAL,99.6,0.778,1,470.4
CASE9_0168_LINE_1_4,CASE9,168,6,"7,2,4,6,5,3",0,1,4,0,2,CRITICAL,999.0,0.0,10,522.9
CASE9_0168_LINE_4_5,CASE9,168,6,"7,2,4,6,5,3",1,4,5,1,2,CRITICAL,119.8,0.93,1,522.9
CASE9_0168_LINE_5_6,CASE9,168,6,"7,2,4,6,5,3",2,5,6,1,2,CRITICAL,116.4,0.943,1,522.9
CASE9_0168_LINE_3_6,CASE9,168,6,"7,2,4,6,5,3",3,3,6,0,2,CRITICAL,999.0,0.0,10,522.9
CASE9_0168_LINE_6_7,CASE9,168,6,"7,2,4,6,5,3",4,6,7,1,2,CRITICAL,114.4,0.944,1,522.9
CASE9_0168_LINE_7_8,CASE9,168,6,"7,2,4,6,5,3",5,7,8,1,2,CRITICAL,119.3,0.918,1,522.9
CASE9_0168_LINE_8_2,CASE9,168,6,"7,2,4,6,5,3",6,8,2,0,2,CRITICAL,999.0,0.0,10,522.9
CASE9_0168_LINE_8_9,CASE9,168,6,"7,2,4,6,5,3",7,8,9,1,2,CRITICAL,118.0,0.897,2,522.9
CASE9_0168_LINE_9_4,CASE9,168,6,"7,2,4,6,5,3",8,9,4,1,2,CRITICAL,128.5,0.764,4,522.9
CASE9_0169_LINE_1_4,CASE9,169,7,"5,3,4,2,6,7,8",0,1,4,0,2,CRITICAL,999.0,0.0,10,689.2
CASE9_0169_LINE_4_5,CASE9,169,7,"5,3,4,2,6,7,8",1,4,5,0,2,CRITICAL,999.0,0.0,10,689.2
CASE9_0169_LINE_5_6,CASE9,169,7,"5,3,4,2,6,7,8",2,5,6,1,2,CRITICAL,222.4,0.789,4,689.2
CASE9_0169_LINE_3_6,CASE9,169,7,"5,3,4,2,6,7,8",3,3,6,0,2,CRITICAL,999.0,0.0,10,689.2
CASE9_0169_LINE_6_7,CASE9,169,7,"5,3,4,2,6,7,8",4,6,7,1,2,CRITICAL,222.6,0.764,7,689.2
CASE9_0169_LINE_7_8,CASE9,169,7,"5,3,4,2,6,7,8",5,7,8,0,2,CRITICAL,999.0,0.0,10,689.2
CASE9_0169_LINE_8_2,CASE9,169,7,"5,3,4,2,6,7,8",6,8,2,0,2,CRITICAL,999.0,0.0,10,689.2
CASE9_0169_LINE_8_9,CASE9,169,7,"5,3,4,2,6,7,8",7,8,9,1,2,CRITICAL,226.6,0.791,5,689.2
CASE9_0169_LINE_9_4,CASE9,169,7,"5,3,4,2,6,7,8",8,9,4,0,2,CRITICAL,999.0,0.0,10,689.2
CASE9_0170_LINE_1_4,CASE9,170,4,"5,9,3,6",0,1,4,0,2,CRITICAL,999.0,0.0,10,404.5
CASE9_0170_LINE_4_5,CASE9,170,4,"5,9,3,6",1,4,5,1,2,CRITICAL,83.2,0.852,1,404.5
CASE9_0170_LINE_5_6,CASE9,170,4,"5,9,3,6",2,5,6,1,1,ALERT,68.7,0.921,0,404.5
CASE9_0170_LINE_3_6,CASE9,170,4,"5,9,3,6",3,3,6,0,2,CRITICAL,999.0,0.0,10,404.5
CASE9_0170_LINE_6_7,CASE9,170,4,"5,9,3,6",4,6,7,1,1,ALERT,65.8,0.948,0,404.5
CASE9_0170_LINE_7_8,CASE9,170,4,"5,9,3,6",5,7,8,1,2,CRITICAL,87.3,0.897,1,404.5
CASE9_0170_LINE_8_2,CASE9,170,4,"5,9,3,6",6,8,2,0,2,CRITICAL,999.0,0.0,10,404.5
CASE9_0170_LINE_8_9,CASE9,170,4,"5,9,3,6",7,8,9,1,1,ALERT,70.5,0.909,0,404.5
CASE9_0170_LINE_9_4,CASE9,170,4,"5,9,3,6",8,9,4,1,2,CRITICAL,69.6,0.807,1,404.5
CASE9_0156_LINE_1_4,CASE9,156,7,"5,6,4,2,7,8,9",0,1,4,0,2,CRITICAL,999.0,0.0,10,516.7
CASE9_0156_LINE_4_5,CASE9,156,7,"5,6,4,2,7,8,9",1,4,5,1,2,CRITICAL,137.2,0.684,7,516.7
CASE9_0156_LINE_5_6,CASE9,156,7,"5,6,4,2,7,8,9",2,5,6,1,2,CRITICAL,118.5,0.877,2,516.7
CASE9_0156_LINE_3_6,CASE9,156,7,"5,6,4,2,7,8,9",3,3,6,0,2,CRITICAL,999.0,0.0,10,516.7
CASE9_0156_LINE_6_7,CASE9,156,7,"5,6,4,2,7,8,9",4,6,7,1,2,CRITICAL,113.5,0.938,1,516.7
CASE9_0156_LINE_7_8,CASE9,156,7,"5,6,4,2,7,8,9",5,7,8,1,2,CRITICAL,122.4,0.897,2,516.7
CASE9_0156_LINE_8_2,CASE9,156,7,"5,6,4,2,7,8,9",6,8,2,0,2,CRITICAL,999.0,0.0,10,516.7
CASE9_0156_LINE_8_9,CASE9,156,7,"5,6,4,2,7,8,9",7,8,9,1,2,CRITICAL,117.0,0.915,1,516.7
CASE9_0156_LINE_9_4,CASE9,156,7,"5,6,4,2,7,8,9",8,9,4,1,2,CRITICAL,123.6,0.877,3,516.7
CASE9_0157_LINE_1_4,CASE9,157,5,"6,5,8,9,7",0,1,4,0,2,CRITICAL,999.0,0.0,10,570.0
CASE9_0157_LINE_4_5,CASE9,157,5,"6,5,8,9,7",1,4,5,0,2,CRITICAL,999.0,0.0,10,570.0
CASE9_0157_LINE_5_6,CASE9,157,5,"6,5,8,9,7",2,5,6,1,2,CRITICAL,156.3,0.82,4,570.0
CASE9_0157_LINE_3_6,CASE9,157,5,"6,5,8,9,7",3,3,6,0,2,CRITICAL,999.0,0.0,10,570.0
CASE9_0157_LINE_6_7,CASE9,157,5,"6,5,8,9,7",4,6,7,1,2,CRITICAL,157.1,0.795,5,570.0
CASE9_0157_LINE_7_8,CASE9,157,5,"6,5,8,9,7",5,7,8,1,2,CRITICAL,158.4,0.794,7,570.0
CASE9_0157_LINE_8_2,CASE9,157,5,"6,5,8,9,7",6,8,2,0,2,CRITICAL,999.0,0.0,10,570.0
CASE9_0157_LINE_8_9,CASE9,157,5,"6,5,8,9,7",7,8,9,1,2,CRITICAL,169.3,0.695,4,570.0
CASE9_0157_LINE_9_4,CASE9,157,5,"6,5,8,9,7",8,9,4,0,2,CRITICAL,999.0,0.0,10,570.0
CASE9_0158_LINE_1_4,CASE9,158,6,"7,9,2,8,3,4",0,1,4,0,2,CRITICAL,999.0,0.0,10,640.0
CASE9_0158_LINE_4_5,CASE9,158,6,"7,9,2,8,3,4",1,4,5,0,2,CRITICAL,999.0,0.0,10,640.0
CASE9_0158_LINE_5_6,CASE9,158,6,"7,9,2,8,3,4",2,5,6,1,2,CRITICAL,186.4,0.855,3,640.0
CASE9_0158_LINE_3_6,CASE9,158,6,"7,9,2,8,3,4",3,3,6,0,2,CRITICAL,999.0,0.0,10,640.0
CASE9_0158_LINE_6_7,CASE9,158,6,"7,9,2,8,3,4",4,6,7,1,2,CRITICAL,190.7,0.793,5,640.0
CASE9_0158_LINE_7_8,CASE9,158,6,"7,9,2,8,3,4",5,7,8,1,2,CRITICAL,196.7,0.739,8,640.0
CASE9_0158_LINE_8_2,CASE9,158,6,"7,9,2,8,3,4",6,8,2,0,2,CRITICAL,999.0,0.0,10,640.0
CASE9_0158_LINE_8_9,CASE9,158,6,"7,9,2,8,3,4",7,8,9,1,2,CRITICAL,186.7,0.836,3,640.0
CASE9_0158_LINE_9_4,CASE9,158,6,"7,9,2,8,3,4",8,9,4,0,2,CRITICAL,999.0,0.0,10,640.0
CASE9_0159_LINE_1_4,CASE9,159,8,"7,3,9,4,8,2,6,5",0,1,4,0,2,CRITICAL,999.0,0.0,10,721.0
CASE9_0159_LINE_4_5,CASE9,159,8,"7,3,9,4,8,2,6,5",1,4,5,0,2,CRITICAL,999.0,0.0,10,721.0
CASE9_0159_LINE_5_6,CASE9,159,8,"7,3,9,4,8,2,6,5",2,5,6,0,2,CRITICAL,999.0,0.0,10,721.0
CASE9_0159_LINE_3_6,CASE9,159,8,"7,3,9,4,8,2,6,5",3,3,6,0,2,CRITICAL,999.0,0.0,10,721.0
CASE9_0159_LINE_6_7,CASE9,159,8,"7,3,9,4,8,2,6,5",4,6,7,1,2,CRITICAL,250.7,0.717,7,721.0
CASE9_0159_LINE_7_8,CASE9,159,8,"7,3,9,4,8,2,6,5",5,7,8,1,2,CRITICAL,230.4,0.829,5,721.0
CASE9_0159_LINE_8_2,CASE9,159,8,"7,3,9,4,8,2,6,5",6,8,2,0,2,CRITICAL,999.0,0.0,10,721.0
CASE9_0159_LINE_8_9,CASE9,159,8,"7,3,9,4,8,2,6,5",7,8,9,0,2,CRITICAL,999.0,0.0,10,721.0
CASE9_0159_LINE_9_4,CASE9,159,8,"7,3,9,4,8,2,6,5",8,9,4,0,2,CRITICAL,999.0,0.0,10,721.0
CASE9_0160_LINE_1_4,CASE9,160,1,3,0,1,4,0,2,CRITICAL,999.0,0.0,10,414.1
CASE9_0160_LINE_4_5,CASE9,160,1,3,1,4,5,1,2,CRITICAL,84.0,0.885,1,414.1
CASE9_0160_LINE_5_6,CASE9,160,1,3,2,5,6,1,1,ALERT,71.7,0.93,0,414.1
CASE9_0160_LINE_3_6,CASE9,160,1,3,3,3,6,0,2,CRITICAL,999.0,0.0,10,414.1
CASE9_0160_LINE_6_7,CASE9,160,1,3,4,6,7,1,1,ALERT,69.6,0.947,0,414.1
CASE9_0160_LINE_7_8,CASE9,160,1,3,5,7,8,1,1,ALERT,89.4,0.903,0,414.1
CASE9_0160_LINE_8_2,CASE9,160,1,3,6,8,2,0,2,CRITICAL,999.0,0.0,10,414.1
CASE9_0160_LINE_8_9,CASE9,160,1,3,7,8,9,1,1,ALERT,73.8,0.907,0,414.1
CASE9_0160_LINE_9_4,CASE9,160,1,3,8,9,4,1,2,CRITICAL,75.0,0.786,1,414.1
CASE9_0161_LINE_1_4,CASE9,161,8,"8,2,7,5,6,4,9,3",0,1,4,0,2,CRITICAL,999.0,0.0,10,701.1
CASE9_0161_LINE_4_5,CASE9,161,8,"8,2,7,5,6,4,9,3",1,4,5,0,2,CRITICAL,999.0,0.0,10,701.1
CASE9_0161_LINE_5_6,CASE9,161,8,"8,2,7,5,6,4,9,3",2,5,6,0,2,CRITICAL,999.0,0.0,10,701.1
CASE9_0161_LINE_3_6,CASE9,161,8,"8,2,7,5,6,4,9,3",3,3,6,0,2,CRITICAL,999.0,0.0,10,701.1
CASE9_0161_LINE_6_7,CASE9,161,8,"8,2,7,5,6,4,9,3",4,6,7,1,2,CRITICAL,214.0,0.852,5,701.1
CASE9_0161_LINE_7_8,CASE9,161,8,"8,2,7,5,6,4,9,3",5,7,8,0,2,CRITICAL,999.0,0.0,10,701.1
CASE9_0161_LINE_8_2,CASE9,161,8,"8,2,7,5,6,4,9,3",6,8,2,0,2,CRITICAL,999.0,0.0,10,701.1
CASE9_0161_LINE_8_9,CASE9,161,8,"8,2,7,5,6,4,9,3",7,8,9,0,2,CRITICAL,999.0,0.0,10,701.1
CASE9_0161_LINE_9_4,CASE9,161,8,"8,2,7,5,6,4,9,3",8,9,4,0,2,CRITICAL,999.0,0.0,10,701.1
CASE9_0162_LINE_1_4,CASE9,162,3,"4,5,6",0,1,4,0,2,CRITICAL,999.0,0.0,10,532.2
CASE9_0162_LINE_4_5,CASE9,162,3,"4,5,6",1,4,5,0,2,CRITICAL,999.0,0.0,10,532.2
CASE9_0162_LINE_5_6,CASE9,162,3,"4,5,6",2,5,6,1,2,CRITICAL,132.8,0.842,2,532.2
CASE9_0162_LINE_3_6,CASE9,162,3,"4,5,6",3,3,6,0,2,CRITICAL,999.0,0.0,10,532.2
CASE9_0162_LINE_6_7,CASE9,162,3,"4,5,6",4,6,7,1,2,CRITICAL,124.4,0.923,1,532.2
CASE9_0162_LINE_7_8,CASE9,162,3,"4,5,6",5,7,8,1,2,CRITICAL,148.5,0.84,5,532.2
CASE9_0162_LINE_8_2,CASE9,162,3,"4,5,6",6,8,2,0,2,CRITICAL,999.0,0.0,10,532.2
CASE9_0162_LINE_8_9,CASE9,162,3,"4,5,6",7,8,9,1,2,CRITICAL,132.5,0.861,2,532.2
CASE9_0162_LINE_9_4,CASE9,162,3,"4,5,6",8,9,4,1,2,CRITICAL,132.4,0.776,3,532.2
CASE9_0163_LINE_1_4,CASE9,163,8,"4,6,2,7,3,5,8,9",0,1,4,0,2,CRITICAL,999.0,0.0,10,651.5
CASE9_0163_LINE_4_5,CASE9,163,8,"4,6,2,7,3,5,8,9",1,4,5,0,2,CRITICAL,999.0,0.0,10,651.5
CASE9_0163_LINE_5_6,CASE9,163,8,"4,6,2,7,3,5,8,9",2,5,6,1,2,CRITICAL,203.6,0.796,5,651.5
CASE9_0163_LINE_3_6,CASE9,163,8,"4,6,2,7,3,5,8,9",3,3,6,0,2,CRITICAL,999.0,0.0,10,651.5
CASE9_0163_LINE_6_7,CASE9,163,8,"4,6,2,7,3,5,8,9",4,6,7,1,2,CRITICAL,184.4,0.864,3,651.5
CASE9_0163_LINE_7_8,CASE9,163,8,"4,6,2,7,3,5,8,9",5,7,8,0,2,CRITICAL,999.0,0.0,10,651.5
CASE9_0163_LINE_8_2,CASE9,163,8,"4,6,2,7,3,5,8,9",6,8,2,0,2,CRITICAL,999.0,0.0,10,651.5
CASE9_0163_LINE_8_9,CASE9,163,8,"4,6,2,7,3,5,8,9",7,8,9,1,2,CRITICAL,202.9,0.779,4,651.5
CASE9_0163_LINE_9_4,CASE9,163,8,"4,6,2,7,3,5,8,9",8,9,4,0,2,CRITICAL,999.0,0.0,10,651.5
CASE9_0164_LINE_1_4,CASE9,164,5,"8,3,4,5,2",0,1,4,0,2,CRITICAL,999.0,0.0,10,559.0
CASE9_0164_LINE_4_5,CASE9,164,5,"8,3,4,5,2",1,4,5,0,2,CRITICAL,999.0,0.0,10,559.0
CASE9_0164_LINE_5_6,CASE9,164,5,"8,3,4,5,2",2,5,6,1,2,CRITICAL,140.5,0.853,2,559.0
CASE9_0164_LINE_3_6,CASE9,164,5,"8,3,4,5,2",3,3,6,0,2,CRITICAL,999.0,0.0,10,559.0
CASE9_0164_LINE_6_7,CASE9,164,5,"8,3,4,5,2",4,6,7,1,2,CRITICAL,133.7,0.929,1,559.0
CASE9_0164_LINE_7_8,CASE9,164,5,"8,3,4,5,2",5,7,8,1,2,CRITICAL,142.1,0.886,3,559.0
CASE9_0164_LINE_8_2,CASE9,164,5,"8,3,4,5,2",6,8,2,0,2,CRITICAL,999.0,0.0,10,559.0
CASE9_0164_LINE_8_9,CASE9,164,5,"8,3,4,5,2",7,8,9,1,2,CRITICAL,139.7,0.876,2,559.0
CASE9_0164_LINE_9_4,CASE9,164,5,"8,3,4,5,2",8,9,4,0,2,CRITICAL,999.0,0.0,10,559.0
CASE9_0165_LINE_1_4,CASE9,165,1,4,0,1,4,0,2,CRITICAL,999.0,0.0,10,379.8
CASE9_0165_LINE_4_5,CASE9,165,1,4,1,4,5,1,1,ALERT,65.2,0.907,0,379.8
CASE9_0165_LINE_5_6,CASE9,165,1,4,2,5,6,1,1,ALERT,67.0,0.908,0,379.8
CASE9_0165_LINE_3_6,CASE9,165,1,4,3,3,6,0,2,CRITICAL,999.0,0.0,10,379.8
CASE9_0165_LINE_6_7,CASE9,165,1,4,4,6,7,1,1,ALERT,66.0,0.944,0,379.8
CASE9_0165_LINE_7_8,CASE9,165,1,4,5,7,8,1,1,ALERT,70.2,0.926,0,379.8
CASE9_0165_LINE_8_2,CASE9,165,1,4,6,8,2,0,2,CRITICAL,999.0,0.0,10,379.8
CASE9_0165_LINE_8_9,CASE9,165,1,4,7,8,9,1,2,CRITICAL,91.0,0.878,1,379.8
CASE9_0165_LINE_9_4,CASE9,165,1,4,8,9,4,1,2,CRITICAL,69.4,0.793,1,379.8
CASE9_0171_LINE_1_4,CASE9,171,3,"8,3,4",0,1,4,0,2,CRITICAL,999.0,0.0,10,546.4
CASE9_0171_LINE_4_5,CASE9,171,3,"8,3,4",1,4,5,1,2,CRITICAL,140.4,0.877,3,546.4
CASE9_0171_LINE_5_6,CASE9,171,3,"8,3,4",2,5,6,1,2,CRITICAL,130.2,0.904,1,546.4
CASE9_0171_LINE_3_6,CASE9,171,3,"8,3,4",3,3,6,0,2,CRITICAL,999.0,0.0,10,546.4
CASE9_0171_LINE_6_7,CASE9,171,3,"8,3,4",4,6,7,1,2,CRITICAL,126.7,0.913,1,546.4
CASE9_0171_LINE_7_8,CASE9,171,3,"8,3,4",5,7,8,1,2,CRITICAL,131.9,0.914,1,546.4
CASE9_0171_LINE_8_2,CASE9,171,3,"8,3,4",6,8,2,0,2,CRITICAL,999.0,0.0,10,546.4
CASE9_0171_LINE_8_9,CASE9,171,3,"8,3,4",7,8,9,1,2,CRITICAL,130.1,0.887,2,546.4
CASE9_0171_LINE_9_4,CASE9,171,3,"8,3,4",8,9,4,1,2,CRITICAL,152.0,0.699,8,546.4
CASE9_0172_LINE_1_4,CASE9,172,8,"8,3,5,7,4,9,2,6",0,1,4,0,2,CRITICAL,999.0,0.0,10,675.4
CASE9_0172_LINE_4_5,CASE9,172,8,"8,3,5,7,4,9,2,6",1,4,5,0,2,CRITICAL,999.0,0.0,10,675.4
CASE9_0172_LINE_5_6,CASE9,172,8,"8,3,5,7,4,9,2,6",2,5,6,0,2,CRITICAL,999.0,0.0,10,675.4
CASE9_0172_LINE_3_6,CASE9,172,8,"8,3,5,7,4,9,2,6",3,3,6,0,2,CRITICAL,999.0,0.0,10,675.4
CASE9_0172_LINE_6_7,CASE9,172,8,"8,3,5,7,4,9,2,6",4,6,7,0,2,CRITICAL,999.0,0.0,10,675.4
CASE9_0172_LINE_7_8,CASE9,172,8,"8,3,5,7,4,9,2,6",5,7,8,1,2,CRITICAL,212.4,0.818,6,675.4
CASE9_0172_LINE_8_2,CASE9,172,8,"8,3,5,7,4,9,2,6",6,8,2,0,2,CRITICAL,999.0,0.0,10,675.4
CASE9_0172_LINE_8_9,CASE9,172,8,"8,3,5,7,4,9,2,6",7,8,9,0,2,CRITICAL,999.0,0.0,10,675.4
CASE9_0172_LINE_9_4,CASE9,172,8,"8,3,5,7,4,9,2,6",8,9,4,0,2,CRITICAL,999.0,0.0,10,675.4
CASE9_0173_LINE_1_4,CASE9,173,8,"3,7,9,4,2,6,5,8",0,1,4,0,2,CRITICAL,999.0,0.0,10,663.3
CASE9_0173_LINE_4_5,CASE9,173,8,"3,7,9,4,2,6,5,8",1,4,5,0,2,CRITICAL,999.0,0.0,10,663.3
CASE9_0173_LINE_5_6,CASE9,173,8,"3,7,9,4,2,6,5,8",2,5,6,1,2,CRITICAL,217.0,0.715,4,663.3
CASE9_0173_LINE_3_6,CASE9,173,8,"3,7,9,4,2,6,5,8",3,3,6,0,2,CRITICAL,999.0,0.0,10,663.3
CASE9_0173_LINE_6_7,CASE9,173,8,"3,7,9,4,2,6,5,8",4,6,7,1,2,CRITICAL,197.0,0.814,5,663.3
CASE9_0173_LINE_7_8,CASE9,173,8,"3,7,9,4,2,6,5,8",5,7,8,0,2,CRITICAL,999.0,0.0,10,663.3
CASE9_0173_LINE_8_2,CASE9,173,8,"3,7,9,4,2,6,5,8",6,8,2,0,2,CRITICAL,999.0,0.0,10,663.3
CASE9_0173_LINE_8_9,CASE9,173,8,"3,7,9,4,2,6,5,8",7,8,9,1,2,CRITICAL,227.5,0.75,5,663.3
CASE9_0173_LINE_9_4,CASE9,173,8,"3,7,9,4,2,6,5,8",8,9,4,0,2,CRITICAL,999.0,0.0,10,663.3
CASE9_0174_LINE_1_4,CASE9,174,2,"2,8",0,1,4,0,2,CRITICAL,999.0,0.0,10,413.6
CASE9_0174_LINE_4_5,CASE9,174,2,"2,8",1,4,5,1,1,ALERT,72.2,0.901,0,413.6
CASE9_0174_LINE_5_6,CASE9,174,2,"2,8",2,5,6,1,1,ALERT,72.0,0.927,0,413.6
CASE9_0174_LINE_3_6,CASE9,174,2,"2,8",3,3,6,0,2,CRITICAL,999.0,0.0,10,413.6
CASE9_0174_LINE_6_7,CASE9,174,2,"2,8",4,6,7,1,1,ALERT,72.1,0.922,0,413.6
CASE9_0174_LINE_7_8,CASE9,174,2,"2,8",5,7,8,1,1,ALERT,70.1,0.938,0,413.6
CASE9_0174_LINE_8_2,CASE9,174,2,"2,8",6,8,2,0,2,CRITICAL,999.0,0.0,10,413.6
CASE9_0174_LINE_8_9,CASE9,174,2,"2,8",7,8,9,1,1,ALERT,72.5,0.908,0,413.6
CASE9_0174_LINE_9_4,CASE9,174,2,"2,8",8,9,4,1,2,CRITICAL,119.3,0.737,2,413.6
CASE9_0175_LINE_1_4,CASE9,175,7,"5,3,9,6,4,8,7",0,1,4,0,2,CRITICAL,999.0,0.0,10,500.8
CASE9_0175_LINE_4_5,CASE9,175,7,"5,3,9,6,4,8,7",1,4,5,0,2,CRITICAL,999.0,0.0,10,500.8
CASE9_0175_LINE_5_6,CASE9,175,7,"5,3,9,6,4,8,7",2,5,6,1,2,CRITICAL,115.1,0.843,2,500.8
CASE9_0175_LINE_3_6,CASE9,175,7,"5,3,9,6,4,8,7",3,3,6,0,2,CRITICAL,999.0,0.0,10,500.8
CASE9_0175_LINE_6_7,CASE9,175,7,"5,3,9,6,4,8,7",4,6,7,1,2,CRITICAL,108.0,0.907,1,500.8
CASE9_0175_LINE_7_8,CASE9,175,7,"5,3,9,6,4,8,7",5,7,8,1,2,CRITICAL,125.4,0.843,4,500.8
CASE9_0175_LINE_8_2,CASE9,175,7,"5,3,9,6,4,8,7",6,8,2,0,2,CRITICAL,999.0,0.0,10,500.8
CASE9_0175_LINE_8_9,CASE9,175,7,"5,3,9,6,4,8,7",7,8,9,1,2,CRITICAL,110.2,0.919,1,500.8
CASE9_0175_LINE_9_4,CASE9,175,7,"5,3,9,6,4,8,7",8,9,4,1,2,CRITICAL,115.6,0.892,3,500.8
CASE9_0181_LINE_1_4,CASE9,181,1,2,0,1,4,0,2,CRITICAL,999.0,0.0,10,417.2
CASE9_0181_LINE_4_5,CASE9,181,1,2,1,4,5,1,1,ALERT,73.4,0.905,0,417.2
CASE9_0181_LINE_5_6,CASE9,181,1,2,2,5,6,1,1,ALERT,72.8,0.93,0,417.2
CASE9_0181_LINE_3_6,CASE9,181,1,2,3,3,6,0,2,CRITICAL,999.0,0.0,10,417.2
CASE9_0181_LINE_6_7,CASE9,181,1,2,4,6,7,1,1,ALERT,73.1,0.938,0,417.2
CASE9_0181_LINE_7_8,CASE9,181,1,2,5,7,8,1,1,ALERT,70.9,0.939,0,417.2
CASE9_0181_LINE_8_2,CASE9,181,1,2,6,8,2,0,2,CRITICAL,999.0,0.0,10,417.2
CASE9_0181_LINE_8_9,CASE9,181,1,2,7,8,9,1,1,ALERT,73.7,0.909,0,417.2
CASE9_0181_LINE_9_4,CASE9,181,1,2,8,9,4,1,2,CRITICAL,120.2,0.766,2,417.2
CASE9_0182_LINE_1_4,CASE9,182,1,4,0,1,4,0,2,CRITICAL,999.0,0.0,10,409.5
CASE9_0182_LINE_4_5,CASE9,182,1,4,1,4,5,1,1,ALERT,70.6,0.907,0,409.5
CASE9_0182_LINE_5_6,CASE9,182,1,4,2,5,6,1,1,ALERT,80.0,0.901,0,409.5
CASE9_0182_LINE_3_6,CASE9,182,1,4,3,3,6,0,2,CRITICAL,999.0,0.0,10,409.5
CASE9_0182_LINE_6_7,CASE9,182,1,4,4,6,7,1,1,ALERT,71.1,0.941,0,409.5
CASE9_0182_LINE_7_8,CASE9,182,1,4,5,7,8,1,1,ALERT,76.1,0.922,0,409.5
CASE9_0182_LINE_8_2,CASE9,182,1,4,6,8,2,0,2,CRITICAL,999.0,0.0,10,409.5
CASE9_0182_LINE_8_9,CASE9,182,1,4,7,8,9,1,2,CRITICAL,91.0,0.871,1,409.5
CASE9_0182_LINE_9_4,CASE9,182,1,4,8,9,4,1,2,CRITICAL,70.3,0.793,1,409.5
CASE9_0183_LINE_1_4,CASE9,183,8,"7,9,8,2,3,5,6,4",0,1,4,0,2,CRITICAL,999.0,0.0,10,728.1
CASE9_0183_LINE_4_5,CASE9,183,8,"7,9,8,2,3,5,6,4",1,4,5,0,2,CRITICAL,999.0,0.0,10,728.1
CASE9_0183_LINE_5_6,CASE9,183,8,"7,9,8,2,3,5,6,4",2,5,6,0,2,CRITICAL,999.0,0.0,10,728.1
CASE9_0183_LINE_3_6,CASE9,183,8,"7,9,8,2,3,5,6,4",3,3,6,0,2,CRITICAL,999.0,0.0,10,728.1
CASE9_0183_LINE_6_7,CASE9,183,8,"7,9,8,2,3,5,6,4",4,6,7,0,2,CRITICAL,999.0,0.0,10,728.1
CASE9_0183_LINE_7_8,CASE9,183,8,"7,9,8,2,3,5,6,4",5,7,8,1,2,CRITICAL,255.2,0.778,9,728.1
CASE9_0183_LINE_8_2,CASE9,183,8,"7,9,8,2,3,5,6,4",6,8,2,0,2,CRITICAL,999.0,0.0,10,728.1
CASE9_0183_LINE_8_9,CASE9,183,8,"7,9,8,2,3,5,6,4",7,8,9,0,2,CRITICAL,999.0,0.0,10,728.1
CASE9_0183_LINE_9_4,CASE9,183,8,"7,9,8,2,3,5,6,4",8,9,4,0,2,CRITICAL,999.0,0.0,10,728.1
CASE9_0184_LINE_1_4,CASE9,184,3,"3,9,7",0,1,4,0,2,CRITICAL,999.0,0.0,10,444.0
CASE9_0184_LINE_4_5,CASE9,184,3,"3,9,7",1,4,5,1,2,CRITICAL,93.0,0.874,1,444.0
CASE9_0184_LINE_5_6,CASE9,184,3,"3,9,7",2,5,6,1,1,ALERT,85.3,0.924,0,444.0
CASE9_0184_LINE_3_6,CASE9,184,3,"3,9,7",3,3,6,0,2,CRITICAL,999.0,0.0,10,444.0
CASE9_0184_LINE_6_7,CASE9,184,3,"3,9,7",4,6,7,1,2,CRITICAL,85.5,0.851,1,444.0
CASE9_0184_LINE_7_8,CASE9,184,3,"3,9,7",5,7,8,1,2,CRITICAL,157.8,0.707,8,444.0
CASE9_0184_LINE_8_2,CASE9,184,3,"3,9,7",6,8,2,0,2,CRITICAL,999.0,0.0,10,444.0
CASE9_0184_LINE_8_9,CASE9,184,3,"3,9,7",7,8,9,1,2,CRITICAL,86.5,0.898,1,444.0
CASE9_0184_LINE_9_4,CASE9,184,3,"3,9,7",8,9,4,1,2,CRITICAL,120.0,0.698,3,444.0
CASE9_0185_LINE_1_4,CASE9,185,6,"3,8,9,2,4,7",0,1,4,0,2,CRITICAL,999.0,0.0,10,672.8
CASE9_0185_LINE_4_5,CASE9,185,6,"3,8,9,2,4,7",1,4,5,0,2,CRITICAL,999.0,0.0,10,672.8
CASE9_0185_LINE_5_6,CASE9,185,6,"3,8,9,2,4,7",2,5,6,0,2,CRITICAL,999.0,0.0,10,672.8
CASE9_0185_LINE_3_6,CASE9,185,6,"3,8,9,2,4,7",3,3,6,0,2,CRITICAL,999.0,0.0,10,672.8
CASE9_0185_LINE_6_7,CASE9,185,6,"3,8,9,2,4,7",4,6,7,0,2,CRITICAL,999.0,0.0,10,672.8
CASE9_0185_LINE_7_8,CASE9,185,6,"3,8,9,2,4,7",5,7,8,1,2,CRITICAL,216.9,0.765,9,672.8
CASE9_0185_LINE_8_2,CASE9,185,6,"3,8,9,2,4,7",6,8,2,0,2,CRITICAL,999.0,0.0,10,672.8
CASE9_0185_LINE_8_9,CASE9,185,6,"3,8,9,2,4,7",7,8,9,1,2,CRITICAL,244.6,0.695,7,672.8
CASE9_0185_LINE_9_4,CASE9,185,6,"3,8,9,2,4,7",8,9,4,0,2,CRITICAL,999.0,0.0,10,672.8
CASE9_0211_LINE_1_4,CASE9,211,8,"8,7,9,2,6,4,5,3",0,1,4,0,2,CRITICAL,999.0,0.0,10,581.9
CASE9_0211_LINE_4_5,CASE9,211,8,"8,7,9,2,6,4,5,3",1,4,5,0,2,CRITICAL,999.0,0.0,10,581.9
CASE9_0211_LINE_5_6,CASE9,211,8,"8,7,9,2,6,4,5,3",2,5,6,1,2,CRITICAL,153.1,0.903,1,581.9
CASE9_0211_LINE_3_6,CASE9,211,8,"8,7,9,2,6,4,5,3",3,3,6,0,2,CRITICAL,999.0,0.0,10,581.9
CASE9_0211_LINE_6_7,CASE9,211,8,"8,7,9,2,6,4,5,3",4,6,7,1,2,CRITICAL,148.4,0.84,2,581.9
CASE9_0211_LINE_7_8,CASE9,211,8,"8,7,9,2,6,4,5,3",5,7,8,0,2,CRITICAL,999.0,0.0,10,581.9
CASE9_0211_LINE_8_2,CASE9,211,8,"8,7,9,2,6,4,5,3",6,8,2,0,2,CRITICAL,999.0,0.0,10,581.9
CASE9_0211_LINE_8_9,CASE9,211,8,"8,7,9,2,6,4,5,3",7,8,9,1,2,CRITICAL,155.2,0.898,3,581.9
CASE9_0211_LINE_9_4,CASE9,211,8,"8,7,9,2,6,4,5,3",8,9,4,0,2,CRITICAL,999.0,0.0,10,581.9
CASE9_0212_LINE_1_4,CASE9,212,2,"4,9",0,1,4,0,2,CRITICAL,999.0,0.0,10,440.7
CASE9_0212_LINE_4_5,CASE9,212,2,"4,9",1,4,5,1,1,ALERT,85.0,0.905,0,440.7
CASE9_0212_LINE_5_6,CASE9,212,2,"4,9",2,5,6,1,2,CRITICAL,93.7,0.895,2,440.7
CASE9_0212_LINE_3_6,CASE9,212,2,"4,9",3,3,6,0,2,CRITICAL,999.0,0.0,10,440.7
CASE9_0212_LINE_6_7,CASE9,212,2,"4,9",4,6,7,1,1,ALERT,85.3,0.921,0,440.7
CASE9_0212_LINE_7_8,CASE9,212,2,"4,9",5,7,8,1,1,ALERT,89.6,0.905,0,440.7
CASE9_0212_LINE_8_2,CASE9,212,2,"4,9",6,8,2,0,2,CRITICAL,999.0,0.0,10,440.7
CASE9_0212_LINE_8_9,CASE9,212,2,"4,9",7,8,9,1,2,CRITICAL,105.0,0.824,2,440.7
CASE9_0212_LINE_9_4,CASE9,212,2,"4,9",8,9,4,0,2,CRITICAL,999.0,0.0,10,440.7
CASE9_0213_LINE_1_4,CASE9,213,1,6,0,1,4,0,2,CRITICAL,999.0,0.0,10,373.0
CASE9_0213_LINE_4_5,CASE9,213,1,6,1,4,5,1,2,CRITICAL,67.2,0.887,1,373.0
CASE9_0213_LINE_5_6,CASE9,213,1,6,2,5,6,1,1,ALERT,65.3,0.928,0,373.0
CASE9_0213_LINE_3_6,CASE9,213,1,6,3,3,6,0,2,CRITICAL,999.0,0.0,10,373.0
CASE9_0213_LINE_6_7,CASE9,213,1,6,4,6,7,1,1,ALERT,65.8,0.947,0,373.0
CASE9_0213_LINE_7_8,CASE9,213,1,6,5,7,8,1,1,ALERT,70.5,0.911,0,373.0
CASE9_0213_LINE_8_2,CASE9,213,1,6,6,8,2,0,2,CRITICAL,999.0,0.0,10,373.0
CASE9_0213_LINE_8_9,CASE9,213,1,6,7,8,9,1,1,ALERT,65.3,0.901,0,373.0
CASE9_0213_LINE_9_4,CASE9,213,1,6,8,9,4,1,2,CRITICAL,70.3,0.787,1,373.0
CASE9_0214_LINE_1_4,CASE9,214,3,"4,8,2",0,1,4,0,2,CRITICAL,999.0,0.0,10,512.5
CASE9_0214_LINE_4_5,CASE9,214,3,"4,8,2",1,4,5,1,2,CRITICAL,119.2,0.897,2,512.5
CASE9_0214_LINE_5_6,CASE9,214,3,"4,8,2",2,5,6,1,2,CRITICAL,114.4,0.913,1,512.5
CASE9_0214_LINE_3_6,CASE9,214,3,"4,8,2",3,3,6,0,2,CRITICAL,999.0,0.0,10,512.5
CASE9_0214_LINE_6_7,CASE9,214,3,"4,8,2",4,6,7,1,2,CRITICAL,118.1,0.91,1,512.5
CASE9_0214_LINE_7_8,CASE9,214,3,"4,8,2",5,7,8,1,2,CRITICAL,111.0,0.936,1,512.5
CASE9_0214_LINE_8_2,CASE9,214,3,"4,8,2",6,8,2,0,2,CRITICAL,999.0,0.0,10,512.5
CASE9_0214_LINE_8_9,CASE9,214,3,"4,8,2",7,8,9,1,2,CRITICAL,114.8,0.894,2,512.5
CASE9_0214_LINE_9_4,CASE9,214,3,"4,8,2",8,9,4,1,2,CRITICAL,158.1,0.696,8,512.5
CASE9_0215_LINE_1_4,CASE9,215,5,"4,8,6,7,9",0,1,4,0,2,CRITICAL,999.0,0.0,10,485.5
CASE9_0215_LINE_4_5,CASE9,215,5,"4,8,6,7,9",1,4,5,1,2,CRITICAL,105.9,0.899,2,485.5
CASE9_0215_LINE_5_6,CASE9,215,5,"4,8,6,7,9",2,5,6,1,2,CRITICAL,113.0,0.884,3,485.5
CASE9_0215_LINE_3_6,CASE9,215,5,"4,8,6,7,9",3,3,6,0,2,CRITICAL,999.0,0.0,10,485.5
CASE9_0215_LINE_6_7,CASE9,215,5,"4,8,6,7,9",4,6,7,1,2,CRITICAL,104.2,0.908,1,485.5
CASE9_0215_LINE_7_8,CASE9,215,5,"4,8,6,7,9",5,7,8,1,2,CRITICAL,107.1,0.897,2,485.5
CASE9_0215_LINE_8_2,CASE9,215,5,"4,8,6,7,9",6,8,2,0,2,CRITICAL,999.0,0.0,10,485.5
CASE9_0215_LINE_8_9,CASE9,215,5,"4,8,6,7,9",7,8,9,1,2,CRITICAL,129.5,0.781,4,485.5
CASE9_0215_LINE_9_4,CASE9,215,5,"4,8,6,7,9",8,9,4,0,2,CRITICAL,999.0,0.0,10,485.5
CASE9_0176_LINE_1_4,CASE9,176,3,"7,2,6",0,1,4,0,2,CRITICAL,999.0,0.0,10,425.0
CASE9_0176_LINE_4_5,CASE9,176,3,"7,2,6",1,4,5,1,2,CRITICAL,77.9,0.89,1,425.0
CASE9_0176_LINE_5_6,CASE9,176,3,"7,2,6",2,5,6,1,1,ALERT,75.9,0.929,0,425.0
CASE9_0176_LINE_3_6,CASE9,176,3,"7,2,6",3,3,6,0,2,CRITICAL,999.0,0.0,10,425.0
CASE9_0176_LINE_6_7,CASE9,176,3,"7,2,6",4,6,7,1,1,ALERT,74.8,0.931,0,425.0
CASE9_0176_LINE_7_8,CASE9,176,3,"7,2,6",5,7,8,1,1,ALERT,81.5,0.905,0,425.0
CASE9_0176_LINE_8_2,CASE9,176,3,"7,2,6",6,8,2,0,2,CRITICAL,999.0,0.0,10,425.0
CASE9_0176_LINE_8_9,CASE9,176,3,"7,2,6",7,8,9,1,1,ALERT,77.2,0.907,0,425.0
CASE9_0176_LINE_9_4,CASE9,176,3,"7,2,6",8,9,4,1,2,CRITICAL,104.7,0.766,2,425.0
CASE9_0177_LINE_1_4,CASE9,177,8,"6,8,9,4,7,3,2,5",0,1,4,0,2,CRITICAL,999.0,0.0,10,561.1
CASE9_0177_LINE_4_5,CASE9,177,8,"6,8,9,4,7,3,2,5",1,4,5,1,2,CRITICAL,147.4,0.893,4,561.1
CASE9_0177_LINE_5_6,CASE9,177,8,"6,8,9,4,7,3,2,5",2,5,6,1,2,CRITICAL,135.0,0.924,1,561.1
CASE9_0177_LINE_3_6,CASE9,177,8,"6,8,9,4,7,3,2,5",3,3,6,0,2,CRITICAL,999.0,0.0,10,561.1
CASE9_0177_LINE_6_7,CASE9,177,8,"6,8,9,4,7,3,2,5",4,6,7,1,2,CRITICAL,137.1,0.844,2,561.1
CASE9_0177_LINE_7_8,CASE9,177,8,"6,8,9,4,7,3,2,5",5,7,8,1,2,CRITICAL,141.6,0.818,3,561.1
CASE9_0177_LINE_8_2,CASE9,177,8,"6,8,9,4,7,3,2,5",6,8,2,0,2,CRITICAL,999.0,0.0,10,561.1
CASE9_0177_LINE_8_9,CASE9,177,8,"6,8,9,4,7,3,2,5",7,8,9,1,2,CRITICAL,135.2,0.934,1,561.1
CASE9_0177_LINE_9_4,CASE9,177,8,"6,8,9,4,7,3,2,5",8,9,4,1,2,CRITICAL,149.7,0.874,7,561.1
CASE9_0178_LINE_1_4,CASE9,178,8,"5,8,9,4,3,2,6,7",0,1,4,0,2,CRITICAL,999.0,0.0,10,667.5
CASE9_0178_LINE_4_5,CASE9,178,8,"5,8,9,4,3,2,6,7",1,4,5,0,2,CRITICAL,999.0,0.0,10,667.5
CASE9_0178_LINE_5_6,CASE9,178,8,"5,8,9,4,3,2,6,7",2,5,6,1,2,CRITICAL,204.5,0.809,4,667.5
CASE9_0178_LINE_3_6,CASE9,178,8,"5,8,9,4,3,2,6,7",3,3,6,0,2,CRITICAL,999.0,0.0,10,667.5
CASE9_0178_LINE_6_7,CASE9,178,8,"5,8,9,4,3,2,6,7",4,6,7,1,2,CRITICAL,191.1,0.862,2,667.5
CASE9_0178_LINE_7_8,CASE9,178,8,"5,8,9,4,3,2,6,7",5,7,8,1,2,CRITICAL,196.1,0.865,4,667.5
CASE9_0178_LINE_8_2,CASE9,178,8,"5,8,9,4,3,2,6,7",6,8,2,0,2,CRITICAL,999.0,0.0,10,667.5
CASE9_0178_LINE_8_9,CASE9,178,8,"5,8,9,4,3,2,6,7",7,8,9,1,2,CRITICAL,207.3,0.767,4,667.5
CASE9_0178_LINE_9_4,CASE9,178,8,"5,8,9,4,3,2,6,7",8,9,4,0,2,CRITICAL,999.0,0.0,10,667.5
CASE9_0179_LINE_1_4,CASE9,179,8,"2,4,6,3,8,7,5,9",0,1,4,0,2,CRITICAL,999.0,0.0,10,660.1
CASE9_0179_LINE_4_5,CASE9,179,8,"2,4,6,3,8,7,5,9",1,4,5,0,2,CRITICAL,999.0,0.0,10,660.1
CASE9_0179_LINE_5_6,CASE9,179,8,"2,4,6,3,8,7,5,9",2,5,6,1,2,CRITICAL,212.0,0.77,5,660.1
CASE9_0179_LINE_3_6,CASE9,179,8,"2,4,6,3,8,7,5,9",3,3,6,0,2,CRITICAL,999.0,0.0,10,660.1
CASE9_0179_LINE_6_7,CASE9,179,8,"2,4,6,3,8,7,5,9",4,6,7,1,2,CRITICAL,191.9,0.819,3,660.1
CASE9_0179_LINE_7_8,CASE9,179,8,"2,4,6,3,8,7,5,9",5,7,8,1,2,CRITICAL,190.9,0.836,2,660.1
CASE9_0179_LINE_8_2,CASE9,179,8,"2,4,6,3,8,7,5,9",6,8,2,0,2,CRITICAL,999.0,0.0,10,660.1
CASE9_0179_LINE_8_9,CASE9,179,8,"2,4,6,3,8,7,5,9",7,8,9,0,2,CRITICAL,999.0,0.0,10,660.1
CASE9_0179_LINE_9_4,CASE9,179,8,"2,4,6,3,8,7,5,9",8,9,4,0,2,CRITICAL,999.0,0.0,10,660.1
CASE9_0180_LINE_1_4,CASE9,180,3,"7,6,5",0,1,4,0,2,CRITICAL,999.0,0.0,10,430.1
CASE9_0180_LINE_4_5,CASE9,180,3,"7,6,5",1,4,5,0,2,CRITICAL,999.0,0.0,10,430.1
CASE9_0180_LINE_5_6,CASE9,180,3,"7,6,5",2,5,6,1,2,CRITICAL,86.3,0.866,1,430.1
CASE9_0180_LINE_3_6,CASE9,180,3,"7,6,5",3,3,6,0,2,CRITICAL,999.0,0.0,10,430.1
CASE9_0180_LINE_6_7,CASE9,180,3,"7,6,5",4,6,7,1,1,ALERT,78.5,0.921,0,430.1
CASE9_0180_LINE_7_8,CASE9,180,3,"7,6,5",5,7,8,1,2,CRITICAL,97.1,0.86,2,430.1
CASE9_0180_LINE_8_2,CASE9,180,3,"7,6,5",6,8,2,0,2,CRITICAL,999.0,0.0,10,430.1
CASE9_0180_LINE_8_9,CASE9,180,3,"7,6,5",7,8,9,1,2,CRITICAL,85.2,0.89,1,430.1
CASE9_0180_LINE_9_4,CASE9,180,3,"7,6,5",8,9,4,1,2,CRITICAL,83.6,0.772,1,430.1
CASE9_0206_LINE_1_4,CASE9,206,4,"2,8,3,7",0,1,4,0,2,CRITICAL,999.0,0.0,10,485.4
CASE9_0206_LINE_4_5,CASE9,206,4,"2,8,3,7",1,4,5,1,2,CRITICAL,112.2,0.877,4,485.4
CASE9_0206_LINE_5_6,CASE9,206,4,"2,8,3,7",2,5,6,1,2,CRITICAL,102.8,0.92,1,485.4
CASE9_0206_LINE_3_6,CASE9,206,4,"2,8,3,7",3,3,6,0,2,CRITICAL,999.0,0.0,10,485.4
CASE9_0206_LINE_6_7,CASE9,206,4,"2,8,3,7",4,6,7,1,2,CRITICAL,107.4,0.848,2,485.4
CASE9_0206_LINE_7_8,CASE9,206,4,"2,8,3,7",5,7,8,1,2,CRITICAL,125.0,0.826,3,485.4
CASE9_0206_LINE_8_2,CASE9,206,4,"2,8,3,7",6,8,2,0,2,CRITICAL,999.0,0.0,10,485.4
CASE9_0206_LINE_8_9,CASE9,206,4,"2,8,3,7",7,8,9,1,2,CRITICAL,102.9,0.903,1,485.4
CASE9_0206_LINE_9_4,CASE9,206,4,"2,8,3,7",8,9,4,1,2,CRITICAL,163.3,0.664,9,485.4
CASE9_0207_LINE_1_4,CASE9,207,4,"9,2,4,3",0,1,4,0,2,CRITICAL,999.0,0.0,10,440.3
CASE9_0207_LINE_4_5,CASE9,207,4,"9,2,4,3",1,4,5,1,1,ALERT,83.1,0.903,0,440.3
CASE9_0207_LINE_5_6,CASE9,207,4,"9,2,4,3",2,5,6,1,1,ALERT,83.5,0.921,0,440.3
CASE9_0207_LINE_3_6,CASE9,207,4,"9,2,4,3",3,3,6,0,2,CRITICAL,999.0,0.0,10,440.3
CASE9_0207_LINE_6_7,CASE9,207,4,"9,2,4,3",4,6,7,1,1,ALERT,80.7,0.947,0,440.3
CASE9_0207_LINE_7_8,CASE9,207,4,"9,2,4,3",5,7,8,1,1,ALERT,83.2,0.932,0,440.3
CASE9_0207_LINE_8_2,CASE9,207,4,"9,2,4,3",6,8,2,0,2,CRITICAL,999.0,0.0,10,440.3
CASE9_0207_LINE_8_9,CASE9,207,4,"9,2,4,3",7,8,9,1,1,ALERT,83.5,0.922,0,440.3
CASE9_0207_LINE_9_4,CASE9,207,4,"9,2,4,3",8,9,4,1,2,CRITICAL,83.1,0.872,1,440.3
CASE9_0208_LINE_1_4,CASE9,208,4,"9,2,8,7",0,1,4,0,2,CRITICAL,999.0,0.0,10,518.0
CASE9_0208_LINE_4_5,CASE9,208,4,"9,2,8,7",1,4,5,1,2,CRITICAL,130.7,0.846,4,518.0
CASE9_0208_LINE_5_6,CASE9,208,4,"9,2,8,7",2,5,6,1,2,CRITICAL,123.4,0.878,3,518.0
CASE9_0208_LINE_3_6,CASE9,208,4,"9,2,8,7",3,3,6,0,2,CRITICAL,999.0,0.0,10,518.0
CASE9_0208_LINE_6_7,CASE9,208,4,"9,2,8,7",4,6,7,1,2,CRITICAL,128.0,0.847,3,518.0
CASE9_0208_LINE_7_8,CASE9,208,4,"9,2,8,7",5,7,8,1,2,CRITICAL,117.6,0.892,2,518.0
CASE9_0208_LINE_8_2,CASE9,208,4,"9,2,8,7",6,8,2,0,2,CRITICAL,999.0,0.0,10,518.0
CASE9_0208_LINE_8_9,CASE9,208,4,"9,2,8,7",7,8,9,1,2,CRITICAL,132.9,0.773,2,518.0
CASE9_0208_LINE_9_4,CASE9,208,4,"9,2,8,7",8,9,4,0,2,CRITICAL,999.0,0.0,10,518.0
CASE9_0209_LINE_1_4,CASE9,209,1,4,0,1,4,0,2,CRITICAL,999.0,0.0,10,366.6
CASE9_0209_LINE_4_5,CASE9,209,1,4,1,4,5,1,1,ALERT,65.2,0.907,0,366.6
CASE9_0209_LINE_5_6,CASE9,209,1,4,2,5,6,1,1,ALERT,65.6,0.909,0,366.6
CASE9_0209_LINE_3_6,CASE9,209,1,4,3,3,6,0,2,CRITICAL,999.0,0.0,10,366.6
CASE9_0209_LINE_6_7,CASE9,209,1,4,4,6,7,1,1,ALERT,66.0,0.945,0,366.6
CASE9_0209_LINE_7_8,CASE9,209,1,4,5,7,8,1,1,ALERT,70.2,0.927,0,366.6
CASE9_0209_LINE_8_2,CASE9,209,1,4,6,8,2,0,2,CRITICAL,999.0,0.0,10,366.6
CASE9_0209_LINE_8_9,CASE9,209,1,4,7,8,9,1,2,CRITICAL,91.0,0.879,1,366.6
CASE9_0209_LINE_9_4,CASE9,209,1,4,8,9,4,1,2,CRITICAL,69.4,0.793,1,366.6
CASE9_0210_LINE_1_4,CASE9,210,2,"8,4",0,1,4,0,2,CRITICAL,999.0,0.0,10,416.0
CASE9_0210_LINE_4_5,CASE9,210,2,"8,4",1,4,5,1,1,ALERT,73.2,0.903,0,416.0
CASE9_0210_LINE_5_6,CASE9,210,2,"8,4",2,5,6,1,1,ALERT,77.4,0.912,0,416.0
CASE9_0210_LINE_3_6,CASE9,210,2,"8,4",3,3,6,0,2,CRITICAL,999.0,0.0,10,416.0
CASE9_0210_LINE_6_7,CASE9,210,2,"8,4",4,6,7,1,1,ALERT,73.4,0.929,0,416.0
CASE9_0210_LINE_7_8,CASE9,210,2,"8,4",5,7,8,1,1,ALERT,74.2,0.935,0,416.0
CASE9_0210_LINE_8_2,CASE9,210,2,"8,4",6,8,2,0,2,CRITICAL,999.0,0.0,10,416.0
CASE9_0210_LINE_8_9,CASE9,210,2,"8,4",7,8,9,1,2,CRITICAL,79.7,0.888,1,416.0
CASE9_0210_LINE_9_4,CASE9,210,2,"8,4",8,9,4,1,2,CRITICAL,86.5,0.762,1,416.0
CASE9_0191_LINE_1_4,CASE9,191,3,"2,5,7",0,1,4,0,2,CRITICAL,999.0,0.0,10,434.9
CASE9_0191_LINE_4_5,CASE9,191,3,"2,5,7",1,4,5,1,2,CRITICAL,85.0,0.827,1,434.9
CASE9_0191_LINE_5_6,CASE9,191,3,"2,5,7",2,5,6,1,1,ALERT,82.9,0.901,0,434.9
CASE9_0191_LINE_3_6,CASE9,191,3,"2,5,7",3,3,6,0,2,CRITICAL,999.0,0.0,10,434.9
CASE9_0191_LINE_6_7,CASE9,191,3,"2,5,7",4,6,7,1,1,ALERT,81.3,0.916,0,434.9
CASE9_0191_LINE_7_8,CASE9,191,3,"2,5,7",5,7,8,1,2,CRITICAL,91.7,0.896,1,434.9
CASE9_0191_LINE_8_2,CASE9,191,3,"2,5,7",6,8,2,0,2,CRITICAL,999.0,0.0,10,434.9
CASE9_0191_LINE_8_9,CASE9,191,3,"2,5,7",7,8,9,1,1,ALERT,82.8,0.901,0,434.9
CASE9_0191_LINE_9_4,CASE9,191,3,"2,5,7",8,9,4,1,2,CRITICAL,115.0,0.762,2,434.9
CASE9_0192_LINE_1_4,CASE9,192,5,"8,6,2,7,4",0,1,4,0,2,CRITICAL,999.0,0.0,10,572.7
CASE9_0192_LINE_4_5,CASE9,192,5,"8,6,2,7,4",1,4,5,0,2,CRITICAL,999.0,0.0,10,572.7
CASE9_0192_LINE_5_6,CASE9,192,5,"8,6,2,7,4",2,5,6,1,2,CRITICAL,147.5,0.89,3,572.7
CASE9_0192_LINE_3_6,CASE9,192,5,"8,6,2,7,4",3,3,6,0,2,CRITICAL,999.0,0.0,10,572.7
CASE9_0192_LINE_6_7,CASE9,192,5,"8,6,2,7,4",4,6,7,1,2,CRITICAL,148.3,0.849,4,572.7
CASE9_0192_LINE_7_8,CASE9,192,5,"8,6,2,7,4",5,7,8,1,2,CRITICAL,146.6,0.847,3,572.7
CASE9_0192_LINE_8_2,CASE9,192,5,"8,6,2,7,4",6,8,2,0,2,CRITICAL,999.0,0.0,10,572.7
CASE9_0192_LINE_8_9,CASE9,192,5,"8,6,2,7,4",7,8,9,1,2,CRITICAL,147.9,0.875,2,572.7
CASE9_0192_LINE_9_4,CASE9,192,5,"8,6,2,7,4",8,9,4,0,2,CRITICAL,999.0,0.0,10,572.7
CASE9_0193_LINE_1_4,CASE9,193,4,"3,4,7,5",0,1,4,0,2,CRITICAL,999.0,0.0,10,479.1
CASE9_0193_LINE_4_5,CASE9,193,4,"3,4,7,5",1,4,5,1,2,CRITICAL,103.1,0.854,2,479.1
CASE9_0193_LINE_5_6,CASE9,193,4,"3,4,7,5",2,5,6,1,2,CRITICAL,106.0,0.887,2,479.1
CASE9_0193_LINE_3_6,CASE9,193,4,"3,4,7,5",3,3,6,0,2,CRITICAL,999.0,0.0,10,479.1
CASE9_0193_LINE_6_7,CASE9,193,4,"3,4,7,5",4,6,7,1,1,ALERT,99.9,0.912,0,479.1
CASE9_0193_LINE_7_8,CASE9,193,4,"3,4,7,5",5,7,8,1,2,CRITICAL,112.9,0.87,2,479.1
CASE9_0193_LINE_8_2,CASE9,193,4,"3,4,7,5",6,8,2,0,2,CRITICAL,999.0,0.0,10,479.1
CASE9_0193_LINE_8_9,CASE9,193,4,"3,4,7,5",7,8,9,1,2,CRITICAL,108.2,0.874,2,479.1
CASE9_0193_LINE_9_4,CASE9,193,4,"3,4,7,5",8,9,4,1,2,CRITICAL,102.8,0.775,2,479.1
CASE9_0194_LINE_1_4,CASE9,194,7,"7,9,8,4,3,5,6",0,1,4,0,2,CRITICAL,999.0,0.0,10,606.8
CASE9_0194_LINE_4_5,CASE9,194,7,"7,9,8,4,3,5,6",1,4,5,0,2,CRITICAL,999.0,0.0,10,606.8
CASE9_0194_LINE_5_6,CASE9,194,7,"7,9,8,4,3,5,6",2,5,6,1,2,CRITICAL,170.1,0.808,3,606.8
CASE9_0194_LINE_3_6,CASE9,194,7,"7,9,8,4,3,5,6",3,3,6,0,2,CRITICAL,999.0,0.0,10,606.8
CASE9_0194_LINE_6_7,CASE9,194,7,"7,9,8,4,3,5,6",4,6,7,1,2,CRITICAL,160.6,0.863,3,606.8
CASE9_0194_LINE_7_8,CASE9,194,7,"7,9,8,4,3,5,6",5,7,8,0,2,CRITICAL,999.0,0.0,10,606.8
CASE9_0194_LINE_8_2,CASE9,194,7,"7,9,8,4,3,5,6",6,8,2,0,2,CRITICAL,999.0,0.0,10,606.8
CASE9_0194_LINE_8_9,CASE9,194,7,"7,9,8,4,3,5,6",7,8,9,1,2,CRITICAL,168.6,0.858,3,606.8
CASE9_0194_LINE_9_4,CASE9,194,7,"7,9,8,4,3,5,6",8,9,4,0,2,CRITICAL,999.0,0.0,10,606.8
CASE9_0195_LINE_1_4,CASE9,195,7,"3,9,2,7,4,8,6",0,1,4,0,2,CRITICAL,999.0,0.0,10,737.1
CASE9_0195_LINE_4_5,CASE9,195,7,"3,9,2,7,4,8,6",1,4,5,0,2,CRITICAL,999.0,0.0,10,737.1
CASE9_0195_LINE_5_6,CASE9,195,7,"3,9,2,7,4,8,6",2,5,6,0,2,CRITICAL,999.0,0.0,10,737.1
CASE9_0195_LINE_3_6,CASE9,195,7,"3,9,2,7,4,8,6",3,3,6,0,2,CRITICAL,999.0,0.0,10,737.1
CASE9_0195_LINE_6_7,CASE9,195,7,"3,9,2,7,4,8,6",4,6,7,0,2,CRITICAL,999.0,0.0,10,737.1
CASE9_0195_LINE_7_8,CASE9,195,7,"3,9,2,7,4,8,6",5,7,8,0,2,CRITICAL,999.0,0.0,10,737.1
CASE9_0195_LINE_8_2,CASE9,195,7,"3,9,2,7,4,8,6",6,8,2,0,2,CRITICAL,999.0,0.0,10,737.1
CASE9_0195_LINE_8_9,CASE9,195,7,"3,9,2,7,4,8,6",7,8,9,0,2,CRITICAL,999.0,0.0,10,737.1
CASE9_0195_LINE_9_4,CASE9,195,7,"3,9,2,7,4,8,6",8,9,4,0,2,CRITICAL,999.0,0.0,10,737.1
CASE9_0201_LINE_1_4,CASE9,201,6,"3,8,2,6,4,9",0,1,4,0,2,CRITICAL,999.0,0.0,10,735.1
CASE9_0201_LINE_4_5,CASE9,201,6,"3,8,2,6,4,9",1,4,5,0,2,CRITICAL,999.0,0.0,10,735.1
CASE9_0201_LINE_5_6,CASE9,201,6,"3,8,2,6,4,9",2,5,6,0,2,CRITICAL,999.0,0.0,10,735.1
CASE9_0201_LINE_3_6,CASE9,201,6,"3,8,2,6,4,9",3,3,6,0,2,CRITICAL,999.0,0.0,10,735.1
CASE9_0201_LINE_6_7,CASE9,201,6,"3,8,2,6,4,9",4,6,7,1,2,CRITICAL,233.2,0.806,6,735.1
CASE9_0201_LINE_7_8,CASE9,201,6,"3,8,2,6,4,9",5,7,8,1,2,CRITICAL,252.3,0.79,8,735.1
CASE9_0201_LINE_8_2,CASE9,201,6,"3,8,2,6,4,9",6,8,2,0,2,CRITICAL,999.0,0.0,10,735.1
CASE9_0201_LINE_8_9,CASE9,201,6,"3,8,2,6,4,9",7,8,9,0,2,CRITICAL,999.0,0.0,10,735.1
CASE9_0201_LINE_9_4,CASE9,201,6,"3,8,2,6,4,9",8,9,4,0,2,CRITICAL,999.0,0.0,10,735.1
CASE9_0202_LINE_1_4,CASE9,202,6,"4,5,2,3,9,7",0,1,4,0,2,CRITICAL,999.0,0.0,10,574.0
CASE9_0202_LINE_4_5,CASE9,202,6,"4,5,2,3,9,7",1,4,5,1,2,CRITICAL,174.5,0.787,5,574.0
CASE9_0202_LINE_5_6,CASE9,202,6,"4,5,2,3,9,7",2,5,6,1,2,CRITICAL,148.3,0.883,3,574.0
CASE9_0202_LINE_3_6,CASE9,202,6,"4,5,2,3,9,7",3,3,6,0,2,CRITICAL,999.0,0.0,10,574.0
CASE9_0202_LINE_6_7,CASE9,202,6,"4,5,2,3,9,7",4,6,7,1,2,CRITICAL,148.6,0.865,4,574.0
CASE9_0202_LINE_7_8,CASE9,202,6,"4,5,2,3,9,7",5,7,8,1,2,CRITICAL,147.5,0.867,2,574.0
CASE9_0202_LINE_8_2,CASE9,202,6,"4,5,2,3,9,7",6,8,2,0,2,CRITICAL,999.0,0.0,10,574.0
CASE9_0202_LINE_8_9,CASE9,202,6,"4,5,2,3,9,7",7,8,9,1,2,CRITICAL,151.7,0.814,2,574.0
CASE9_0202_LINE_9_4,CASE9,202,6,"4,5,2,3,9,7",8,9,4,0,2,CRITICAL,999.0,0.0,10,574.0
CASE9_0203_LINE_1_4,CASE9,203,4,"6,5,8,7",0,1,4,0,2,CRITICAL,999.0,0.0,10,386.6
CASE9_0203_LINE_4_5,CASE9,203,4,"6,5,8,7",1,4,5,1,2,CRITICAL,90.2,0.781,1,386.6
CASE9_0203_LINE_5_6,CASE9,203,4,"6,5,8,7",2,5,6,1,2,CRITICAL,68.8,0.881,1,386.6
CASE9_0203_LINE_3_6,CASE9,203,4,"6,5,8,7",3,3,6,0,2,CRITICAL,999.0,0.0,10,386.6
CASE9_0203_LINE_6_7,CASE9,203,4,"6,5,8,7",4,6,7,1,1,ALERT,65.8,0.949,0,386.6
CASE9_0203_LINE_7_8,CASE9,203,4,"6,5,8,7",5,7,8,1,1,ALERT,65.5,0.935,0,386.6
CASE9_0203_LINE_8_2,CASE9,203,4,"6,5,8,7",6,8,2,0,2,CRITICAL,999.0,0.0,10,386.6
CASE9_0203_LINE_8_9,CASE9,203,4,"6,5,8,7",7,8,9,1,2,CRITICAL,72.2,0.892,1,386.6
CASE9_0203_LINE_9_4,CASE9,203,4,"6,5,8,7",8,9,4,1,2,CRITICAL,70.8,0.784,1,386.6
CASE9_0204_LINE_1_4,CASE9,204,8,"2,5,8,4,7,9,3,6",0,1,4,0,2,CRITICAL,999.0,0.0,10,689.5
CASE9_0204_LINE_4_5,CASE9,204,8,"2,5,8,4,7,9,3,6",1,4,5,0,2,CRITICAL,999.0,0.0,10,689.5
CASE9_0204_LINE_5_6,CASE9,204,8,"2,5,8,4,7,9,3,6",2,5,6,1,2,CRITICAL,247.4,0.702,5,689.5
CASE9_0204_LINE_3_6,CASE9,204,8,"2,5,8,4,7,9,3,6",3,3,6,0,2,CRITICAL,999.0,0.0,10,689.5
CASE9_0204_LINE_6_7,CASE9,204,8,"2,5,8,4,7,9,3,6",4,6,7,1,2,CRITICAL,219.8,0.782,7,689.5
CASE9_0204_LINE_7_8,CASE9,204,8,"2,5,8,4,7,9,3,6",5,7,8,0,2,CRITICAL,999.0,0.0,10,689.5
CASE9_0204_LINE_8_2,CASE9,204,8,"2,5,8,4,7,9,3,6",6,8,2,0,2,CRITICAL,999.0,0.0,10,689.5
CASE9_0204_LINE_8_9,CASE9,204,8,"2,5,8,4,7,9,3,6",7,8,9,0,2,CRITICAL,999.0,0.0,10,689.5
CASE9_0204_LINE_9_4,CASE9,204,8,"2,5,8,4,7,9,3,6",8,9,4,0,2,CRITICAL,999.0,0.0,10,689.5
CASE9_0205_LINE_1_4,CASE9,205,4,"5,4,3,6",0,1,4,0,2,CRITICAL,999.0,0.0,10,496.9
CASE9_0205_LINE_4_5,CASE9,205,4,"5,4,3,6",1,4,5,1,2,CRITICAL,115.6,0.837,2,496.9
CASE9_0205_LINE_5_6,CASE9,205,4,"5,4,3,6",2,5,6,1,2,CRITICAL,109.0,0.906,1,496.9
CASE9_0205_LINE_3_6,CASE9,205,4,"5,4,3,6",3,3,6,0,2,CRITICAL,999.0,0.0,10,496.9
CASE9_0205_LINE_6_7,CASE9,205,4,"5,4,3,6",4,6,7,1,2,CRITICAL,106.3,0.94,1,496.9
CASE9_0205_LINE_7_8,CASE9,205,4,"5,4,3,6",5,7,8,1,2,CRITICAL,129.6,0.864,6,496.9
CASE9_0205_LINE_8_2,CASE9,205,4,"5,4,3,6",6,8,2,0,2,CRITICAL,999.0,0.0,10,496.9
CASE9_0205_LINE_8_9,CASE9,205,4,"5,4,3,6",7,8,9,1,2,CRITICAL,110.9,0.887,2,496.9
CASE9_0205_LINE_9_4,CASE9,205,4,"5,4,3,6",8,9,4,1,2,CRITICAL,114.3,0.775,2,496.9
CASE9_0216_LINE_1_4,CASE9,216,4,"4,6,8,2",0,1,4,0,2,CRITICAL,999.0,0.0,10,495.8
CASE9_0216_LINE_4_5,CASE9,216,4,"4,6,8,2",1,4,5,1,2,CRITICAL,115.7,0.855,2,495.8
CASE9_0216_LINE_5_6,CASE9,216,4,"4,6,8,2",2,5,6,1,2,CRITICAL,106.9,0.918,1,495.8
CASE9_0216_LINE_3_6,CASE9,216,4,"4,6,8,2",3,3,6,0,2,CRITICAL,999.0,0.0,10,495.8
CASE9_0216_LINE_6_7,CASE9,216,4,"4,6,8,2",4,6,7,1,2,CRITICAL,104.0,0.935,1,495.8
CASE9_0216_LINE_7_8,CASE9,216,4,"4,6,8,2",5,7,8,1,2,CRITICAL,115.2,0.883,2,495.8
CASE9_0216_LINE_8_2,CASE9,216,4,"4,6,8,2",6,8,2,0,2,CRITICAL,999.0,0.0,10,495.8
CASE9_0216_LINE_8_9,CASE9,216,4,"4,6,8,2",7,8,9,1,2,CRITICAL,107.8,0.896,2,495.8
CASE9_0216_LINE_9_4,CASE9,216,4,"4,6,8,2",8,9,4,1,2,CRITICAL,121.2,0.743,5,495.8
CASE9_0217_LINE_1_4,CASE9,217,5,"6,9,8,4,7",0,1,4,0,2,CRITICAL,999.0,0.0,10,547.8
CASE9_0217_LINE_4_5,CASE9,217,5,"6,9,8,4,7",1,4,5,1,2,CRITICAL,149.1,0.85,5,547.8
CASE9_0217_LINE_5_6,CASE9,217,5,"6,9,8,4,7",2,5,6,1,2,CRITICAL,131.5,0.904,1,547.8
CASE9_0217_LINE_3_6,CASE9,217,5,"6,9,8,4,7",3,3,6,0,2,CRITICAL,999.0,0.0,10,547.8
CASE9_0217_LINE_6_7,CASE9,217,5,"6,9,8,4,7",4,6,7,1,2,CRITICAL,127.6,0.909,1,547.8
CASE9_0217_LINE_7_8,CASE9,217,5,"6,9,8,4,7",5,7,8,1,2,CRITICAL,134.4,0.893,2,547.8
CASE9_0217_LINE_8_2,CASE9,217,5,"6,9,8,4,7",6,8,2,0,2,CRITICAL,999.0,0.0,10,547.8
CASE9_0217_LINE_8_9,CASE9,217,5,"6,9,8,4,7",7,8,9,1,2,CRITICAL,131.2,0.891,2,547.8
CASE9_0217_LINE_9_4,CASE9,217,5,"6,9,8,4,7",8,9,4,0,2,CRITICAL,999.0,0.0,10,547.8
CASE9_0218_LINE_1_4,CASE9,218,3,"5,9,2",0,1,4,0,2,CRITICAL,999.0,0.0,10,383.4
CASE9_0218_LINE_4_5,CASE9,218,3,"5,9,2",1,4,5,1,1,ALERT,57.9,0.933,0,383.4
CASE9_0218_LINE_5_6,CASE9,218,3,"5,9,2",2,5,6,1,1,ALERT,59.7,0.939,0,383.4
CASE9_0218_LINE_3_6,CASE9,218,3,"5,9,2",3,3,6,0,2,CRITICAL,999.0,0.0,10,383.4
CASE9_0218_LINE_6_7,CASE9,218,3,"5,9,2",4,6,7,1,1,ALERT,58.7,0.942,0,383.4
CASE9_0218_LINE_7_8,CASE9,218,3,"5,9,2",5,7,8,1,1,ALERT,70.1,0.94,0,383.4
CASE9_0218_LINE_8_2,CASE9,218,3,"5,9,2",6,8,2,0,2,CRITICAL,999.0,0.0,10,383.4
CASE9_0218_LINE_8_9,CASE9,218,3,"5,9,2",7,8,9,1,2,CRITICAL,63.1,0.894,1,383.4
CASE9_0218_LINE_9_4,CASE9,218,3,"5,9,2",8,9,4,1,2,CRITICAL,108.2,0.719,2,383.4
CASE9_0219_LINE_1_4,CASE9,219,8,"3,6,4,8,5,9,7,2",0,1,4,0,2,CRITICAL,999.0,0.0,10,665.4
CASE9_0219_LINE_4_5,CASE9,219,8,"3,6,4,8,5,9,7,2",1,4,5,0,2,CRITICAL,999.0,0.0,10,665.4
CASE9_0219_LINE_5_6,CASE9,219,8,"3,6,4,8,5,9,7,2",2,5,6,0,2,CRITICAL,999.0,0.0,10,665.4
CASE9_0219_LINE_3_6,CASE9,219,8,"3,6,4,8,5,9,7,2",3,3,6,0,2,CRITICAL,999.0,0.0,10,665.4
CASE9_0219_LINE_6_7,CASE9,219,8,"3,6,4,8,5,9,7,2",4,6,7,1,2,CRITICAL,192.2,0.845,3,665.4
CASE9_0219_LINE_7_8,CASE9,219,8,"3,6,4,8,5,9,7,2",5,7,8,0,2,CRITICAL,999.0,0.0,10,665.4
CASE9_0219_LINE_8_2,CASE9,219,8,"3,6,4,8,5,9,7,2",6,8,2,0,2,CRITICAL,999.0,0.0,10,665.4
CASE9_0219_LINE_8_9,CASE9,219,8,"3,6,4,8,5,9,7,2",7,8,9,0,2,CRITICAL,999.0,0.0,10,665.4
CASE9_0219_LINE_9_4,CASE9,219,8,"3,6,4,8,5,9,7,2",8,9,4,0,2,CRITICAL,999.0,0.0,10,665.4
CASE9_0220_LINE_1_4,CASE9,220,3,"5,4,8",0,1,4,0,2,CRITICAL,999.0,0.0,10,414.5
CASE9_0220_LINE_4_5,CASE9,220,3,"5,4,8",1,4,5,1,2,CRITICAL,79.0,0.845,1,414.5
CASE9_0220_LINE_5_6,CASE9,220,3,"5,4,8",2,5,6,1,2,CRITICAL,81.7,0.884,1,414.5
CASE9_0220_LINE_3_6,CASE9,220,3,"5,4,8",3,3,6,0,2,CRITICAL,999.0,0.0,10,414.5
CASE9_0220_LINE_6_7,CASE9,220,3,"5,4,8",4,6,7,1,1,ALERT,73.2,0.936,0,414.5
CASE9_0220_LINE_7_8,CASE9,220,3,"5,4,8",5,7,8,1,1,ALERT,76.9,0.929,0,414.5
CASE9_0220_LINE_8_2,CASE9,220,3,"5,4,8",6,8,2,0,2,CRITICAL,999.0,0.0,10,414.5
CASE9_0220_LINE_8_9,CASE9,220,3,"5,4,8",7,8,9,1,2,CRITICAL,83.1,0.879,1,414.5
CASE9_0220_LINE_9_4,CASE9,220,3,"5,4,8",8,9,4,1,2,CRITICAL,74.1,0.776,1,414.5
CASE9_0186_LINE_1_4,CASE9,186,7,"3,6,4,9,7,2,5",0,1,4,0,2,CRITICAL,999.0,0.0,10,678.5
CASE9_0186_LINE_4_5,CASE9,186,7,"3,6,4,9,7,2,5",1,4,5,0,2,CRITICAL,999.0,0.0,10,678.5
CASE9_0186_LINE_5_6,CASE9,186,7,"3,6,4,9,7,2,5",2,5,6,1,2,CRITICAL,240.4,0.733,5,678.5
CASE9_0186_LINE_3_6,CASE9,186,7,"3,6,4,9,7,2,5",3,3,6,0,2,CRITICAL,999.0,0.0,10,678.5
CASE9_0186_LINE_6_7,CASE9,186,7,"3,6,4,9,7,2,5",4,6,7,1,2,CRITICAL,202.1,0.85,4,678.5
CASE9_0186_LINE_7_8,CASE9,186,7,"3,6,4,9,7,2,5",5,7,8,0,2,CRITICAL,999.0,0.0,10,678.5
CASE9_0186_LINE_8_2,CASE9,186,7,"3,6,4,9,7,2,5",6,8,2,0,2,CRITICAL,999.0,0.0,10,678.5
CASE9_0186_LINE_8_9,CASE9,186,7,"3,6,4,9,7,2,5",7,8,9,1,2,CRITICAL,240.2,0.668,4,678.5
CASE9_0186_LINE_9_4,CASE9,186,7,"3,6,4,9,7,2,5",8,9,4,0,2,CRITICAL,999.0,0.0,10,678.5
CASE9_0187_LINE_1_4,CASE9,187,8,"6,9,4,2,5,3,7,8",0,1,4,0,2,CRITICAL,999.0,0.0,10,631.4
CASE9_0187_LINE_4_5,CASE9,187,8,"6,9,4,2,5,3,7,8",1,4,5,0,2,CRITICAL,999.0,0.0,10,631.4
CASE9_0187_LINE_5_6,CASE9,187,8,"6,9,4,2,5,3,7,8",2,5,6,1,2,CRITICAL,173.2,0.86,2,631.4
CASE9_0187_LINE_3_6,CASE9,187,8,"6,9,4,2,5,3,7,8",3,3,6,0,2,CRITICAL,999.0,0.0,10,631.4
CASE9_0187_LINE_6_7,CASE9,187,8,"6,9,4,2,5,3,7,8",4,6,7,1,2,CRITICAL,165.0,0.925,1,631.4
CASE9_0187_LINE_7_8,CASE9,187,8,"6,9,4,2,5,3,7,8",5,7,8,1,2,CRITICAL,188.5,0.82,5,631.4
CASE9_0187_LINE_8_2,CASE9,187,8,"6,9,4,2,5,3,7,8",6,8,2,0,2,CRITICAL,999.0,0.0,10,631.4
CASE9_0187_LINE_8_9,CASE9,187,8,"6,9,4,2,5,3,7,8",7,8,9,1,2,CRITICAL,175.1,0.886,2,631.4
CASE9_0187_LINE_9_4,CASE9,187,8,"6,9,4,2,5,3,7,8",8,9,4,0,2,CRITICAL,999.0,0.0,10,631.4
CASE9_0188_LINE_1_4,CASE9,188,8,"5,8,4,2,3,7,6,9",0,1,4,0,2,CRITICAL,999.0,0.0,10,736.0
CASE9_0188_LINE_4_5,CASE9,188,8,"5,8,4,2,3,7,6,9",1,4,5,0,2,CRITICAL,999.0,0.0,10,736.0
CASE9_0188_LINE_5_6,CASE9,188,8,"5,8,4,2,3,7,6,9",2,5,6,0,2,CRITICAL,999.0,0.0,10,736.0
CASE9_0188_LINE_3_6,CASE9,188,8,"5,8,4,2,3,7,6,9",3,3,6,0,2,CRITICAL,999.0,0.0,10,736.0
CASE9_0188_LINE_6_7,CASE9,188,8,"5,8,4,2,3,7,6,9",4,6,7,1,2,CRITICAL,235.5,0.822,6,736.0
CASE9_0188_LINE_7_8,CASE9,188,8,"5,8,4,2,3,7,6,9",5,7,8,0,2,CRITICAL,999.0,0.0,10,736.0
CASE9_0188_LINE_8_2,CASE9,188,8,"5,8,4,2,3,7,6,9",6,8,2,0,2,CRITICAL,999.0,0.0,10,736.0
CASE9_0188_LINE_8_9,CASE9,188,8,"5,8,4,2,3,7,6,9",7,8,9,0,2,CRITICAL,999.0,0.0,10,736.0
CASE9_0188_LINE_9_4,CASE9,188,8,"5,8,4,2,3,7,6,9",8,9,4,0,2,CRITICAL,999.0,0.0,10,736.0
CASE9_0189_LINE_1_4,CASE9,189,4,"4,3,6,9",0,1,4,0,2,CRITICAL,999.0,0.0,10,561.6
CASE9_0189_LINE_4_5,CASE9,189,4,"4,3,6,9",1,4,5,1,2,CRITICAL,150.2,0.864,3,561.6
CASE9_0189_LINE_5_6,CASE9,189,4,"4,3,6,9",2,5,6,1,2,CRITICAL,141.7,0.886,3,561.6
CASE9_0189_LINE_3_6,CASE9,189,4,"4,3,6,9",3,3,6,0,2,CRITICAL,999.0,0.0,10,561.6
CASE9_0189_LINE_6_7,CASE9,189,4,"4,3,6,9",4,6,7,1,2,CRITICAL,136.6,0.907,1,561.6
CASE9_0189_LINE_7_8,CASE9,189,4,"4,3,6,9",5,7,8,1,2,CRITICAL,160.0,0.86,5,561.6
CASE9_0189_LINE_8_2,CASE9,189,4,"4,3,6,9",6,8,2,0,2,CRITICAL,999.0,0.0,10,561.6
CASE9_0189_LINE_8_9,CASE9,189,4,"4,3,6,9",7,8,9,1,2,CRITICAL,148.7,0.812,2,561.6
CASE9_0189_LINE_9_4,CASE9,189,4,"4,3,6,9",8,9,4,0,2,CRITICAL,999.0,0.0,10,561.6
CASE9_0190_LINE_1_4,CASE9,190,4,"9,5,4,2",0,1,4,0,2,CRITICAL,999.0,0.0,10,513.6
CASE9_0190_LINE_4_5,CASE9,190,4,"9,5,4,2",1,4,5,1,2,CRITICAL,127.6,0.854,3,513.6
CASE9_0190_LINE_5_6,CASE9,190,4,"9,5,4,2",2,5,6,1,2,CRITICAL,130.1,0.85,3,513.6
CASE9_0190_LINE_3_6,CASE9,190,4,"9,5,4,2",3,3,6,0,2,CRITICAL,999.0,0.0,10,513.6
CASE9_0190_LINE_6_7,CASE9,190,4,"9,5,4,2",4,6,7,1,2,CRITICAL,123.8,0.858,2,513.6
CASE9_0190_LINE_7_8,CASE9,190,4,"9,5,4,2",5,7,8,1,2,CRITICAL,122.6,0.868,2,513.6
CASE9_0190_LINE_8_2,CASE9,190,4,"9,5,4,2",6,8,2,0,2,CRITICAL,999.0,0.0,10,513.6
CASE9_0190_LINE_8_9,CASE9,190,4,"9,5,4,2",7,8,9,0,2,CRITICAL,999.0,0.0,10,513.6
CASE9_0190_LINE_9_4,CASE9,190,4,"9,5,4,2",8,9,4,0,2,CRITICAL,999.0,0.0,10,513.6
CASE9_0196_LINE_1_4,CASE9,196,7,"5,3,4,2,7,8,6",0,1,4,0,2,CRITICAL,999.0,0.0,10,504.0
CASE9_0196_LINE_4_5,CASE9,196,7,"5,3,4,2,7,8,6",1,4,5,1,2,CRITICAL,123.8,0.801,4,504.0
CASE9_0196_LINE_5_6,CASE9,196,7,"5,3,4,2,7,8,6",2,5,6,1,2,CRITICAL,111.9,0.894,2,504.0
CASE9_0196_LINE_3_6,CASE9,196,7,"5,3,4,2,7,8,6",3,3,6,0,2,CRITICAL,999.0,0.0,10,504.0
CASE9_0196_LINE_6_7,CASE9,196,7,"5,3,4,2,7,8,6",4,6,7,1,2,CRITICAL,107.7,0.942,1,504.0
CASE9_0196_LINE_7_8,CASE9,196,7,"5,3,4,2,7,8,6",5,7,8,1,2,CRITICAL,111.8,0.931,1,504.0
CASE9_0196_LINE_8_2,CASE9,196,7,"5,3,4,2,7,8,6",6,8,2,0,2,CRITICAL,999.0,0.0,10,504.0
CASE9_0196_LINE_8_9,CASE9,196,7,"5,3,4,2,7,8,6",7,8,9,1,2,CRITICAL,111.8,0.893,2,504.0
CASE9_0196_LINE_9_4,CASE9,196,7,"5,3,4,2,7,8,6",8,9,4,1,2,CRITICAL,127.4,0.736,5,504.0
CASE9_0197_LINE_1_4,CASE9,197,4,"2,4,9,6",0,1,4,0,2,CRITICAL,999.0,0.0,10,500.4
CASE9_0197_LINE_4_5,CASE9,197,4,"2,4,9,6",1,4,5,1,2,CRITICAL,117.7,0.881,3,500.4
CASE9_0197_LINE_5_6,CASE9,197,4,"2,4,9,6",2,5,6,1,2,CRITICAL,113.7,0.897,3,500.4
CASE9_0197_LINE_3_6,CASE9,197,4,"2,4,9,6",3,3,6,0,2,CRITICAL,999.0,0.0,10,500.4
CASE9_0197_LINE_6_7,CASE9,197,4,"2,4,9,6",4,6,7,1,2,CRITICAL,110.5,0.899,2,500.4
CASE9_0197_LINE_7_8,CASE9,197,4,"2,4,9,6",5,7,8,1,2,CRITICAL,112.8,0.905,1,500.4
CASE9_0197_LINE_8_2,CASE9,197,4,"2,4,9,6",6,8,2,0,2,CRITICAL,999.0,0.0,10,500.4
CASE9_0197_LINE_8_9,CASE9,197,4,"2,4,9,6",7,8,9,1,2,CRITICAL,123.4,0.797,2,500.4
CASE9_0197_LINE_9_4,CASE9,197,4,"2,4,9,6",8,9,4,0,2,CRITICAL,999.0,0.0,10,500.4
CASE9_0198_LINE_1_4,CASE9,198,6,"9,5,6,4,7,3",0,1,4,0,2,CRITICAL,999.0,0.0,10,521.3
CASE9_0198_LINE_4_5,CASE9,198,6,"9,5,6,4,7,3",1,4,5,1,2,CRITICAL,130.6,0.851,3,521.3
CASE9_0198_LINE_5_6,CASE9,198,6,"9,5,6,4,7,3",2,5,6,1,2,CRITICAL,124.5,0.873,2,521.3
CASE9_0198_LINE_3_6,CASE9,198,6,"9,5,6,4,7,3",3,3,6,0,2,CRITICAL,999.0,0.0,10,521.3
CASE9_0198_LINE_6_7,CASE9,198,6,"9,5,6,4,7,3",4,6,7,1,2,CRITICAL,122.4,0.868,3,521.3
CASE9_0198_LINE_7_8,CASE9,198,6,"9,5,6,4,7,3",5,7,8,1,2,CRITICAL,140.9,0.802,6,521.3
CASE9_0198_LINE_8_2,CASE9,198,6,"9,5,6,4,7,3",6,8,2,0,2,CRITICAL,999.0,0.0,10,521.3
CASE9_0198_LINE_8_9,CASE9,198,6,"9,5,6,4,7,3",7,8,9,1,2,CRITICAL,141.8,0.738,3,521.3
CASE9_0198_LINE_9_4,CASE9,198,6,"9,5,6,4,7,3",8,9,4,0,2,CRITICAL,999.0,0.0,10,521.3
CASE9_0199_LINE_1_4,CASE9,199,3,"5,7,9",0,1,4,0,2,CRITICAL,999.0,0.0,10,466.6
CASE9_0199_LINE_4_5,CASE9,199,3,"5,7,9",1,4,5,1,2,CRITICAL,112.8,0.653,4,466.6
CASE9_0199_LINE_5_6,CASE9,199,3,"5,7,9",2,5,6,1,2,CRITICAL,107.5,0.844,3,466.6
CASE9_0199_LINE_3_6,CASE9,199,3,"5,7,9",3,3,6,0,2,CRITICAL,999.0,0.0,10,466.6
CASE9_0199_LINE_6_7,CASE9,199,3,"5,7,9",4,6,7,1,2,CRITICAL,99.0,0.89,2,466.6
CASE9_0199_LINE_7_8,CASE9,199,3,"5,7,9",5,7,8,1,2,CRITICAL,111.1,0.847,5,466.6
CASE9_0199_LINE_8_2,CASE9,199,3,"5,7,9",6,8,2,0,2,CRITICAL,999.0,0.0,10,466.6
CASE9_0199_LINE_8_9,CASE9,199,3,"5,7,9",7,8,9,1,2,CRITICAL,112.7,0.808,3,466.6
CASE9_0199_LINE_9_4,CASE9,199,3,"5,7,9",8,9,4,0,2,CRITICAL,999.0,0.0,10,466.6
CASE9_0200_LINE_1_4,CASE9,200,4,"2,7,3,5",0,1,4,0,2,CRITICAL,999.0,0.0,10,541.6
CASE9_0200_LINE_4_5,CASE9,200,4,"2,7,3,5",1,4,5,0,2,CRITICAL,999.0,0.0,10,541.6
CASE9_0200_LINE_5_6,CASE9,200,4,"2,7,3,5",2,5,6,1,2,CRITICAL,133.5,0.897,2,541.6
CASE9_0200_LINE_3_6,CASE9,200,4,"2,7,3,5",3,3,6,0,2,CRITICAL,999.0,0.0,10,541.6
CASE9_0200_LINE_6_7,CASE9,200,4,"2,7,3,5",4,6,7,1,2,CRITICAL,128.4,0.831,2,541.6
CASE9_0200_LINE_7_8,CASE9,200,4,"2,7,3,5",5,7,8,0,2,CRITICAL,999.0,0.0,10,541.6
CASE9_0200_LINE_8_2,CASE9,200,4,"2,7,3,5",6,8,2,0,2,CRITICAL,999.0,0.0,10,541.6
CASE9_0200_LINE_8_9,CASE9,200,4,"2,7,3,5",7,8,9,1,2,CRITICAL,131.9,0.887,2,541.6
CASE9_0200_LINE_9_4,CASE9,200,4,"2,7,3,5",8,9,4,0,2,CRITICAL,999.0,0.0,10,541.6
CASE9_0221_LINE_1_4,CASE9,221,2,"8,4",0,1,4,0,2,CRITICAL,999.0,0.0,10,384.3
CASE9_0221_LINE_4_5,CASE9,221,2,"8,4",1,4,5,1,1,ALERT,65.5,0.905,0,384.3
CASE9_0221_LINE_5_6,CASE9,221,2,"8,4",2,5,6,1,1,ALERT,65.6,0.917,0,384.3
CASE9_0221_LINE_3_6,CASE9,221,2,"8,4",3,3,6,0,2,CRITICAL,999.0,0.0,10,384.3
CASE9_0221_LINE_6_7,CASE9,221,2,"8,4",4,6,7,1,1,ALERT,66.9,0.937,0,384.3
CASE9_0221_LINE_7_8,CASE9,221,2,"8,4",5,7,8,1,1,ALERT,70.2,0.936,0,384.3
CASE9_0221_LINE_8_2,CASE9,221,2,"8,4",6,8,2,0,2,CRITICAL,999.0,0.0,10,384.3
CASE9_0221_LINE_8_9,CASE9,221,2,"8,4",7,8,9,1,2,CRITICAL,67.9,0.893,1,384.3
CASE9_0221_LINE_9_4,CASE9,221,2,"8,4",8,9,4,1,2,CRITICAL,77.4,0.775,1,384.3
CASE9_0222_LINE_1_4,CASE9,222,5,"2,6,7,3,9",0,1,4,0,2,CRITICAL,999.0,0.0,10,483.0
CASE9_0222_LINE_4_5,CASE9,222,5,"2,6,7,3,9",1,4,5,1,2,CRITICAL,111.0,0.867,3,483.0
CASE9_0222_LINE_5_6,CASE9,222,5,"2,6,7,3,9",2,5,6,1,2,CRITICAL,100.7,0.924,1,483.0
CASE9_0222_LINE_3_6,CASE9,222,5,"2,6,7,3,9",3,3,6,0,2,CRITICAL,999.0,0.0,10,483.0
CASE9_0222_LINE_6_7,CASE9,222,5,"2,6,7,3,9",4,6,7,1,1,ALERT,98.3,0.933,0,483.0
CASE9_0222_LINE_7_8,CASE9,222,5,"2,6,7,3,9",5,7,8,1,2,CRITICAL,106.5,0.884,2,483.0
CASE9_0222_LINE_8_2,CASE9,222,5,"2,6,7,3,9",6,8,2,0,2,CRITICAL,999.0,0.0,10,483.0
CASE9_0222_LINE_8_9,CASE9,222,5,"2,6,7,3,9",7,8,9,1,2,CRITICAL,101.2,0.907,1,483.0
CASE9_0222_LINE_9_4,CASE9,222,5,"2,6,7,3,9",8,9,4,1,2,CRITICAL,119.7,0.76,6,483.0
CASE9_0223_LINE_1_4,CASE9,223,8,"3,6,7,9,2,5,4,8",0,1,4,0,2,CRITICAL,999.0,0.0,10,667.4
CASE9_0223_LINE_4_5,CASE9,223,8,"3,6,7,9,2,5,4,8",1,4,5,0,2,CRITICAL,999.0,0.0,10,667.4
CASE9_0223_LINE_5_6,CASE9,223,8,"3,6,7,9,2,5,4,8",2,5,6,1,2,CRITICAL,211.9,0.776,4,667.4
CASE9_0223_LINE_3_6,CASE9,223,8,"3,6,7,9,2,5,4,8",3,3,6,0,2,CRITICAL,999.0,0.0,10,667.4
CASE9_0223_LINE_6_7,CASE9,223,8,"3,6,7,9,2,5,4,8",4,6,7,1,2,CRITICAL,192.2,0.875,3,667.4
CASE9_0223_LINE_7_8,CASE9,223,8,"3,6,7,9,2,5,4,8",5,7,8,0,2,CRITICAL,999.0,0.0,10,667.4
CASE9_0223_LINE_8_2,CASE9,223,8,"3,6,7,9,2,5,4,8",6,8,2,0,2,CRITICAL,999.0,0.0,10,667.4
CASE9_0223_LINE_8_9,CASE9,223,8,"3,6,7,9,2,5,4,8",7,8,9,1,2,CRITICAL,213.3,0.786,5,667.4
CASE9_0223_LINE_9_4,CASE9,223,8,"3,6,7,9,2,5,4,8",8,9,4,0,2,CRITICAL,999.0,0.0,10,667.4
CASE9_0224_LINE_1_4,CASE9,224,7,"6,4,9,5,3,7,2",0,1,4,0,2,CRITICAL,999.0,0.0,10,642.8
CASE9_0224_LINE_4_5,CASE9,224,7,"6,4,9,5,3,7,2",1,4,5,0,2,CRITICAL,999.0,0.0,10,642.8
CASE9_0224_LINE_5_6,CASE9,224,7,"6,4,9,5,3,7,2",2,5,6,1,2,CRITICAL,180.4,0.862,2,642.8
CASE9_0224_LINE_3_6,CASE9,224,7,"6,4,9,5,3,7,2",3,3,6,0,2,CRITICAL,999.0,0.0,10,642.8
CASE9_0224_LINE_6_7,CASE9,224,7,"6,4,9,5,3,7,2",4,6,7,1,2,CRITICAL,172.4,0.915,1,642.8
CASE9_0224_LINE_7_8,CASE9,224,7,"6,4,9,5,3,7,2",5,7,8,0,2,CRITICAL,999.0,0.0,10,642.8
CASE9_0224_LINE_8_2,CASE9,224,7,"6,4,9,5,3,7,2",6,8,2,0,2,CRITICAL,999.0,0.0,10,642.8
CASE9_0224_LINE_8_9,CASE9,224,7,"6,4,9,5,3,7,2",7,8,9,1,2,CRITICAL,180.9,0.879,3,642.8
CASE9_0224_LINE_9_4,CASE9,224,7,"6,4,9,5,3,7,2",8,9,4,0,2,CRITICAL,999.0,0.0,10,642.8
CASE9_0225_LINE_1_4,CASE9,225,6,"4,9,8,2,5,6",0,1,4,0,2,CRITICAL,999.0,0.0,10,706.9
CASE9_0225_LINE_4_5,CASE9,225,6,"4,9,8,2,5,6",1,4,5,0,2,CRITICAL,999.0,0.0,10,706.9
CASE9_0225_LINE_5_6,CASE9,225,6,"4,9,8,2,5,6",2,5,6,0,2,CRITICAL,999.0,0.0,10,706.9
CASE9_0225_LINE_3_6,CASE9,225,6,"4,9,8,2,5,6",3,3,6,0,2,CRITICAL,999.0,0.0,10,706.9
CASE9_0225_LINE_6_7,CASE9,225,6,"4,9,8,2,5,6",4,6,7,1,2,CRITICAL,234.7,0.754,7,706.9
CASE9_0225_LINE_7_8,CASE9,225,6,"4,9,8,2,5,6",5,7,8,1,2,CRITICAL,233.8,0.794,6,706.9
CASE9_0225_LINE_8_2,CASE9,225,6,"4,9,8,2,5,6",6,8,2,0,2,CRITICAL,999.0,0.0,10,706.9
CASE9_0225_LINE_8_9,CASE9,225,6,"4,9,8,2,5,6",7,8,9,0,2,CRITICAL,999.0,0.0,10,706.9
CASE9_0225_LINE_9_4,CASE9,225,6,"4,9,8,2,5,6",8,9,4,0,2,CRITICAL,999.0,0.0,10,706.9
CASE9_0226_LINE_1_4,CASE9,226,1,5,0,1,4,0,2,CRITICAL,999.0,0.0,10,399.6
CASE9_0226_LINE_4_5,CASE9,226,1,5,1,4,5,0,2,CRITICAL,999.0,0.0,10,399.6
CASE9_0226_LINE_5_6,CASE9,226,1,5,2,5,6,1,2,CRITICAL,89.5,0.804,2,399.6
CASE9_0226_LINE_3_6,CASE9,226,1,5,3,3,6,0,2,CRITICAL,999.0,0.0,10,399.6
CASE9_0226_LINE_6_7,CASE9,226,1,5,4,6,7,1,1,ALERT,68.3,0.925,0,399.6
CASE9_0226_LINE_7_8,CASE9,226,1,5,5,7,8,1,2,CRITICAL,81.0,0.896,1,399.6
CASE9_0226_LINE_8_2,CASE9,226,1,5,6,8,2,0,2,CRITICAL,999.0,0.0,10,399.6
CASE9_0226_LINE_8_9,CASE9,226,1,5,7,8,9,1,2,CRITICAL,91.0,0.875,2,399.6
CASE9_0226_LINE_9_4,CASE9,226,1,5,8,9,4,1,2,CRITICAL,70.1,0.788,1,399.6
CASE9_0227_LINE_1_4,CASE9,227,7,"6,2,8,5,9,4,7",0,1,4,0,2,CRITICAL,999.0,0.0,10,458.1
CASE9_0227_LINE_4_5,CASE9,227,7,"6,2,8,5,9,4,7",1,4,5,1,1,ALERT,91.9,0.903,0,458.1
CASE9_0227_LINE_5_6,CASE9,227,7,"6,2,8,5,9,4,7",2,5,6,1,1,ALERT,89.9,0.928,0,458.1
CASE9_0227_LINE_3_6,CASE9,227,7,"6,2,8,5,9,4,7",3,3,6,0,2,CRITICAL,999.0,0.0,10,458.1
CASE9_0227_LINE_6_7,CASE9,227,7,"6,2,8,5,9,4,7",4,6,7,1,1,ALERT,88.5,0.927,0,458.1
CASE9_0227_LINE_7_8,CASE9,227,7,"6,2,8,5,9,4,7",5,7,8,1,1,ALERT,91.0,0.915,0,458.1
CASE9_0227_LINE_8_2,CASE9,227,7,"6,2,8,5,9,4,7",6,8,2,0,2,CRITICAL,999.0,0.0,10,458.1
CASE9_0227_LINE_8_9,CASE9,227,7,"6,2,8,5,9,4,7",7,8,9,1,1,ALERT,90.3,0.915,0,458.1
CASE9_0227_LINE_9_4,CASE9,227,7,"6,2,8,5,9,4,7",8,9,4,1,2,CRITICAL,94.4,0.813,1,458.1
CASE9_0228_LINE_1_4,CASE9,228,8,"8,2,4,9,6,7,3,5",0,1,4,0,2,CRITICAL,999.0,0.0,10,704.1
CASE9_0228_LINE_4_5,CASE9,228,8,"8,2,4,9,6,7,3,5",1,4,5,0,2,CRITICAL,999.0,0.0,10,704.1
CASE9_0228_LINE_5_6,CASE9,228,8,"8,2,4,9,6,7,3,5",2,5,6,1,2,CRITICAL,266.8,0.699,7,704.1
CASE9_0228_LINE_3_6,CASE9,228,8,"8,2,4,9,6,7,3,5",3,3,6,0,2,CRITICAL,999.0,0.0,10,704.1
CASE9_0228_LINE_6_7,CASE9,228,8,"8,2,4,9,6,7,3,5",4,6,7,1,2,CRITICAL,220.2,0.81,7,704.1
CASE9_0228_LINE_7_8,CASE9,228,8,"8,2,4,9,6,7,3,5",5,7,8,0,2,CRITICAL,999.0,0.0,10,704.1
CASE9_0228_LINE_8_2,CASE9,228,8,"8,2,4,9,6,7,3,5",6,8,2,0,2,CRITICAL,999.0,0.0,10,704.1
CASE9_0228_LINE_8_9,CASE9,228,8,"8,2,4,9,6,7,3,5",7,8,9,1,2,CRITICAL,261.5,0.652,4,704.1
CASE9_0228_LINE_9_4,CASE9,228,8,"8,2,4,9,6,7,3,5",8,9,4,0,2,CRITICAL,999.0,0.0,10,704.1
CASE9_0229_LINE_1_4,CASE9,229,6,"6,4,3,2,9,7",0,1,4,0,2,CRITICAL,999.0,0.0,10,551.9
CASE9_0229_LINE_4_5,CASE9,229,6,"6,4,3,2,9,7",1,4,5,1,2,CRITICAL,139.0,0.885,3,551.9
CASE9_0229_LINE_5_6,CASE9,229,6,"6,4,3,2,9,7",2,5,6,1,2,CRITICAL,137.2,0.886,3,551.9
CASE9_0229_LINE_3_6,CASE9,229,6,"6,4,3,2,9,7",3,3,6,0,2,CRITICAL,999.0,0.0,10,551.9
CASE9_0229_LINE_6_7,CASE9,229,6,"6,4,3,2,9,7",4,6,7,1,2,CRITICAL,132.0,0.902,1,551.9
CASE9_0229_LINE_7_8,CASE9,229,6,"6,4,3,2,9,7",5,7,8,1,2,CRITICAL,133.2,0.905,1,551.9
CASE9_0229_LINE_8_2,CASE9,229,6,"6,4,3,2,9,7",6,8,2,0,2,CRITICAL,999.0,0.0,10,551.9
CASE9_0229_LINE_8_9,CASE9,229,6,"6,4,3,2,9,7",7,8,9,1,2,CRITICAL,147.9,0.787,2,551.9
CASE9_0229_LINE_9_4,CASE9,229,6,"6,4,3,2,9,7",8,9,4,0,2,CRITICAL,999.0,0.0,10,551.9
CASE9_0230_LINE_1_4,CASE9,230,4,"5,3,9,7",0,1,4,0,2,CRITICAL,999.0,0.0,10,441.6
CASE9_0230_LINE_4_5,CASE9,230,4,"5,3,9,7",1,4,5,1,1,ALERT,86.6,0.922,0,441.6
CASE9_0230_LINE_5_6,CASE9,230,4,"5,3,9,7",2,5,6,1,1,ALERT,83.0,0.936,0,441.6
CASE9_0230_LINE_3_6,CASE9,230,4,"5,3,9,7",3,3,6,0,2,CRITICAL,999.0,0.0,10,441.6
CASE9_0230_LINE_6_7,CASE9,230,4,"5,3,9,7",4,6,7,1,2,CRITICAL,83.4,0.853,1,441.6
CASE9_0230_LINE_7_8,CASE9,230,4,"5,3,9,7",5,7,8,1,2,CRITICAL,157.3,0.693,8,441.6
CASE9_0230_LINE_8_2,CASE9,230,4,"5,3,9,7",6,8,2,0,2,CRITICAL,999.0,0.0,10,441.6
CASE9_0230_LINE_8_9,CASE9,230,4,"5,3,9,7",7,8,9,1,2,CRITICAL,84.7,0.894,1,441.6
CASE9_0230_LINE_9_4,CASE9,230,4,"5,3,9,7",8,9,4,0,2,CRITICAL,999.0,0.0,10,441.6
CASE9_0241_LINE_1_4,CASE9,241,2,"2,7",0,1,4,0,2,CRITICAL,999.0,0.0,10,404.8
CASE9_0241_LINE_4_5,CASE9,241,2,"2,7",1,4,5,1,1,ALERT,67.8,0.904,0,404.8
CASE9_0241_LINE_5_6,CASE9,241,2,"2,7",2,5,6,1,1,ALERT,68.1,0.93,0,404.8
CASE9_0241_LINE_3_6,CASE9,241,2,"2,7",3,3,6,0,2,CRITICAL,999.0,0.0,10,404.8
CASE9_0241_LINE_6_7,CASE9,241,2,"2,7",4,6,7,1,1,ALERT,67.7,0.935,0,404.8
CASE9_0241_LINE_7_8,CASE9,241,2,"2,7",5,7,8,1,1,ALERT,76.3,0.929,0,404.8
CASE9_0241_LINE_8_2,CASE9,241,2,"2,7",6,8,2,0,2,CRITICAL,999.0,0.0,10,404.8
CASE9_0241_LINE_8_9,CASE9,241,2,"2,7",7,8,9,1,1,ALERT,69.3,0.908,0,404.8
CASE9_0241_LINE_9_4,CASE9,241,2,"2,7",8,9,4,1,2,CRITICAL,111.3,0.771,2,404.8
CASE9_0242_LINE_1_4,CASE9,242,4,"9,7,6,3",0,1,4,0,2,CRITICAL,999.0,0.0,10,454.3
CASE9_0242_LINE_4_5,CASE9,242,4,"9,7,6,3",1,4,5,1,2,CRITICAL,117.0,0.83,5,454.3
CASE9_0242_LINE_5_6,CASE9,242,4,"9,7,6,3",2,5,6,1,1,ALERT,88.5,0.933,0,454.3
CASE9_0242_LINE_3_6,CASE9,242,4,"9,7,6,3",3,3,6,0,2,CRITICAL,999.0,0.0,10,454.3
CASE9_0242_LINE_6_7,CASE9,242,4,"9,7,6,3",4,6,7,1,1,ALERT,86.7,0.906,0,454.3
CASE9_0242_LINE_7_8,CASE9,242,4,"9,7,6,3",5,7,8,0,2,CRITICAL,999.0,0.0,10,454.3
CASE9_0242_LINE_8_2,CASE9,242,4,"9,7,6,3",6,8,2,0,2,CRITICAL,999.0,0.0,10,454.3
CASE9_0242_LINE_8_9,CASE9,242,4,"9,7,6,3",7,8,9,1,1,ALERT,87.7,0.943,0,454.3
CASE9_0242_LINE_9_4,CASE9,242,4,"9,7,6,3",8,9,4,1,2,CRITICAL,94.2,0.878,1,454.3
CASE9_0243_LINE_1_4,CASE9,243,1,5,0,1,4,0,2,CRITICAL,999.0,0.0,10,295.5
CASE9_0243_LINE_4_5,CASE9,243,1,5,1,4,5,1,1,ALERT,65.2,0.947,0,295.5
CASE9_0243_LINE_5_6,CASE9,243,1,5,2,5,6,1,1,ALERT,65.4,0.931,0,295.5
CASE9_0243_LINE_3_6,CASE9,243,1,5,3,3,6,0,2,CRITICAL,999.0,0.0,10,295.5
CASE9_0243_LINE_6_7,CASE9,243,1,5,4,6,7,1,1,ALERT,65.8,0.947,0,295.5
CASE9_0243_LINE_7_8,CASE9,243,1,5,5,7,8,1,1,ALERT,70.1,0.936,0,295.5
CASE9_0243_LINE_8_2,CASE9,243,1,5,6,8,2,0,2,CRITICAL,999.0,0.0,10,295.5
CASE9_0243_LINE_8_9,CASE9,243,1,5,7,8,9,1,2,CRITICAL,91.2,0.892,1,295.5
CASE9_0243_LINE_9_4,CASE9,243,1,5,8,9,4,1,2,CRITICAL,69.1,0.795,1,295.5
CASE9_0244_LINE_1_4,CASE9,244,1,5,0,1,4,0,2,CRITICAL,999.0,0.0,10,274.3
CASE9_0244_LINE_4_5,CASE9,244,1,5,1,4,5,1,0,SAFE,65.2,0.956,0,274.3
CASE9_0244_LINE_5_6,CASE9,244,1,5,2,5,6,1,1,ALERT,65.4,0.936,0,274.3
CASE9_0244_LINE_3_6,CASE9,244,1,5,3,3,6,0,2,CRITICAL,999.0,0.0,10,274.3
CASE9_0244_LINE_6_7,CASE9,244,1,5,4,6,7,1,1,ALERT,65.8,0.947,0,274.3
CASE9_0244_LINE_7_8,CASE9,244,1,5,5,7,8,1,1,ALERT,70.1,0.939,0,274.3
CASE9_0244_LINE_8_2,CASE9,244,1,5,6,8,2,0,2,CRITICAL,999.0,0.0,10,274.3
CASE9_0244_LINE_8_9,CASE9,244,1,5,7,8,9,1,2,CRITICAL,91.4,0.894,1,274.3
CASE9_0244_LINE_9_4,CASE9,244,1,5,8,9,4,1,2,CRITICAL,69.0,0.796,1,274.3
CASE9_0245_LINE_1_4,CASE9,245,6,"2,9,6,7,3,4",0,1,4,0,2,CRITICAL,999.0,0.0,10,515.0
CASE9_0245_LINE_4_5,CASE9,245,6,"2,9,6,7,3,4",1,4,5,1,2,CRITICAL,124.1,0.869,2,515.0
CASE9_0245_LINE_5_6,CASE9,245,6,"2,9,6,7,3,4",2,5,6,1,2,CRITICAL,114.2,0.92,1,515.0
CASE9_0245_LINE_3_6,CASE9,245,6,"2,9,6,7,3,4",3,3,6,0,2,CRITICAL,999.0,0.0,10,515.0
CASE9_0245_LINE_6_7,CASE9,245,6,"2,9,6,7,3,4",4,6,7,1,2,CRITICAL,112.4,0.919,1,515.0
CASE9_0245_LINE_7_8,CASE9,245,6,"2,9,6,7,3,4",5,7,8,1,2,CRITICAL,119.9,0.868,2,515.0
CASE9_0245_LINE_8_2,CASE9,245,6,"2,9,6,7,3,4",6,8,2,0,2,CRITICAL,999.0,0.0,10,515.0
CASE9_0245_LINE_8_9,CASE9,245,6,"2,9,6,7,3,4",7,8,9,1,2,CRITICAL,114.3,0.92,1,515.0
CASE9_0245_LINE_9_4,CASE9,245,6,"2,9,6,7,3,4",8,9,4,1,2,CRITICAL,127.2,0.84,6,515.0
CASE9_0246_LINE_1_4,CASE9,246,1,4,0,1,4,0,2,CRITICAL,999.0,0.0,10,361.7
CASE9_0246_LINE_4_5,CASE9,246,1,4,1,4,5,1,1,ALERT,65.2,0.907,0,361.7
CASE9_0246_LINE_5_6,CASE9,246,1,4,2,5,6,1,1,ALERT,65.6,0.908,0,361.7
CASE9_0246_LINE_3_6,CASE9,246,1,4,3,3,6,0,2,CRITICAL,999.0,0.0,10,361.7
CASE9_0246_LINE_6_7,CASE9,246,1,4,4,6,7,1,1,ALERT,66.0,0.945,0,361.7
CASE9_0246_LINE_7_8,CASE9,246,1,4,5,7,8,1,1,ALERT,70.2,0.927,0,361.7
CASE9_0246_LINE_8_2,CASE9,246,1,4,6,8,2,0,2,CRITICAL,999.0,0.0,10,361.7
CASE9_0246_LINE_8_9,CASE9,246,1,4,7,8,9,1,2,CRITICAL,91.0,0.879,1,361.7
CASE9_0246_LINE_9_4,CASE9,246,1,4,8,9,4,1,2,CRITICAL,69.4,0.793,1,361.7
CASE9_0247_LINE_1_4,CASE9,247,2,"7,8",0,1,4,0,2,CRITICAL,999.0,0.0,10,367.1
CASE9_0247_LINE_4_5,CASE9,247,2,"7,8",1,4,5,1,2,CRITICAL,65.8,0.899,1,367.1
CASE9_0247_LINE_5_6,CASE9,247,2,"7,8",2,5,6,1,1,ALERT,65.7,0.925,0,367.1
CASE9_0247_LINE_3_6,CASE9,247,2,"7,8",3,3,6,0,2,CRITICAL,999.0,0.0,10,367.1
CASE9_0247_LINE_6_7,CASE9,247,2,"7,8",4,6,7,1,1,ALERT,68.2,0.916,0,367.1
CASE9_0247_LINE_7_8,CASE9,247,2,"7,8",5,7,8,1,1,ALERT,91.7,0.901,0,367.1
CASE9_0247_LINE_8_2,CASE9,247,2,"7,8",6,8,2,0,2,CRITICAL,999.0,0.0,10,367.1
CASE9_0247_LINE_8_9,CASE9,247,2,"7,8",7,8,9,1,1,ALERT,65.6,0.902,0,367.1
CASE9_0247_LINE_9_4,CASE9,247,2,"7,8",8,9,4,1,2,CRITICAL,86.2,0.767,1,367.1
CASE9_0248_LINE_1_4,CASE9,248,7,"8,4,6,5,2,3,9",0,1,4,0,2,CRITICAL,999.0,0.0,10,657.9
CASE9_0248_LINE_4_5,CASE9,248,7,"8,4,6,5,2,3,9",1,4,5,0,2,CRITICAL,999.0,0.0,10,657.9
CASE9_0248_LINE_5_6,CASE9,248,7,"8,4,6,5,2,3,9",2,5,6,1,2,CRITICAL,201.6,0.798,5,657.9
CASE9_0248_LINE_3_6,CASE9,248,7,"8,4,6,5,2,3,9",3,3,6,0,2,CRITICAL,999.0,0.0,10,657.9
CASE9_0248_LINE_6_7,CASE9,248,7,"8,4,6,5,2,3,9",4,6,7,1,2,CRITICAL,187.7,0.831,3,657.9
CASE9_0248_LINE_7_8,CASE9,248,7,"8,4,6,5,2,3,9",5,7,8,1,2,CRITICAL,196.1,0.838,4,657.9
CASE9_0248_LINE_8_2,CASE9,248,7,"8,4,6,5,2,3,9",6,8,2,0,2,CRITICAL,999.0,0.0,10,657.9
CASE9_0248_LINE_8_9,CASE9,248,7,"8,4,6,5,2,3,9",7,8,9,0,2,CRITICAL,999.0,0.0,10,657.9
CASE9_0248_LINE_9_4,CASE9,248,7,"8,4,6,5,2,3,9",8,9,4,0,2,CRITICAL,999.0,0.0,10,657.9
CASE9_0249_LINE_1_4,CASE9,249,2,"8,4",0,1,4,0,2,CRITICAL,999.0,0.0,10,468.8
CASE9_0249_LINE_4_5,CASE9,249,2,"8,4",1,4,5,1,1,ALERT,96.9,0.902,0,468.8
CASE9_0249_LINE_5_6,CASE9,249,2,"8,4",2,5,6,1,2,CRITICAL,101.9,0.897,2,468.8
CASE9_0249_LINE_3_6,CASE9,249,2,"8,4",3,3,6,0,2,CRITICAL,999.0,0.0,10,468.8
CASE9_0249_LINE_6_7,CASE9,249,2,"8,4",4,6,7,1,1,ALERT,96.8,0.928,0,468.8
CASE9_0249_LINE_7_8,CASE9,249,2,"8,4",5,7,8,1,1,ALERT,97.8,0.93,0,468.8
CASE9_0249_LINE_8_2,CASE9,249,2,"8,4",6,8,2,0,2,CRITICAL,999.0,0.0,10,468.8
CASE9_0249_LINE_8_9,CASE9,249,2,"8,4",7,8,9,1,2,CRITICAL,104.5,0.872,2,468.8
CASE9_0249_LINE_9_4,CASE9,249,2,"8,4",8,9,4,1,2,CRITICAL,98.3,0.764,1,468.8
CASE9_0250_LINE_1_4,CASE9,250,8,"7,6,8,2,3,9,4,5",0,1,4,0,2,CRITICAL,999.0,0.0,10,746.6
CASE9_0250_LINE_4_5,CASE9,250,8,"7,6,8,2,3,9,4,5",1,4,5,0,2,CRITICAL,999.0,0.0,10,746.6
CASE9_0250_LINE_5_6,CASE9,250,8,"7,6,8,2,3,9,4,5",2,5,6,0,2,CRITICAL,999.0,0.0,10,746.6
CASE9_0250_LINE_3_6,CASE9,250,8,"7,6,8,2,3,9,4,5",3,3,6,0,2,CRITICAL,999.0,0.0,10,746.6
CASE9_0250_LINE_6_7,CASE9,250,8,"7,6,8,2,3,9,4,5",4,6,7,1,2,CRITICAL,245.9,0.798,5,746.6
CASE9_0250_LINE_7_8,CASE9,250,8,"7,6,8,2,3,9,4,5",5,7,8,1,2,CRITICAL,249.8,0.814,4,746.6
CASE9_0250_LINE_8_2,CASE9,250,8,"7,6,8,2,3,9,4,5",6,8,2,0,2,CRITICAL,999.0,0.0,10,746.6
CASE9_0250_LINE_8_9,CASE9,250,8,"7,6,8,2,3,9,4,5",7,8,9,0,2,CRITICAL,999.0,0.0,10,746.6
CASE9_0250_LINE_9_4,CASE9,250,8,"7,6,8,2,3,9,4,5",8,9,4,0,2,CRITICAL,999.0,0.0,10,746.6
CASE9_0231_LINE_1_4,CASE9,231,4,"8,6,2,7",0,1,4,0,2,CRITICAL,999.0,0.0,10,602.0
CASE9_0231_LINE_4_5,CASE9,231,4,"8,6,2,7",1,4,5,0,2,CRITICAL,999.0,0.0,10,602.0
CASE9_0231_LINE_5_6,CASE9,231,4,"8,6,2,7",2,5,6,1,2,CRITICAL,175.5,0.834,4,602.0
CASE9_0231_LINE_3_6,CASE9,231,4,"8,6,2,7",3,3,6,0,2,CRITICAL,999.0,0.0,10,602.0
CASE9_0231_LINE_6_7,CASE9,231,4,"8,6,2,7",4,6,7,1,2,CRITICAL,169.4,0.808,5,602.0
CASE9_0231_LINE_7_8,CASE9,231,4,"8,6,2,7",5,7,8,1,2,CRITICAL,180.1,0.739,8,602.0
CASE9_0231_LINE_8_2,CASE9,231,4,"8,6,2,7",6,8,2,0,2,CRITICAL,999.0,0.0,10,602.0
CASE9_0231_LINE_8_9,CASE9,231,4,"8,6,2,7",7,8,9,1,2,CRITICAL,177.1,0.838,5,602.0
CASE9_0231_LINE_9_4,CASE9,231,4,"8,6,2,7",8,9,4,0,2,CRITICAL,999.0,0.0,10,602.0
CASE9_0232_LINE_1_4,CASE9,232,2,"6,2",0,1,4,0,2,CRITICAL,999.0,0.0,10,416.9
CASE9_0232_LINE_4_5,CASE9,232,2,"6,2",1,4,5,1,2,CRITICAL,76.1,0.869,1,416.9
CASE9_0232_LINE_5_6,CASE9,232,2,"6,2",2,5,6,1,1,ALERT,72.8,0.929,0,416.9
CASE9_0232_LINE_3_6,CASE9,232,2,"6,2",3,3,6,0,2,CRITICAL,999.0,0.0,10,416.9
CASE9_0232_LINE_6_7,CASE9,232,2,"6,2",4,6,7,1,1,ALERT,70.5,0.947,0,416.9
CASE9_0232_LINE_7_8,CASE9,232,2,"6,2",5,7,8,1,2,CRITICAL,81.2,0.893,1,416.9
CASE9_0232_LINE_8_2,CASE9,232,2,"6,2",6,8,2,0,2,CRITICAL,999.0,0.0,10,416.9
CASE9_0232_LINE_8_9,CASE9,232,2,"6,2",7,8,9,1,1,ALERT,75.1,0.904,0,416.9
CASE9_0232_LINE_9_4,CASE9,232,2,"6,2",8,9,4,1,2,CRITICAL,77.1,0.777,1,416.9
CASE9_0233_LINE_1_4,CASE9,233,8,"6,5,7,4,9,8,2,3",0,1,4,0,2,CRITICAL,999.0,0.0,10,701.4
CASE9_0233_LINE_4_5,CASE9,233,8,"6,5,7,4,9,8,2,3",1,4,5,0,2,CRITICAL,999.0,0.0,10,701.4
CASE9_0233_LINE_5_6,CASE9,233,8,"6,5,7,4,9,8,2,3",2,5,6,0,2,CRITICAL,999.0,0.0,10,701.4
CASE9_0233_LINE_3_6,CASE9,233,8,"6,5,7,4,9,8,2,3",3,3,6,0,2,CRITICAL,999.0,0.0,10,701.4
CASE9_0233_LINE_6_7,CASE9,233,8,"6,5,7,4,9,8,2,3",4,6,7,1,2,CRITICAL,213.5,0.839,5,701.4
CASE9_0233_LINE_7_8,CASE9,233,8,"6,5,7,4,9,8,2,3",5,7,8,1,2,CRITICAL,230.3,0.799,8,701.4
CASE9_0233_LINE_8_2,CASE9,233,8,"6,5,7,4,9,8,2,3",6,8,2,0,2,CRITICAL,999.0,0.0,10,701.4
CASE9_0233_LINE_8_9,CASE9,233,8,"6,5,7,4,9,8,2,3",7,8,9,0,2,CRITICAL,999.0,0.0,10,701.4
CASE9_0233_LINE_9_4,CASE9,233,8,"6,5,7,4,9,8,2,3",8,9,4,0,2,CRITICAL,999.0,0.0,10,701.4
CASE9_0234_LINE_1_4,CASE9,234,8,"4,7,5,8,2,9,3,6",0,1,4,0,2,CRITICAL,999.0,0.0,10,642.7
CASE9_0234_LINE_4_5,CASE9,234,8,"4,7,5,8,2,9,3,6",1,4,5,0,2,CRITICAL,999.0,0.0,10,642.7
CASE9_0234_LINE_5_6,CASE9,234,8,"4,7,5,8,2,9,3,6",2,5,6,1,2,CRITICAL,191.0,0.83,5,642.7
CASE9_0234_LINE_3_6,CASE9,234,8,"4,7,5,8,2,9,3,6",3,3,6,0,2,CRITICAL,999.0,0.0,10,642.7
CASE9_0234_LINE_6_7,CASE9,234,8,"4,7,5,8,2,9,3,6",4,6,7,1,2,CRITICAL,177.7,0.865,3,642.7
CASE9_0234_LINE_7_8,CASE9,234,8,"4,7,5,8,2,9,3,6",5,7,8,1,2,CRITICAL,187.8,0.849,5,642.7
CASE9_0234_LINE_8_2,CASE9,234,8,"4,7,5,8,2,9,3,6",6,8,2,0,2,CRITICAL,999.0,0.0,10,642.7
CASE9_0234_LINE_8_9,CASE9,234,8,"4,7,5,8,2,9,3,6",7,8,9,1,2,CRITICAL,189.9,0.785,4,642.7
CASE9_0234_LINE_9_4,CASE9,234,8,"4,7,5,8,2,9,3,6",8,9,4,0,2,CRITICAL,999.0,0.0,10,642.7
CASE9_0235_LINE_1_4,CASE9,235,2,"9,7",0,1,4,0,2,CRITICAL,999.0,0.0,10,424.5
CASE9_0235_LINE_4_5,CASE9,235,2,"9,7",1,4,5,1,2,CRITICAL,79.7,0.886,1,424.5
CASE9_0235_LINE_5_6,CASE9,235,2,"9,7",2,5,6,1,1,ALERT,79.8,0.916,0,424.5
CASE9_0235_LINE_3_6,CASE9,235,2,"9,7",3,3,6,0,2,CRITICAL,999.0,0.0,10,424.5
CASE9_0235_LINE_6_7,CASE9,235,2,"9,7",4,6,7,1,2,CRITICAL,80.3,0.861,1,424.5
CASE9_0235_LINE_7_8,CASE9,235,2,"9,7",5,7,8,1,2,CRITICAL,137.6,0.798,3,424.5
CASE9_0235_LINE_8_2,CASE9,235,2,"9,7",6,8,2,0,2,CRITICAL,999.0,0.0,10,424.5
CASE9_0235_LINE_8_9,CASE9,235,2,"9,7",7,8,9,1,2,CRITICAL,84.9,0.859,1,424.5
CASE9_0235_LINE_9_4,CASE9,235,2,"9,7",8,9,4,0,2,CRITICAL,999.0,0.0,10,424.5
CASE9_0236_LINE_1_4,CASE9,236,6,"8,3,9,7,5,2",0,1,4,0,2,CRITICAL,999.0,0.0,10,518.0
CASE9_0236_LINE_4_5,CASE9,236,6,"8,3,9,7,5,2",1,4,5,1,2,CRITICAL,145.1,0.728,5,518.0
CASE9_0236_LINE_5_6,CASE9,236,6,"8,3,9,7,5,2",2,5,6,1,2,CRITICAL,123.6,0.862,3,518.0
CASE9_0236_LINE_3_6,CASE9,236,6,"8,3,9,7,5,2",3,3,6,0,2,CRITICAL,999.0,0.0,10,518.0
CASE9_0236_LINE_6_7,CASE9,236,6,"8,3,9,7,5,2",4,6,7,1,2,CRITICAL,119.2,0.894,3,518.0
CASE9_0236_LINE_7_8,CASE9,236,6,"8,3,9,7,5,2",5,7,8,1,2,CRITICAL,127.1,0.865,3,518.0
CASE9_0236_LINE_8_2,CASE9,236,6,"8,3,9,7,5,2",6,8,2,0,2,CRITICAL,999.0,0.0,10,518.0
CASE9_0236_LINE_8_9,CASE9,236,6,"8,3,9,7,5,2",7,8,9,1,2,CRITICAL,125.5,0.834,2,518.0
CASE9_0236_LINE_9_4,CASE9,236,6,"8,3,9,7,5,2",8,9,4,0,2,CRITICAL,999.0,0.0,10,518.0
CASE9_0237_LINE_1_4,CASE9,237,5,"6,2,5,9,7",0,1,4,0,2,CRITICAL,999.0,0.0,10,370.7
CASE9_0237_LINE_4_5,CASE9,237,5,"6,2,5,9,7",1,4,5,1,2,CRITICAL,88.7,0.796,1,370.7
CASE9_0237_LINE_5_6,CASE9,237,5,"6,2,5,9,7",2,5,6,1,1,ALERT,55.4,0.905,0,370.7
CASE9_0237_LINE_3_6,CASE9,237,5,"6,2,5,9,7",3,3,6,0,2,CRITICAL,999.0,0.0,10,370.7
CASE9_0237_LINE_6_7,CASE9,237,5,"6,2,5,9,7",4,6,7,1,0,SAFE,50.9,0.965,0,370.7
CASE9_0237_LINE_7_8,CASE9,237,5,"6,2,5,9,7",5,7,8,1,1,ALERT,60.3,0.945,0,370.7
CASE9_0237_LINE_8_2,CASE9,237,5,"6,2,5,9,7",6,8,2,0,2,CRITICAL,999.0,0.0,10,370.7
CASE9_0237_LINE_8_9,CASE9,237,5,"6,2,5,9,7",7,8,9,1,0,SAFE,52.2,0.958,0,370.7
CASE9_0237_LINE_9_4,CASE9,237,5,"6,2,5,9,7",8,9,4,1,1,ALERT,51.5,0.947,0,370.7
CASE9_0238_LINE_1_4,CASE9,238,1,6,0,1,4,0,2,CRITICAL,999.0,0.0,10,353.4
CASE9_0238_LINE_4_5,CASE9,238,1,6,1,4,5,1,2,CRITICAL,65.4,0.894,1,353.4
CASE9_0238_LINE_5_6,CASE9,238,1,6,2,5,6,1,1,ALERT,65.3,0.926,0,353.4
CASE9_0238_LINE_3_6,CASE9,238,1,6,3,3,6,0,2,CRITICAL,999.0,0.0,10,353.4
CASE9_0238_LINE_6_7,CASE9,238,1,6,4,6,7,1,1,ALERT,65.8,0.947,0,353.4
CASE9_0238_LINE_7_8,CASE9,238,1,6,5,7,8,1,1,ALERT,70.4,0.92,0,353.4
CASE9_0238_LINE_8_2,CASE9,238,1,6,6,8,2,0,2,CRITICAL,999.0,0.0,10,353.4
CASE9_0238_LINE_8_9,CASE9,238,1,6,7,8,9,1,2,CRITICAL,68.2,0.898,1,353.4
CASE9_0238_LINE_9_4,CASE9,238,1,6,8,9,4,1,2,CRITICAL,69.9,0.789,1,353.4
CASE9_0239_LINE_1_4,CASE9,239,5,"7,9,6,4,2",0,1,4,0,2,CRITICAL,999.0,0.0,10,607.3
CASE9_0239_LINE_4_5,CASE9,239,5,"7,9,6,4,2",1,4,5,0,2,CRITICAL,999.0,0.0,10,607.3
CASE9_0239_LINE_5_6,CASE9,239,5,"7,9,6,4,2",2,5,6,1,2,CRITICAL,162.8,0.883,2,607.3
CASE9_0239_LINE_3_6,CASE9,239,5,"7,9,6,4,2",3,3,6,0,2,CRITICAL,999.0,0.0,10,607.3
CASE9_0239_LINE_6_7,CASE9,239,5,"7,9,6,4,2",4,6,7,1,2,CRITICAL,162.7,0.823,3,607.3
CASE9_0239_LINE_7_8,CASE9,239,5,"7,9,6,4,2",5,7,8,0,2,CRITICAL,999.0,0.0,10,607.3
CASE9_0239_LINE_8_2,CASE9,239,5,"7,9,6,4,2",6,8,2,0,2,CRITICAL,999.0,0.0,10,607.3
CASE9_0239_LINE_8_9,CASE9,239,5,"7,9,6,4,2",7,8,9,1,2,CRITICAL,163.0,0.873,2,607.3
CASE9_0239_LINE_9_4,CASE9,239,5,"7,9,6,4,2",8,9,4,0,2,CRITICAL,999.0,0.0,10,607.3
CASE9_0240_LINE_1_4,CASE9,240,5,"7,5,4,8,6",0,1,4,0,2,CRITICAL,999.0,0.0,10,572.8
CASE9_0240_LINE_4_5,CASE9,240,5,"7,5,4,8,6",1,4,5,1,2,CRITICAL,162.2,0.835,4,572.8
CASE9_0240_LINE_5_6,CASE9,240,5,"7,5,4,8,6",2,5,6,1,2,CRITICAL,146.7,0.894,2,572.8
CASE9_0240_LINE_3_6,CASE9,240,5,"7,5,4,8,6",3,3,6,0,2,CRITICAL,999.0,0.0,10,572.8
CASE9_0240_LINE_6_7,CASE9,240,5,"7,5,4,8,6",4,6,7,1,2,CRITICAL,152.0,0.772,4,572.8
CASE9_0240_LINE_7_8,CASE9,240,5,"7,5,4,8,6",5,7,8,0,2,CRITICAL,999.0,0.0,10,572.8
CASE9_0240_LINE_8_2,CASE9,240,5,"7,5,4,8,6",6,8,2,0,2,CRITICAL,999.0,0.0,10,572.8
CASE9_0240_LINE_8_9,CASE9,240,5,"7,5,4,8,6",7,8,9,1,2,CRITICAL,145.3,0.879,2,572.8
CASE9_0240_LINE_9_4,CASE9,240,5,"7,5,4,8,6",8,9,4,0,2,CRITICAL,999.0,0.0,10,572.8
CASE9_0251_LINE_1_4,CASE9,251,3,"3,4,2",0,1,4,0,2,CRITICAL,999.0,0.0,10,474.1
CASE9_0251_LINE_4_5,CASE9,251,3,"3,4,2",1,4,5,1,2,CRITICAL,100.7,0.894,2,474.1
CASE9_0251_LINE_5_6,CASE9,251,3,"3,4,2",2,5,6,1,1,ALERT,97.8,0.917,0,474.1
CASE9_0251_LINE_3_6,CASE9,251,3,"3,4,2",3,3,6,0,2,CRITICAL,999.0,0.0,10,474.1
CASE9_0251_LINE_6_7,CASE9,251,3,"3,4,2",4,6,7,1,1,ALERT,94.6,0.944,0,474.1
CASE9_0251_LINE_7_8,CASE9,251,3,"3,4,2",5,7,8,1,2,CRITICAL,101.1,0.92,1,474.1
CASE9_0251_LINE_8_2,CASE9,251,3,"3,4,2",6,8,2,0,2,CRITICAL,999.0,0.0,10,474.1
CASE9_0251_LINE_8_9,CASE9,251,3,"3,4,2",7,8,9,1,2,CRITICAL,99.3,0.895,1,474.1
CASE9_0251_LINE_9_4,CASE9,251,3,"3,4,2",8,9,4,1,2,CRITICAL,103.7,0.777,2,474.1
CASE9_0252_LINE_1_4,CASE9,252,5,"8,4,7,9,5",0,1,4,0,2,CRITICAL,999.0,0.0,10,456.5
CASE9_0252_LINE_4_5,CASE9,252,5,"8,4,7,9,5",1,4,5,1,2,CRITICAL,99.0,0.73,1,456.5
CASE9_0252_LINE_5_6,CASE9,252,5,"8,4,7,9,5",2,5,6,1,2,CRITICAL,102.1,0.849,2,456.5
CASE9_0252_LINE_3_6,CASE9,252,5,"8,4,7,9,5",3,3,6,0,2,CRITICAL,999.0,0.0,10,456.5
CASE9_0252_LINE_6_7,CASE9,252,5,"8,4,7,9,5",4,6,7,1,1,ALERT,90.7,0.936,0,456.5
CASE9_0252_LINE_7_8,CASE9,252,5,"8,4,7,9,5",5,7,8,1,1,ALERT,90.4,0.936,0,456.5
CASE9_0252_LINE_8_2,CASE9,252,5,"8,4,7,9,5",6,8,2,0,2,CRITICAL,999.0,0.0,10,456.5
CASE9_0252_LINE_8_9,CASE9,252,5,"8,4,7,9,5",7,8,9,1,2,CRITICAL,99.5,0.87,1,456.5
CASE9_0252_LINE_9_4,CASE9,252,5,"8,4,7,9,5",8,9,4,1,2,CRITICAL,95.8,0.733,1,456.5
CASE9_0253_LINE_1_4,CASE9,253,6,"5,3,9,7,6,4",0,1,4,0,2,CRITICAL,999.0,0.0,10,671.8
CASE9_0253_LINE_4_5,CASE9,253,6,"5,3,9,7,6,4",1,4,5,0,2,CRITICAL,999.0,0.0,10,671.8
CASE9_0253_LINE_5_6,CASE9,253,6,"5,3,9,7,6,4",2,5,6,1,2,CRITICAL,219.4,0.741,4,671.8
CASE9_0253_LINE_3_6,CASE9,253,6,"5,3,9,7,6,4",3,3,6,0,2,CRITICAL,999.0,0.0,10,671.8
CASE9_0253_LINE_6_7,CASE9,253,6,"5,3,9,7,6,4",4,6,7,1,2,CRITICAL,214.5,0.808,5,671.8
CASE9_0253_LINE_7_8,CASE9,253,6,"5,3,9,7,6,4",5,7,8,0,2,CRITICAL,999.0,0.0,10,671.8
CASE9_0253_LINE_8_2,CASE9,253,6,"5,3,9,7,6,4",6,8,2,0,2,CRITICAL,999.0,0.0,10,671.8
CASE9_0253_LINE_8_9,CASE9,253,6,"5,3,9,7,6,4",7,8,9,1,2,CRITICAL,237.1,0.651,4,671.8
CASE9_0253_LINE_9_4,CASE9,253,6,"5,3,9,7,6,4",8,9,4,0,2,CRITICAL,999.0,0.0,10,671.8
CASE9_0254_LINE_1_4,CASE9,254,5,"8,4,5,6,3",0,1,4,0,2,CRITICAL,999.0,0.0,10,542.5
CASE9_0254_LINE_4_5,CASE9,254,5,"8,4,5,6,3",1,4,5,1,2,CRITICAL,131.3,0.911,1,542.5
CASE9_0254_LINE_5_6,CASE9,254,5,"8,4,5,6,3",2,5,6,1,2,CRITICAL,126.6,0.929,1,542.5
CASE9_0254_LINE_3_6,CASE9,254,5,"8,4,5,6,3",3,3,6,0,2,CRITICAL,999.0,0.0,10,542.5
CASE9_0254_LINE_6_7,CASE9,254,5,"8,4,5,6,3",4,6,7,1,2,CRITICAL,124.3,0.919,1,542.5
CASE9_0254_LINE_7_8,CASE9,254,5,"8,4,5,6,3",5,7,8,1,2,CRITICAL,128.1,0.917,1,542.5
CASE9_0254_LINE_8_2,CASE9,254,5,"8,4,5,6,3",6,8,2,0,2,CRITICAL,999.0,0.0,10,542.5
CASE9_0254_LINE_8_9,CASE9,254,5,"8,4,5,6,3",7,8,9,1,2,CRITICAL,127.3,0.891,2,542.5
CASE9_0254_LINE_9_4,CASE9,254,5,"8,4,5,6,3",8,9,4,1,2,CRITICAL,145.0,0.714,6,542.5
CASE9_0255_LINE_1_4,CASE9,255,3,"4,7,3",0,1,4,0,2,CRITICAL,999.0,0.0,10,470.0
CASE9_0255_LINE_4_5,CASE9,255,3,"4,7,3",1,4,5,1,2,CRITICAL,102.4,0.874,2,470.0
CASE9_0255_LINE_5_6,CASE9,255,3,"4,7,3",2,5,6,1,1,ALERT,96.4,0.919,0,470.0
CASE9_0255_LINE_3_6,CASE9,255,3,"4,7,3",3,3,6,0,2,CRITICAL,999.0,0.0,10,470.0
CASE9_0255_LINE_6_7,CASE9,255,3,"4,7,3",4,6,7,1,1,ALERT,93.5,0.919,0,470.0
CASE9_0255_LINE_7_8,CASE9,255,3,"4,7,3",5,7,8,1,2,CRITICAL,119.5,0.838,6,470.0
CASE9_0255_LINE_8_2,CASE9,255,3,"4,7,3",6,8,2,0,2,CRITICAL,999.0,0.0,10,470.0
CASE9_0255_LINE_8_9,CASE9,255,3,"4,7,3",7,8,9,1,2,CRITICAL,97.7,0.897,1,470.0
CASE9_0255_LINE_9_4,CASE9,255,3,"4,7,3",8,9,4,1,2,CRITICAL,103.1,0.768,2,470.0
CASE9_0256_LINE_1_4,CASE9,256,1,3,0,1,4,0,2,CRITICAL,999.0,0.0,10,360.9
CASE9_0256_LINE_4_5,CASE9,256,1,3,1,4,5,1,1,ALERT,65.4,0.901,0,360.9
CASE9_0256_LINE_5_6,CASE9,256,1,3,2,5,6,1,1,ALERT,65.2,0.927,0,360.9
CASE9_0256_LINE_3_6,CASE9,256,1,3,3,3,6,0,2,CRITICAL,999.0,0.0,10,360.9
CASE9_0256_LINE_6_7,CASE9,256,1,3,4,6,7,1,1,ALERT,65.8,0.947,0,360.9
CASE9_0256_LINE_7_8,CASE9,256,1,3,5,7,8,1,1,ALERT,70.3,0.926,0,360.9
CASE9_0256_LINE_8_2,CASE9,256,1,3,6,8,2,0,2,CRITICAL,999.0,0.0,10,360.9
CASE9_0256_LINE_8_9,CASE9,256,1,3,7,8,9,1,1,ALERT,65.3,0.901,0,360.9
CASE9_0256_LINE_9_4,CASE9,256,1,3,8,9,4,1,2,CRITICAL,69.6,0.792,1,360.9
CASE9_0257_LINE_1_4,CASE9,257,8,"6,3,9,5,8,4,2,7",0,1,4,0,2,CRITICAL,999.0,0.0,10,710.8
CASE9_0257_LINE_4_5,CASE9,257,8,"6,3,9,5,8,4,2,7",1,4,5,0,2,CRITICAL,999.0,0.0,10,710.8
CASE9_0257_LINE_5_6,CASE9,257,8,"6,3,9,5,8,4,2,7",2,5,6,0,2,CRITICAL,999.0,0.0,10,710.8
CASE9_0257_LINE_3_6,CASE9,257,8,"6,3,9,5,8,4,2,7",3,3,6,0,2,CRITICAL,999.0,0.0,10,710.8
CASE9_0257_LINE_6_7,CASE9,257,8,"6,3,9,5,8,4,2,7",4,6,7,1,2,CRITICAL,222.0,0.836,5,710.8
CASE9_0257_LINE_7_8,CASE9,257,8,"6,3,9,5,8,4,2,7",5,7,8,0,2,CRITICAL,999.0,0.0,10,710.8
CASE9_0257_LINE_8_2,CASE9,257,8,"6,3,9,5,8,4,2,7",6,8,2,0,2,CRITICAL,999.0,0.0,10,710.8
CASE9_0257_LINE_8_9,CASE9,257,8,"6,3,9,5,8,4,2,7",7,8,9,0,2,CRITICAL,999.0,0.0,10,710.8
CASE9_0257_LINE_9_4,CASE9,257,8,"6,3,9,5,8,4,2,7",8,9,4,0,2,CRITICAL,999.0,0.0,10,710.8
CASE9_0258_LINE_1_4,CASE9,258,6,"2,7,3,4,9,8",0,1,4,0,2,CRITICAL,999.0,0.0,10,520.0
CASE9_0258_LINE_4_5,CASE9,258,6,"2,7,3,4,9,8",1,4,5,1,2,CRITICAL,123.8,0.894,3,520.0
CASE9_0258_LINE_5_6,CASE9,258,6,"2,7,3,4,9,8",2,5,6,1,2,CRITICAL,123.0,0.892,2,520.0
CASE9_0258_LINE_3_6,CASE9,258,6,"2,7,3,4,9,8",3,3,6,0,2,CRITICAL,999.0,0.0,10,520.0
CASE9_0258_LINE_6_7,CASE9,258,6,"2,7,3,4,9,8",4,6,7,1,2,CRITICAL,118.5,0.907,1,520.0
CASE9_0258_LINE_7_8,CASE9,258,6,"2,7,3,4,9,8",5,7,8,1,2,CRITICAL,122.4,0.905,1,520.0
CASE9_0258_LINE_8_2,CASE9,258,6,"2,7,3,4,9,8",6,8,2,0,2,CRITICAL,999.0,0.0,10,520.0
CASE9_0258_LINE_8_9,CASE9,258,6,"2,7,3,4,9,8",7,8,9,1,2,CRITICAL,130.3,0.818,2,520.0
CASE9_0258_LINE_9_4,CASE9,258,6,"2,7,3,4,9,8",8,9,4,0,2,CRITICAL,999.0,0.0,10,520.0
CASE9_0259_LINE_1_4,CASE9,259,8,"2,7,9,8,6,5,3,4",0,1,4,0,2,CRITICAL,999.0,0.0,10,638.1
CASE9_0259_LINE_4_5,CASE9,259,8,"2,7,9,8,6,5,3,4",1,4,5,0,2,CRITICAL,999.0,0.0,10,638.1
CASE9_0259_LINE_5_6,CASE9,259,8,"2,7,9,8,6,5,3,4",2,5,6,1,2,CRITICAL,185.2,0.839,4,638.1
CASE9_0259_LINE_3_6,CASE9,259,8,"2,7,9,8,6,5,3,4",3,3,6,0,2,CRITICAL,999.0,0.0,10,638.1
CASE9_0259_LINE_6_7,CASE9,259,8,"2,7,9,8,6,5,3,4",4,6,7,1,2,CRITICAL,175.7,0.864,2,638.1
CASE9_0259_LINE_7_8,CASE9,259,8,"2,7,9,8,6,5,3,4",5,7,8,1,2,CRITICAL,174.3,0.883,2,638.1
CASE9_0259_LINE_8_2,CASE9,259,8,"2,7,9,8,6,5,3,4",6,8,2,0,2,CRITICAL,999.0,0.0,10,638.1
CASE9_0259_LINE_8_9,CASE9,259,8,"2,7,9,8,6,5,3,4",7,8,9,1,2,CRITICAL,192.3,0.749,4,638.1
CASE9_0259_LINE_9_4,CASE9,259,8,"2,7,9,8,6,5,3,4",8,9,4,0,2,CRITICAL,999.0,0.0,10,638.1
CASE9_0260_LINE_1_4,CASE9,260,1,8,0,1,4,0,2,CRITICAL,999.0,0.0,10,406.6
CASE9_0260_LINE_4_5,CASE9,260,1,8,1,4,5,1,2,CRITICAL,69.1,0.9,1,406.6
CASE9_0260_LINE_5_6,CASE9,260,1,8,2,5,6,1,1,ALERT,69.6,0.926,0,406.6
CASE9_0260_LINE_3_6,CASE9,260,1,8,3,3,6,0,2,CRITICAL,999.0,0.0,10,406.6
CASE9_0260_LINE_6_7,CASE9,260,1,8,4,6,7,1,1,ALERT,69.9,0.918,0,406.6
CASE9_0260_LINE_7_8,CASE9,260,1,8,5,7,8,1,1,ALERT,70.1,0.938,0,406.6
CASE9_0260_LINE_8_2,CASE9,260,1,8,6,8,2,0,2,CRITICAL,999.0,0.0,10,406.6
CASE9_0260_LINE_8_9,CASE9,260,1,8,7,8,9,1,1,ALERT,70.1,0.907,0,406.6
CASE9_0260_LINE_9_4,CASE9,260,1,8,8,9,4,1,2,CRITICAL,114.7,0.732,2,406.6
CASE9_0266_LINE_1_4,CASE9,266,4,"3,6,2,9",0,1,4,0,2,CRITICAL,999.0,0.0,10,514.4
CASE9_0266_LINE_4_5,CASE9,266,4,"3,6,2,9",1,4,5,1,2,CRITICAL,144.6,0.825,8,514.4
CASE9_0266_LINE_5_6,CASE9,266,4,"3,6,2,9",2,5,6,1,2,CRITICAL,117.3,0.915,1,514.4
CASE9_0266_LINE_3_6,CASE9,266,4,"3,6,2,9",3,3,6,0,2,CRITICAL,999.0,0.0,10,514.4
CASE9_0266_LINE_6_7,CASE9,266,4,"3,6,2,9",4,6,7,1,2,CRITICAL,114.0,0.945,1,514.4
CASE9_0266_LINE_7_8,CASE9,266,4,"3,6,2,9",5,7,8,1,2,CRITICAL,153.2,0.787,7,514.4
CASE9_0266_LINE_8_2,CASE9,266,4,"3,6,2,9",6,8,2,0,2,CRITICAL,999.0,0.0,10,514.4
CASE9_0266_LINE_8_9,CASE9,266,4,"3,6,2,9",7,8,9,1,2,CRITICAL,116.7,0.899,2,514.4
CASE9_0266_LINE_9_4,CASE9,266,4,"3,6,2,9",8,9,4,0,2,CRITICAL,999.0,0.0,10,514.4
CASE9_0267_LINE_1_4,CASE9,267,1,9,0,1,4,0,2,CRITICAL,999.0,0.0,10,309.3
CASE9_0267_LINE_4_5,CASE9,267,1,9,1,4,5,1,1,ALERT,65.2,0.908,0,309.3
CASE9_0267_LINE_5_6,CASE9,267,1,9,2,5,6,1,1,ALERT,65.4,0.92,0,309.3
CASE9_0267_LINE_3_6,CASE9,267,1,9,3,3,6,0,2,CRITICAL,999.0,0.0,10,309.3
CASE9_0267_LINE_6_7,CASE9,267,1,9,4,6,7,1,1,ALERT,65.8,0.947,0,309.3
CASE9_0267_LINE_7_8,CASE9,267,1,9,5,7,8,1,1,ALERT,70.2,0.936,0,309.3
CASE9_0267_LINE_8_2,CASE9,267,1,9,6,8,2,0,2,CRITICAL,999.0,0.0,10,309.3
CASE9_0267_LINE_8_9,CASE9,267,1,9,7,8,9,1,2,CRITICAL,91.1,0.897,1,309.3
CASE9_0267_LINE_9_4,CASE9,267,1,9,8,9,4,1,2,CRITICAL,68.2,0.815,1,309.3
CASE9_0268_LINE_1_4,CASE9,268,8,"7,5,8,4,2,3,9,6",0,1,4,0,2,CRITICAL,999.0,0.0,10,752.2
CASE9_0268_LINE_4_5,CASE9,268,8,"7,5,8,4,2,3,9,6",1,4,5,0,2,CRITICAL,999.0,0.0,10,752.2
CASE9_0268_LINE_5_6,CASE9,268,8,"7,5,8,4,2,3,9,6",2,5,6,0,2,CRITICAL,999.0,0.0,10,752.2
CASE9_0268_LINE_3_6,CASE9,268,8,"7,5,8,4,2,3,9,6",3,3,6,0,2,CRITICAL,999.0,0.0,10,752.2
CASE9_0268_LINE_6_7,CASE9,268,8,"7,5,8,4,2,3,9,6",4,6,7,1,2,CRITICAL,263.4,0.779,6,752.2
CASE9_0268_LINE_7_8,CASE9,268,8,"7,5,8,4,2,3,9,6",5,7,8,0,2,CRITICAL,999.0,0.0,10,752.2
CASE9_0268_LINE_8_2,CASE9,268,8,"7,5,8,4,2,3,9,6",6,8,2,0,2,CRITICAL,999.0,0.0,10,752.2
CASE9_0268_LINE_8_9,CASE9,268,8,"7,5,8,4,2,3,9,6",7,8,9,0,2,CRITICAL,999.0,0.0,10,752.2
CASE9_0268_LINE_9_4,CASE9,268,8,"7,5,8,4,2,3,9,6",8,9,4,0,2,CRITICAL,999.0,0.0,10,752.2
CASE9_0269_LINE_1_4,CASE9,269,3,"7,2,3",0,1,4,0,2,CRITICAL,999.0,0.0,10,522.4
CASE9_0269_LINE_4_5,CASE9,269,3,"7,2,3",1,4,5,1,2,CRITICAL,146.7,0.822,7,522.4
CASE9_0269_LINE_5_6,CASE9,269,3,"7,2,3",2,5,6,1,2,CRITICAL,121.4,0.91,1,522.4
CASE9_0269_LINE_3_6,CASE9,269,3,"7,2,3",3,3,6,0,2,CRITICAL,999.0,0.0,10,522.4
CASE9_0269_LINE_6_7,CASE9,269,3,"7,2,3",4,6,7,1,2,CRITICAL,122.3,0.831,2,522.4
CASE9_0269_LINE_7_8,CASE9,269,3,"7,2,3",5,7,8,0,2,CRITICAL,999.0,0.0,10,522.4
CASE9_0269_LINE_8_2,CASE9,269,3,"7,2,3",6,8,2,0,2,CRITICAL,999.0,0.0,10,522.4
CASE9_0269_LINE_8_9,CASE9,269,3,"7,2,3",7,8,9,1,2,CRITICAL,121.2,0.894,2,522.4
CASE9_0269_LINE_9_4,CASE9,269,3,"7,2,3",8,9,4,0,2,CRITICAL,999.0,0.0,10,522.4
CASE9_0270_LINE_1_4,CASE9,270,6,"3,6,5,7,9,8",0,1,4,0,2,CRITICAL,999.0,0.0,10,592.0
CASE9_0270_LINE_4_5,CASE9,270,6,"3,6,5,7,9,8",1,4,5,0,2,CRITICAL,999.0,0.0,10,592.0
CASE9_0270_LINE_5_6,CASE9,270,6,"3,6,5,7,9,8",2,5,6,1,2,CRITICAL,165.7,0.843,3,592.0
CASE9_0270_LINE_3_6,CASE9,270,6,"3,6,5,7,9,8",3,3,6,0,2,CRITICAL,999.0,0.0,10,592.0
CASE9_0270_LINE_6_7,CASE9,270,6,"3,6,5,7,9,8",4,6,7,1,2,CRITICAL,154.4,0.859,3,592.0
CASE9_0270_LINE_7_8,CASE9,270,6,"3,6,5,7,9,8",5,7,8,0,2,CRITICAL,999.0,0.0,10,592.0
CASE9_0270_LINE_8_2,CASE9,270,6,"3,6,5,7,9,8",6,8,2,0,2,CRITICAL,999.0,0.0,10,592.0
CASE9_0270_LINE_8_9,CASE9,270,6,"3,6,5,7,9,8",7,8,9,1,2,CRITICAL,166.1,0.796,3,592.0
CASE9_0270_LINE_9_4,CASE9,270,6,"3,6,5,7,9,8",8,9,4,0,2,CRITICAL,999.0,0.0,10,592.0
CASE9_0261_LINE_1_4,CASE9,261,1,4,0,1,4,0,2,CRITICAL,999.0,0.0,10,383.3
CASE9_0261_LINE_4_5,CASE9,261,1,4,1,4,5,1,1,ALERT,65.3,0.907,0,383.3
CASE9_0261_LINE_5_6,CASE9,261,1,4,2,5,6,1,1,ALERT,69.9,0.903,0,383.3
CASE9_0261_LINE_3_6,CASE9,261,1,4,3,3,6,0,2,CRITICAL,999.0,0.0,10,383.3
CASE9_0261_LINE_6_7,CASE9,261,1,4,4,6,7,1,1,ALERT,66.1,0.942,0,383.3
CASE9_0261_LINE_7_8,CASE9,261,1,4,5,7,8,1,1,ALERT,70.2,0.923,0,383.3
CASE9_0261_LINE_8_2,CASE9,261,1,4,6,8,2,0,2,CRITICAL,999.0,0.0,10,383.3
CASE9_0261_LINE_8_9,CASE9,261,1,4,7,8,9,1,2,CRITICAL,91.0,0.873,1,383.3
CASE9_0261_LINE_9_4,CASE9,261,1,4,8,9,4,1,2,CRITICAL,69.4,0.793,1,383.3
CASE9_0262_LINE_1_4,CASE9,262,4,"4,7,3,2",0,1,4,0,2,CRITICAL,999.0,0.0,10,563.0
CASE9_0262_LINE_4_5,CASE9,262,4,"4,7,3,2",1,4,5,1,2,CRITICAL,150.6,0.864,5,563.0
CASE9_0262_LINE_5_6,CASE9,262,4,"4,7,3,2",2,5,6,1,2,CRITICAL,138.4,0.901,1,563.0
CASE9_0262_LINE_3_6,CASE9,262,4,"4,7,3,2",3,3,6,0,2,CRITICAL,999.0,0.0,10,563.0
CASE9_0262_LINE_6_7,CASE9,262,4,"4,7,3,2",4,6,7,1,2,CRITICAL,138.8,0.837,2,563.0
CASE9_0262_LINE_7_8,CASE9,262,4,"4,7,3,2",5,7,8,0,2,CRITICAL,999.0,0.0,10,563.0
CASE9_0262_LINE_8_2,CASE9,262,4,"4,7,3,2",6,8,2,0,2,CRITICAL,999.0,0.0,10,563.0
CASE9_0262_LINE_8_9,CASE9,262,4,"4,7,3,2",7,8,9,1,2,CRITICAL,138.7,0.882,2,563.0
CASE9_0262_LINE_9_4,CASE9,262,4,"4,7,3,2",8,9,4,1,2,CRITICAL,163.9,0.707,7,563.0
CASE9_0263_LINE_1_4,CASE9,263,3,"8,4,2",0,1,4,0,2,CRITICAL,999.0,0.0,10,526.6
CASE9_0263_LINE_4_5,CASE9,263,3,"8,4,2",1,4,5,1,2,CRITICAL,129.2,0.894,3,526.6
CASE9_0263_LINE_5_6,CASE9,263,3,"8,4,2",2,5,6,1,2,CRITICAL,121.7,0.907,1,526.6
CASE9_0263_LINE_3_6,CASE9,263,3,"8,4,2",3,3,6,0,2,CRITICAL,999.0,0.0,10,526.6
CASE9_0263_LINE_6_7,CASE9,263,3,"8,4,2",4,6,7,1,2,CRITICAL,127.5,0.893,3,526.6
CASE9_0263_LINE_7_8,CASE9,263,3,"8,4,2",5,7,8,1,2,CRITICAL,117.6,0.935,1,526.6
CASE9_0263_LINE_8_2,CASE9,263,3,"8,4,2",6,8,2,0,2,CRITICAL,999.0,0.0,10,526.6
CASE9_0263_LINE_8_9,CASE9,263,3,"8,4,2",7,8,9,1,2,CRITICAL,122.2,0.889,2,526.6
CASE9_0263_LINE_9_4,CASE9,263,3,"8,4,2",8,9,4,0,2,CRITICAL,999.0,0.0,10,526.6
CASE9_0264_LINE_1_4,CASE9,264,7,"5,6,2,4,9,3,7",0,1,4,0,2,CRITICAL,999.0,0.0,10,674.0
CASE9_0264_LINE_4_5,CASE9,264,7,"5,6,2,4,9,3,7",1,4,5,0,2,CRITICAL,999.0,0.0,10,674.0
CASE9_0264_LINE_5_6,CASE9,264,7,"5,6,2,4,9,3,7",2,5,6,1,2,CRITICAL,210.0,0.787,4,674.0
CASE9_0264_LINE_3_6,CASE9,264,7,"5,6,2,4,9,3,7",3,3,6,0,2,CRITICAL,999.0,0.0,10,674.0
CASE9_0264_LINE_6_7,CASE9,264,7,"5,6,2,4,9,3,7",4,6,7,1,2,CRITICAL,194.6,0.862,4,674.0
CASE9_0264_LINE_7_8,CASE9,264,7,"5,6,2,4,9,3,7",5,7,8,0,2,CRITICAL,999.0,0.0,10,674.0
CASE9_0264_LINE_8_2,CASE9,264,7,"5,6,2,4,9,3,7",6,8,2,0,2,CRITICAL,999.0,0.0,10,674.0
CASE9_0264_LINE_8_9,CASE9,264,7,"5,6,2,4,9,3,7",7,8,9,1,2,CRITICAL,212.1,0.76,4,674.0
CASE9_0264_LINE_9_4,CASE9,264,7,"5,6,2,4,9,3,7",8,9,4,0,2,CRITICAL,999.0,0.0,10,674.0
CASE9_0265_LINE_1_4,CASE9,265,8,"4,3,2,9,8,7,6,5",0,1,4,0,2,CRITICAL,999.0,0.0,10,749.4
CASE9_0265_LINE_4_5,CASE9,265,8,"4,3,2,9,8,7,6,5",1,4,5,0,2,CRITICAL,999.0,0.0,10,749.4
CASE9_0265_LINE_5_6,CASE9,265,8,"4,3,2,9,8,7,6,5",2,5,6,0,2,CRITICAL,999.0,0.0,10,749.4
CASE9_0265_LINE_3_6,CASE9,265,8,"4,3,2,9,8,7,6,5",3,3,6,0,2,CRITICAL,999.0,0.0,10,749.4
CASE9_0265_LINE_6_7,CASE9,265,8,"4,3,2,9,8,7,6,5",4,6,7,1,2,CRITICAL,242.7,0.818,5,749.4
CASE9_0265_LINE_7_8,CASE9,265,8,"4,3,2,9,8,7,6,5",5,7,8,1,2,CRITICAL,264.4,0.756,6,749.4
CASE9_0265_LINE_8_2,CASE9,265,8,"4,3,2,9,8,7,6,5",6,8,2,0,2,CRITICAL,999.0,0.0,10,749.4
CASE9_0265_LINE_8_9,CASE9,265,8,"4,3,2,9,8,7,6,5",7,8,9,0,2,CRITICAL,999.0,0.0,10,749.4
CASE9_0265_LINE_9_4,CASE9,265,8,"4,3,2,9,8,7,6,5",8,9,4,0,2,CRITICAL,999.0,0.0,10,749.4
CASE9_0281_LINE_1_4,CASE9,281,8,"8,4,5,2,9,3,6,7",0,1,4,0,2,CRITICAL,999.0,0.0,10,745.0
CASE9_0281_LINE_4_5,CASE9,281,8,"8,4,5,2,9,3,6,7",1,4,5,0,2,CRITICAL,999.0,0.0,10,745.0
CASE9_0281_LINE_5_6,CASE9,281,8,"8,4,5,2,9,3,6,7",2,5,6,0,2,CRITICAL,999.0,0.0,10,745.0
CASE9_0281_LINE_3_6,CASE9,281,8,"8,4,5,2,9,3,6,7",3,3,6,0,2,CRITICAL,999.0,0.0,10,745.0
CASE9_0281_LINE_6_7,CASE9,281,8,"8,4,5,2,9,3,6,7",4,6,7,0,2,CRITICAL,999.0,0.0,10,745.0
CASE9_0281_LINE_7_8,CASE9,281,8,"8,4,5,2,9,3,6,7",5,7,8,0,2,CRITICAL,999.0,0.0,10,745.0
CASE9_0281_LINE_8_2,CASE9,281,8,"8,4,5,2,9,3,6,7",6,8,2,0,2,CRITICAL,999.0,0.0,10,745.0
CASE9_0281_LINE_8_9,CASE9,281,8,"8,4,5,2,9,3,6,7",7,8,9,0,2,CRITICAL,999.0,0.0,10,745.0
CASE9_0281_LINE_9_4,CASE9,281,8,"8,4,5,2,9,3,6,7",8,9,4,0,2,CRITICAL,999.0,0.0,10,745.0
CASE9_0282_LINE_1_4,CASE9,282,1,8,0,1,4,0,2,CRITICAL,999.0,0.0,10,397.8
CASE9_0282_LINE_4_5,CASE9,282,1,8,1,4,5,1,2,CRITICAL,66.9,0.9,1,397.8
CASE9_0282_LINE_5_6,CASE9,282,1,8,2,5,6,1,1,ALERT,66.3,0.926,0,397.8
CASE9_0282_LINE_3_6,CASE9,282,1,8,3,3,6,0,2,CRITICAL,999.0,0.0,10,397.8
CASE9_0282_LINE_6_7,CASE9,282,1,8,4,6,7,1,1,ALERT,69.9,0.918,0,397.8
CASE9_0282_LINE_7_8,CASE9,282,1,8,5,7,8,1,1,ALERT,70.1,0.938,0,397.8
CASE9_0282_LINE_8_2,CASE9,282,1,8,6,8,2,0,2,CRITICAL,999.0,0.0,10,397.8
CASE9_0282_LINE_8_9,CASE9,282,1,8,7,8,9,1,1,ALERT,67.0,0.906,0,397.8
CASE9_0282_LINE_9_4,CASE9,282,1,8,8,9,4,1,2,CRITICAL,108.5,0.734,2,397.8
CASE9_0283_LINE_1_4,CASE9,283,6,"3,8,7,4,9,5",0,1,4,0,2,CRITICAL,999.0,0.0,10,590.4
CASE9_0283_LINE_4_5,CASE9,283,6,"3,8,7,4,9,5",1,4,5,0,2,CRITICAL,999.0,0.0,10,590.4
CASE9_0283_LINE_5_6,CASE9,283,6,"3,8,7,4,9,5",2,5,6,1,2,CRITICAL,164.2,0.794,3,590.4
CASE9_0283_LINE_3_6,CASE9,283,6,"3,8,7,4,9,5",3,3,6,0,2,CRITICAL,999.0,0.0,10,590.4
CASE9_0283_LINE_6_7,CASE9,283,6,"3,8,7,4,9,5",4,6,7,1,2,CRITICAL,157.9,0.811,4,590.4
CASE9_0283_LINE_7_8,CASE9,283,6,"3,8,7,4,9,5",5,7,8,0,2,CRITICAL,999.0,0.0,10,590.4
CASE9_0283_LINE_8_2,CASE9,283,6,"3,8,7,4,9,5",6,8,2,0,2,CRITICAL,999.0,0.0,10,590.4
CASE9_0283_LINE_8_9,CASE9,283,6,"3,8,7,4,9,5",7,8,9,1,2,CRITICAL,159.7,0.848,3,590.4
CASE9_0283_LINE_9_4,CASE9,283,6,"3,8,7,4,9,5",8,9,4,0,2,CRITICAL,999.0,0.0,10,590.4
CASE9_0284_LINE_1_4,CASE9,284,1,8,0,1,4,0,2,CRITICAL,999.0,0.0,10,346.7
CASE9_0284_LINE_4_5,CASE9,284,1,8,1,4,5,1,1,ALERT,65.4,0.906,0,346.7
CASE9_0284_LINE_5_6,CASE9,284,1,8,2,5,6,1,1,ALERT,65.5,0.924,0,346.7
CASE9_0284_LINE_3_6,CASE9,284,1,8,3,3,6,0,2,CRITICAL,999.0,0.0,10,346.7
CASE9_0284_LINE_6_7,CASE9,284,1,8,4,6,7,1,1,ALERT,66.4,0.94,0,346.7
CASE9_0284_LINE_7_8,CASE9,284,1,8,5,7,8,1,1,ALERT,70.2,0.937,0,346.7
CASE9_0284_LINE_8_2,CASE9,284,1,8,6,8,2,0,2,CRITICAL,999.0,0.0,10,346.7
CASE9_0284_LINE_8_9,CASE9,284,1,8,7,8,9,1,2,CRITICAL,73.0,0.899,1,346.7
CASE9_0284_LINE_9_4,CASE9,284,1,8,8,9,4,1,2,CRITICAL,71.3,0.78,1,346.7
CASE9_0285_LINE_1_4,CASE9,285,7,"9,5,4,2,7,8,6",0,1,4,0,2,CRITICAL,999.0,0.0,10,665.2
CASE9_0285_LINE_4_5,CASE9,285,7,"9,5,4,2,7,8,6",1,4,5,0,2,CRITICAL,999.0,0.0,10,665.2
CASE9_0285_LINE_5_6,CASE9,285,7,"9,5,4,2,7,8,6",2,5,6,1,2,CRITICAL,201.8,0.8,4,665.2
CASE9_0285_LINE_3_6,CASE9,285,7,"9,5,4,2,7,8,6",3,3,6,0,2,CRITICAL,999.0,0.0,10,665.2
CASE9_0285_LINE_6_7,CASE9,285,7,"9,5,4,2,7,8,6",4,6,7,1,2,CRITICAL,192.4,0.861,4,665.2
CASE9_0285_LINE_7_8,CASE9,285,7,"9,5,4,2,7,8,6",5,7,8,1,2,CRITICAL,202.6,0.828,6,665.2
CASE9_0285_LINE_8_2,CASE9,285,7,"9,5,4,2,7,8,6",6,8,2,0,2,CRITICAL,999.0,0.0,10,665.2
CASE9_0285_LINE_8_9,CASE9,285,7,"9,5,4,2,7,8,6",7,8,9,1,2,CRITICAL,201.8,0.822,4,665.2
CASE9_0285_LINE_9_4,CASE9,285,7,"9,5,4,2,7,8,6",8,9,4,0,2,CRITICAL,999.0,0.0,10,665.2
CASE9_0276_LINE_1_4,CASE9,276,5,"5,8,9,6,2",0,1,4,0,2,CRITICAL,999.0,0.0,10,649.4
CASE9_0276_LINE_4_5,CASE9,276,5,"5,8,9,6,2",1,4,5,0,2,CRITICAL,999.0,0.0,10,649.4
CASE9_0276_LINE_5_6,CASE9,276,5,"5,8,9,6,2",2,5,6,1,2,CRITICAL,214.3,0.735,5,649.4
CASE9_0276_LINE_3_6,CASE9,276,5,"5,8,9,6,2",3,3,6,0,2,CRITICAL,999.0,0.0,10,649.4
CASE9_0276_LINE_6_7,CASE9,276,5,"5,8,9,6,2",4,6,7,1,2,CRITICAL,192.2,0.815,5,649.4
CASE9_0276_LINE_7_8,CASE9,276,5,"5,8,9,6,2",5,7,8,1,2,CRITICAL,200.8,0.812,6,649.4
CASE9_0276_LINE_8_2,CASE9,276,5,"5,8,9,6,2",6,8,2,0,2,CRITICAL,999.0,0.0,10,649.4
CASE9_0276_LINE_8_9,CASE9,276,5,"5,8,9,6,2",7,8,9,0,2,CRITICAL,999.0,0.0,10,649.4
CASE9_0276_LINE_9_4,CASE9,276,5,"5,8,9,6,2",8,9,4,0,2,CRITICAL,999.0,0.0,10,649.4
CASE9_0277_LINE_1_4,CASE9,277,5,"9,2,4,6,7",0,1,4,0,2,CRITICAL,999.0,0.0,10,439.7
CASE9_0277_LINE_4_5,CASE9,277,5,"9,2,4,6,7",1,4,5,1,1,ALERT,85.1,0.901,0,439.7
CASE9_0277_LINE_5_6,CASE9,277,5,"9,2,4,6,7",2,5,6,1,2,CRITICAL,91.3,0.898,1,439.7
CASE9_0277_LINE_3_6,CASE9,277,5,"9,2,4,6,7",3,3,6,0,2,CRITICAL,999.0,0.0,10,439.7
CASE9_0277_LINE_6_7,CASE9,277,5,"9,2,4,6,7",4,6,7,1,1,ALERT,84.0,0.926,0,439.7
CASE9_0277_LINE_7_8,CASE9,277,5,"9,2,4,6,7",5,7,8,1,1,ALERT,87.8,0.914,0,439.7
CASE9_0277_LINE_8_2,CASE9,277,5,"9,2,4,6,7",6,8,2,0,2,CRITICAL,999.0,0.0,10,439.7
CASE9_0277_LINE_8_9,CASE9,277,5,"9,2,4,6,7",7,8,9,1,2,CRITICAL,100.6,0.834,2,439.7
CASE9_0277_LINE_9_4,CASE9,277,5,"9,2,4,6,7",8,9,4,0,2,CRITICAL,999.0,0.0,10,439.7
CASE9_0278_LINE_1_4,CASE9,278,2,"4,9",0,1,4,0,2,CRITICAL,999.0,0.0,10,416.8
CASE9_0278_LINE_4_5,CASE9,278,2,"4,9",1,4,5,1,1,ALERT,75.5,0.905,0,416.8
CASE9_0278_LINE_5_6,CASE9,278,2,"4,9",2,5,6,1,2,CRITICAL,84.9,0.895,2,416.8
CASE9_0278_LINE_3_6,CASE9,278,2,"4,9",3,3,6,0,2,CRITICAL,999.0,0.0,10,416.8
CASE9_0278_LINE_6_7,CASE9,278,2,"4,9",4,6,7,1,1,ALERT,75.8,0.924,0,416.8
CASE9_0278_LINE_7_8,CASE9,278,2,"4,9",5,7,8,1,1,ALERT,80.4,0.908,0,416.8
CASE9_0278_LINE_8_2,CASE9,278,2,"4,9",6,8,2,0,2,CRITICAL,999.0,0.0,10,416.8
CASE9_0278_LINE_8_9,CASE9,278,2,"4,9",7,8,9,1,2,CRITICAL,95.4,0.832,1,416.8
CASE9_0278_LINE_9_4,CASE9,278,2,"4,9",8,9,4,0,2,CRITICAL,999.0,0.0,10,416.8
CASE9_0279_LINE_1_4,CASE9,279,6,"2,7,6,3,4,8",0,1,4,0,2,CRITICAL,999.0,0.0,10,583.5
CASE9_0279_LINE_4_5,CASE9,279,6,"2,7,6,3,4,8",1,4,5,0,2,CRITICAL,999.0,0.0,10,583.5
CASE9_0279_LINE_5_6,CASE9,279,6,"2,7,6,3,4,8",2,5,6,1,2,CRITICAL,152.5,0.889,3,583.5
CASE9_0279_LINE_3_6,CASE9,279,6,"2,7,6,3,4,8",3,3,6,0,2,CRITICAL,999.0,0.0,10,583.5
CASE9_0279_LINE_6_7,CASE9,279,6,"2,7,6,3,4,8",4,6,7,1,2,CRITICAL,144.7,0.92,1,583.5
CASE9_0279_LINE_7_8,CASE9,279,6,"2,7,6,3,4,8",5,7,8,1,2,CRITICAL,150.5,0.9,2,583.5
CASE9_0279_LINE_8_2,CASE9,279,6,"2,7,6,3,4,8",6,8,2,0,2,CRITICAL,999.0,0.0,10,583.5
CASE9_0279_LINE_8_9,CASE9,279,6,"2,7,6,3,4,8",7,8,9,1,2,CRITICAL,152.5,0.874,2,583.5
CASE9_0279_LINE_9_4,CASE9,279,6,"2,7,6,3,4,8",8,9,4,0,2,CRITICAL,999.0,0.0,10,583.5
CASE9_0280_LINE_1_4,CASE9,280,1,9,0,1,4,0,2,CRITICAL,999.0,0.0,10,337.6
CASE9_0280_LINE_4_5,CASE9,280,1,9,1,4,5,1,1,ALERT,65.3,0.906,0,337.6
CASE9_0280_LINE_5_6,CASE9,280,1,9,2,5,6,1,1,ALERT,65.6,0.914,0,337.6
CASE9_0280_LINE_3_6,CASE9,280,1,9,3,3,6,0,2,CRITICAL,999.0,0.0,10,337.6
CASE9_0280_LINE_6_7,CASE9,280,1,9,4,6,7,1,1,ALERT,66.2,0.938,0,337.6
CASE9_0280_LINE_7_8,CASE9,280,1,9,5,7,8,1,1,ALERT,70.2,0.922,0,337.6
CASE9_0280_LINE_8_2,CASE9,280,1,9,6,8,2,0,2,CRITICAL,999.0,0.0,10,337.6
CASE9_0280_LINE_8_9,CASE9,280,1,9,7,8,9,1,2,CRITICAL,91.0,0.862,1,337.6
CASE9_0280_LINE_9_4,CASE9,280,1,9,8,9,4,1,2,CRITICAL,86.3,0.639,1,337.6
CASE9_0291_LINE_1_4,CASE9,291,8,"8,4,5,7,9,6,2,3",0,1,4,0,2,CRITICAL,999.0,0.0,10,543.7
CASE9_0291_LINE_4_5,CASE9,291,8,"8,4,5,7,9,6,2,3",1,4,5,1,2,CRITICAL,149.4,0.743,4,543.7
CASE9_0291_LINE_5_6,CASE9,291,8,"8,4,5,7,9,6,2,3",2,5,6,1,2,CRITICAL,129.5,0.876,2,543.7
CASE9_0291_LINE_3_6,CASE9,291,8,"8,4,5,7,9,6,2,3",3,3,6,0,2,CRITICAL,999.0,0.0,10,543.7
CASE9_0291_LINE_6_7,CASE9,291,8,"8,4,5,7,9,6,2,3",4,6,7,1,2,CRITICAL,124.6,0.947,1,543.7
CASE9_0291_LINE_7_8,CASE9,291,8,"8,4,5,7,9,6,2,3",5,7,8,1,2,CRITICAL,125.7,0.935,1,543.7
CASE9_0291_LINE_8_2,CASE9,291,8,"8,4,5,7,9,6,2,3",6,8,2,0,2,CRITICAL,999.0,0.0,10,543.7
CASE9_0291_LINE_8_9,CASE9,291,8,"8,4,5,7,9,6,2,3",7,8,9,1,2,CRITICAL,128.0,0.92,1,543.7
CASE9_0291_LINE_9_4,CASE9,291,8,"8,4,5,7,9,6,2,3",8,9,4,1,2,CRITICAL,139.5,0.878,4,543.7
CASE9_0292_LINE_1_4,CASE9,292,6,"2,5,7,6,4,3",0,1,4,0,2,CRITICAL,999.0,0.0,10,684.7
CASE9_0292_LINE_4_5,CASE9,292,6,"2,5,7,6,4,3",1,4,5,0,2,CRITICAL,999.0,0.0,10,684.7
CASE9_0292_LINE_5_6,CASE9,292,6,"2,5,7,6,4,3",2,5,6,1,2,CRITICAL,218.9,0.761,4,684.7
CASE9_0292_LINE_3_6,CASE9,292,6,"2,5,7,6,4,3",3,3,6,0,2,CRITICAL,999.0,0.0,10,684.7
CASE9_0292_LINE_6_7,CASE9,292,6,"2,5,7,6,4,3",4,6,7,1,2,CRITICAL,200.6,0.871,3,684.7
CASE9_0292_LINE_7_8,CASE9,292,6,"2,5,7,6,4,3",5,7,8,0,2,CRITICAL,999.0,0.0,10,684.7
CASE9_0292_LINE_8_2,CASE9,292,6,"2,5,7,6,4,3",6,8,2,0,2,CRITICAL,999.0,0.0,10,684.7
CASE9_0292_LINE_8_9,CASE9,292,6,"2,5,7,6,4,3",7,8,9,1,2,CRITICAL,219.2,0.796,4,684.7
CASE9_0292_LINE_9_4,CASE9,292,6,"2,5,7,6,4,3",8,9,4,0,2,CRITICAL,999.0,0.0,10,684.7
CASE9_0293_LINE_1_4,CASE9,293,7,"7,8,6,9,2,5,3",0,1,4,0,2,CRITICAL,999.0,0.0,10,476.3
CASE9_0293_LINE_4_5,CASE9,293,7,"7,8,6,9,2,5,3",1,4,5,1,2,CRITICAL,106.6,0.872,2,476.3
CASE9_0293_LINE_5_6,CASE9,293,7,"7,8,6,9,2,5,3",2,5,6,1,2,CRITICAL,105.9,0.876,2,476.3
CASE9_0293_LINE_3_6,CASE9,293,7,"7,8,6,9,2,5,3",3,3,6,0,2,CRITICAL,999.0,0.0,10,476.3
CASE9_0293_LINE_6_7,CASE9,293,7,"7,8,6,9,2,5,3",4,6,7,1,2,CRITICAL,100.8,0.886,2,476.3
CASE9_0293_LINE_7_8,CASE9,293,7,"7,8,6,9,2,5,3",5,7,8,1,2,CRITICAL,100.8,0.889,2,476.3
CASE9_0293_LINE_8_2,CASE9,293,7,"7,8,6,9,2,5,3",6,8,2,0,2,CRITICAL,999.0,0.0,10,476.3
CASE9_0293_LINE_8_9,CASE9,293,7,"7,8,6,9,2,5,3",7,8,9,1,2,CRITICAL,133.9,0.699,4,476.3
CASE9_0293_LINE_9_4,CASE9,293,7,"7,8,6,9,2,5,3",8,9,4,0,2,CRITICAL,999.0,0.0,10,476.3
CASE9_0294_LINE_1_4,CASE9,294,6,"5,2,6,4,8,3",0,1,4,0,2,CRITICAL,999.0,0.0,10,591.5
CASE9_0294_LINE_4_5,CASE9,294,6,"5,2,6,4,8,3",1,4,5,0,2,CRITICAL,999.0,0.0,10,591.5
CASE9_0294_LINE_5_6,CASE9,294,6,"5,2,6,4,8,3",2,5,6,1,2,CRITICAL,158.9,0.882,2,591.5
CASE9_0294_LINE_3_6,CASE9,294,6,"5,2,6,4,8,3",3,3,6,0,2,CRITICAL,999.0,0.0,10,591.5
CASE9_0294_LINE_6_7,CASE9,294,6,"5,2,6,4,8,3",4,6,7,1,2,CRITICAL,147.5,0.922,1,591.5
CASE9_0294_LINE_7_8,CASE9,294,6,"5,2,6,4,8,3",5,7,8,1,2,CRITICAL,161.4,0.868,4,591.5
CASE9_0294_LINE_8_2,CASE9,294,6,"5,2,6,4,8,3",6,8,2,0,2,CRITICAL,999.0,0.0,10,591.5
CASE9_0294_LINE_8_9,CASE9,294,6,"5,2,6,4,8,3",7,8,9,1,2,CRITICAL,155.7,0.873,2,591.5
CASE9_0294_LINE_9_4,CASE9,294,6,"5,2,6,4,8,3",8,9,4,0,2,CRITICAL,999.0,0.0,10,591.5
CASE9_0295_LINE_1_4,CASE9,295,2,"5,3",0,1,4,0,2,CRITICAL,999.0,0.0,10,324.7
CASE9_0295_LINE_4_5,CASE9,295,2,"5,3",1,4,5,1,1,ALERT,65.2,0.922,0,324.7
CASE9_0295_LINE_5_6,CASE9,295,2,"5,3",2,5,6,1,1,ALERT,65.3,0.93,0,324.7
CASE9_0295_LINE_3_6,CASE9,295,2,"5,3",3,3,6,0,2,CRITICAL,999.0,0.0,10,324.7
CASE9_0295_LINE_6_7,CASE9,295,2,"5,3",4,6,7,1,1,ALERT,65.8,0.947,0,324.7
CASE9_0295_LINE_7_8,CASE9,295,2,"5,3",5,7,8,1,1,ALERT,70.2,0.934,0,324.7
CASE9_0295_LINE_8_2,CASE9,295,2,"5,3",6,8,2,0,2,CRITICAL,999.0,0.0,10,324.7
CASE9_0295_LINE_8_9,CASE9,295,2,"5,3",7,8,9,1,2,CRITICAL,81.0,0.896,1,324.7
CASE9_0295_LINE_9_4,CASE9,295,2,"5,3",8,9,4,1,2,CRITICAL,69.3,0.794,1,324.7
CASE9_0271_LINE_1_4,CASE9,271,2,"4,5",0,1,4,0,2,CRITICAL,999.0,0.0,10,462.7
CASE9_0271_LINE_4_5,CASE9,271,2,"4,5",1,4,5,0,2,CRITICAL,999.0,0.0,10,462.7
CASE9_0271_LINE_5_6,CASE9,271,2,"4,5",2,5,6,1,2,CRITICAL,120.7,0.773,3,462.7
CASE9_0271_LINE_3_6,CASE9,271,2,"4,5",3,3,6,0,2,CRITICAL,999.0,0.0,10,462.7
CASE9_0271_LINE_6_7,CASE9,271,2,"4,5",4,6,7,1,1,ALERT,96.3,0.913,0,462.7
CASE9_0271_LINE_7_8,CASE9,271,2,"4,5",5,7,8,1,2,CRITICAL,107.0,0.881,2,462.7
CASE9_0271_LINE_8_2,CASE9,271,2,"4,5",6,8,2,0,2,CRITICAL,999.0,0.0,10,462.7
CASE9_0271_LINE_8_9,CASE9,271,2,"4,5",7,8,9,1,2,CRITICAL,110.2,0.857,3,462.7
CASE9_0271_LINE_9_4,CASE9,271,2,"4,5",8,9,4,1,2,CRITICAL,97.7,0.786,1,462.7
CASE9_0272_LINE_1_4,CASE9,272,4,"8,5,6,7",0,1,4,0,2,CRITICAL,999.0,0.0,10,504.4
CASE9_0272_LINE_4_5,CASE9,272,4,"8,5,6,7",1,4,5,1,2,CRITICAL,134.3,0.757,5,504.4
CASE9_0272_LINE_5_6,CASE9,272,4,"8,5,6,7",2,5,6,1,2,CRITICAL,113.1,0.889,2,504.4
CASE9_0272_LINE_3_6,CASE9,272,4,"8,5,6,7",3,3,6,0,2,CRITICAL,999.0,0.0,10,504.4
CASE9_0272_LINE_6_7,CASE9,272,4,"8,5,6,7",4,6,7,1,2,CRITICAL,108.8,0.924,1,504.4
CASE9_0272_LINE_7_8,CASE9,272,4,"8,5,6,7",5,7,8,1,2,CRITICAL,114.8,0.911,1,504.4
CASE9_0272_LINE_8_2,CASE9,272,4,"8,5,6,7",6,8,2,0,2,CRITICAL,999.0,0.0,10,504.4
CASE9_0272_LINE_8_9,CASE9,272,4,"8,5,6,7",7,8,9,1,2,CRITICAL,112.5,0.893,2,504.4
CASE9_0272_LINE_9_4,CASE9,272,4,"8,5,6,7",8,9,4,1,2,CRITICAL,140.0,0.69,8,504.4
CASE9_0273_LINE_1_4,CASE9,273,6,"5,6,3,2,4,7",0,1,4,0,2,CRITICAL,999.0,0.0,10,600.7
CASE9_0273_LINE_4_5,CASE9,273,6,"5,6,3,2,4,7",1,4,5,0,2,CRITICAL,999.0,0.0,10,600.7
CASE9_0273_LINE_5_6,CASE9,273,6,"5,6,3,2,4,7",2,5,6,1,2,CRITICAL,163.9,0.83,2,600.7
CASE9_0273_LINE_3_6,CASE9,273,6,"5,6,3,2,4,7",3,3,6,0,2,CRITICAL,999.0,0.0,10,600.7
CASE9_0273_LINE_6_7,CASE9,273,6,"5,6,3,2,4,7",4,6,7,1,2,CRITICAL,155.2,0.91,1,600.7
CASE9_0273_LINE_7_8,CASE9,273,6,"5,6,3,2,4,7",5,7,8,1,2,CRITICAL,180.3,0.817,6,600.7
CASE9_0273_LINE_8_2,CASE9,273,6,"5,6,3,2,4,7",6,8,2,0,2,CRITICAL,999.0,0.0,10,600.7
CASE9_0273_LINE_8_9,CASE9,273,6,"5,6,3,2,4,7",7,8,9,1,2,CRITICAL,163.5,0.847,3,600.7
CASE9_0273_LINE_9_4,CASE9,273,6,"5,6,3,2,4,7",8,9,4,1,2,CRITICAL,184.8,0.754,6,600.7
CASE9_0274_LINE_1_4,CASE9,274,7,"2,3,9,4,6,7,8",0,1,4,0,2,CRITICAL,999.0,0.0,10,669.8
CASE9_0274_LINE_4_5,CASE9,274,7,"2,3,9,4,6,7,8",1,4,5,0,2,CRITICAL,999.0,0.0,10,669.8
CASE9_0274_LINE_5_6,CASE9,274,7,"2,3,9,4,6,7,8",2,5,6,1,2,CRITICAL,222.5,0.76,5,669.8
CASE9_0274_LINE_3_6,CASE9,274,7,"2,3,9,4,6,7,8",3,3,6,0,2,CRITICAL,999.0,0.0,10,669.8
CASE9_0274_LINE_6_7,CASE9,274,7,"2,3,9,4,6,7,8",4,6,7,1,2,CRITICAL,194.8,0.844,2,669.8
CASE9_0274_LINE_7_8,CASE9,274,7,"2,3,9,4,6,7,8",5,7,8,1,2,CRITICAL,203.6,0.839,3,669.8
CASE9_0274_LINE_8_2,CASE9,274,7,"2,3,9,4,6,7,8",6,8,2,0,2,CRITICAL,999.0,0.0,10,669.8
CASE9_0274_LINE_8_9,CASE9,274,7,"2,3,9,4,6,7,8",7,8,9,0,2,CRITICAL,999.0,0.0,10,669.8
CASE9_0274_LINE_9_4,CASE9,274,7,"2,3,9,4,6,7,8",8,9,4,0,2,CRITICAL,999.0,0.0,10,669.8
CASE9_0275_LINE_1_4,CASE9,275,5,"5,2,4,3,8",0,1,4,0,2,CRITICAL,999.0,0.0,10,541.3
CASE9_0275_LINE_4_5,CASE9,275,5,"5,2,4,3,8",1,4,5,1,2,CRITICAL,167.4,0.642,10,541.3
CASE9_0275_LINE_5_6,CASE9,275,5,"5,2,4,3,8",2,5,6,1,2,CRITICAL,131.9,0.859,2,541.3
CASE9_0275_LINE_3_6,CASE9,275,5,"5,2,4,3,8",3,3,6,0,2,CRITICAL,999.0,0.0,10,541.3
CASE9_0275_LINE_6_7,CASE9,275,5,"5,2,4,3,8",4,6,7,1,2,CRITICAL,125.2,0.935,1,541.3
CASE9_0275_LINE_7_8,CASE9,275,5,"5,2,4,3,8",5,7,8,1,2,CRITICAL,137.1,0.883,3,541.3
CASE9_0275_LINE_8_2,CASE9,275,5,"5,2,4,3,8",6,8,2,0,2,CRITICAL,999.0,0.0,10,541.3
CASE9_0275_LINE_8_9,CASE9,275,5,"5,2,4,3,8",7,8,9,1,2,CRITICAL,130.7,0.879,2,541.3
CASE9_0275_LINE_9_4,CASE9,275,5,"5,2,4,3,8",8,9,4,1,2,CRITICAL,150.8,0.749,5,541.3
CASE9_0286_LINE_1_4,CASE9,286,3,"4,2,8",0,1,4,0,2,CRITICAL,999.0,0.0,10,604.3
CASE9_0286_LINE_4_5,CASE9,286,3,"4,2,8",1,4,5,1,2,CRITICAL,172.1,0.853,4,604.3
CASE9_0286_LINE_5_6,CASE9,286,3,"4,2,8",2,5,6,1,2,CRITICAL,158.0,0.889,2,604.3
CASE9_0286_LINE_3_6,CASE9,286,3,"4,2,8",3,3,6,0,2,CRITICAL,999.0,0.0,10,604.3
CASE9_0286_LINE_6_7,CASE9,286,3,"4,2,8",4,6,7,1,2,CRITICAL,168.3,0.856,4,604.3
CASE9_0286_LINE_7_8,CASE9,286,3,"4,2,8",5,7,8,1,2,CRITICAL,152.2,0.931,1,604.3
CASE9_0286_LINE_8_2,CASE9,286,3,"4,2,8",6,8,2,0,2,CRITICAL,999.0,0.0,10,604.3
CASE9_0286_LINE_8_9,CASE9,286,3,"4,2,8",7,8,9,1,2,CRITICAL,158.9,0.872,2,604.3
CASE9_0286_LINE_9_4,CASE9,286,3,"4,2,8",8,9,4,0,2,CRITICAL,999.0,0.0,10,604.3
CASE9_0287_LINE_1_4,CASE9,287,7,"8,7,4,9,3,6,5",0,1,4,0,2,CRITICAL,999.0,0.0,10,667.1
CASE9_0287_LINE_4_5,CASE9,287,7,"8,7,4,9,3,6,5",1,4,5,0,2,CRITICAL,999.0,0.0,10,667.1
CASE9_0287_LINE_5_6,CASE9,287,7,"8,7,4,9,3,6,5",2,5,6,1,2,CRITICAL,226.7,0.723,5,667.1
CASE9_0287_LINE_3_6,CASE9,287,7,"8,7,4,9,3,6,5",3,3,6,0,2,CRITICAL,999.0,0.0,10,667.1
CASE9_0287_LINE_6_7,CASE9,287,7,"8,7,4,9,3,6,5",4,6,7,1,2,CRITICAL,197.1,0.836,4,667.1
CASE9_0287_LINE_7_8,CASE9,287,7,"8,7,4,9,3,6,5",5,7,8,0,2,CRITICAL,999.0,0.0,10,667.1
CASE9_0287_LINE_8_2,CASE9,287,7,"8,7,4,9,3,6,5",6,8,2,0,2,CRITICAL,999.0,0.0,10,667.1
CASE9_0287_LINE_8_9,CASE9,287,7,"8,7,4,9,3,6,5",7,8,9,1,2,CRITICAL,233.6,0.668,4,667.1
CASE9_0287_LINE_9_4,CASE9,287,7,"8,7,4,9,3,6,5",8,9,4,0,2,CRITICAL,999.0,0.0,10,667.1
CASE9_0288_LINE_1_4,CASE9,288,5,"6,9,5,4,7",0,1,4,0,2,CRITICAL,999.0,0.0,10,492.3
CASE9_0288_LINE_4_5,CASE9,288,5,"6,9,5,4,7",1,4,5,0,2,CRITICAL,999.0,0.0,10,492.3
CASE9_0288_LINE_5_6,CASE9,288,5,"6,9,5,4,7",2,5,6,1,2,CRITICAL,112.8,0.852,2,492.3
CASE9_0288_LINE_3_6,CASE9,288,5,"6,9,5,4,7",3,3,6,0,2,CRITICAL,999.0,0.0,10,492.3
CASE9_0288_LINE_6_7,CASE9,288,5,"6,9,5,4,7",4,6,7,1,2,CRITICAL,108.6,0.84,2,492.3
CASE9_0288_LINE_7_8,CASE9,288,5,"6,9,5,4,7",5,7,8,0,2,CRITICAL,999.0,0.0,10,492.3
CASE9_0288_LINE_8_2,CASE9,288,5,"6,9,5,4,7",6,8,2,0,2,CRITICAL,999.0,0.0,10,492.3
CASE9_0288_LINE_8_9,CASE9,288,5,"6,9,5,4,7",7,8,9,1,2,CRITICAL,109.7,0.896,2,492.3
CASE9_0288_LINE_9_4,CASE9,288,5,"6,9,5,4,7",8,9,4,1,2,CRITICAL,116.5,0.793,6,492.3
CASE9_0289_LINE_1_4,CASE9,289,6,"4,8,2,6,3,9",0,1,4,0,2,CRITICAL,999.0,0.0,10,738.5
CASE9_0289_LINE_4_5,CASE9,289,6,"4,8,2,6,3,9",1,4,5,0,2,CRITICAL,999.0,0.0,10,738.5
CASE9_0289_LINE_5_6,CASE9,289,6,"4,8,2,6,3,9",2,5,6,0,2,CRITICAL,999.0,0.0,10,738.5
CASE9_0289_LINE_3_6,CASE9,289,6,"4,8,2,6,3,9",3,3,6,0,2,CRITICAL,999.0,0.0,10,738.5
CASE9_0289_LINE_6_7,CASE9,289,6,"4,8,2,6,3,9",4,6,7,1,2,CRITICAL,238.4,0.816,6,738.5
CASE9_0289_LINE_7_8,CASE9,289,6,"4,8,2,6,3,9",5,7,8,1,2,CRITICAL,246.1,0.807,8,738.5
CASE9_0289_LINE_8_2,CASE9,289,6,"4,8,2,6,3,9",6,8,2,0,2,CRITICAL,999.0,0.0,10,738.5
CASE9_0289_LINE_8_9,CASE9,289,6,"4,8,2,6,3,9",7,8,9,0,2,CRITICAL,999.0,0.0,10,738.5
CASE9_0289_LINE_9_4,CASE9,289,6,"4,8,2,6,3,9",8,9,4,0,2,CRITICAL,999.0,0.0,10,738.5
CASE9_0290_LINE_1_4,CASE9,290,5,"7,3,6,9,8",0,1,4,0,2,CRITICAL,999.0,0.0,10,507.2
CASE9_0290_LINE_4_5,CASE9,290,5,"7,3,6,9,8",1,4,5,1,2,CRITICAL,128.0,0.857,4,507.2
CASE9_0290_LINE_5_6,CASE9,290,5,"7,3,6,9,8",2,5,6,1,2,CRITICAL,114.9,0.906,1,507.2
CASE9_0290_LINE_3_6,CASE9,290,5,"7,3,6,9,8",3,3,6,0,2,CRITICAL,999.0,0.0,10,507.2
CASE9_0290_LINE_6_7,CASE9,290,5,"7,3,6,9,8",4,6,7,1,2,CRITICAL,110.9,0.915,1,507.2
CASE9_0290_LINE_7_8,CASE9,290,5,"7,3,6,9,8",5,7,8,1,2,CRITICAL,121.9,0.883,2,507.2
CASE9_0290_LINE_8_2,CASE9,290,5,"7,3,6,9,8",6,8,2,0,2,CRITICAL,999.0,0.0,10,507.2
CASE9_0290_LINE_8_9,CASE9,290,5,"7,3,6,9,8",7,8,9,1,2,CRITICAL,117.6,0.848,2,507.2
CASE9_0290_LINE_9_4,CASE9,290,5,"7,3,6,9,8",8,9,4,0,2,CRITICAL,999.0,0.0,10,507.2
CASE9_0301_LINE_1_4,CASE9,301,5,"6,7,8,4,5",0,1,4,0,2,CRITICAL,999.0,0.0,10,475.3
CASE9_0301_LINE_4_5,CASE9,301,5,"6,7,8,4,5",1,4,5,1,2,CRITICAL,104.3,0.871,2,475.3
CASE9_0301_LINE_5_6,CASE9,301,5,"6,7,8,4,5",2,5,6,1,1,ALERT,98.5,0.921,0,475.3
CASE9_0301_LINE_3_6,CASE9,301,5,"6,7,8,4,5",3,3,6,0,2,CRITICAL,999.0,0.0,10,475.3
CASE9_0301_LINE_6_7,CASE9,301,5,"6,7,8,4,5",4,6,7,1,1,ALERT,96.3,0.902,0,475.3
CASE9_0301_LINE_7_8,CASE9,301,5,"6,7,8,4,5",5,7,8,1,2,CRITICAL,113.7,0.825,4,475.3
CASE9_0301_LINE_8_2,CASE9,301,5,"6,7,8,4,5",6,8,2,0,2,CRITICAL,999.0,0.0,10,475.3
CASE9_0301_LINE_8_9,CASE9,301,5,"6,7,8,4,5",7,8,9,1,2,CRITICAL,99.8,0.896,1,475.3
CASE9_0301_LINE_9_4,CASE9,301,5,"6,7,8,4,5",8,9,4,1,2,CRITICAL,108.8,0.738,3,475.3
CASE9_0302_LINE_1_4,CASE9,302,2,"8,3",0,1,4,0,2,CRITICAL,999.0,0.0,10,399.5
CASE9_0302_LINE_4_5,CASE9,302,2,"8,3",1,4,5,1,2,CRITICAL,66.2,0.899,1,399.5
CASE9_0302_LINE_5_6,CASE9,302,2,"8,3",2,5,6,1,1,ALERT,66.2,0.929,0,399.5
CASE9_0302_LINE_3_6,CASE9,302,2,"8,3",3,3,6,0,2,CRITICAL,999.0,0.0,10,399.5
CASE9_0302_LINE_6_7,CASE9,302,2,"8,3",4,6,7,1,1,ALERT,66.7,0.938,0,399.5
CASE9_0302_LINE_7_8,CASE9,302,2,"8,3",5,7,8,1,1,ALERT,70.3,0.93,0,399.5
CASE9_0302_LINE_8_2,CASE9,302,2,"8,3",6,8,2,0,2,CRITICAL,999.0,0.0,10,399.5
CASE9_0302_LINE_8_9,CASE9,302,2,"8,3",7,8,9,1,1,ALERT,67.8,0.906,0,399.5
CASE9_0302_LINE_9_4,CASE9,302,2,"8,3",8,9,4,1,2,CRITICAL,81.2,0.77,1,399.5
CASE9_0303_LINE_1_4,CASE9,303,8,"2,7,8,6,9,4,5,3",0,1,4,0,2,CRITICAL,999.0,0.0,10,462.4
CASE9_0303_LINE_4_5,CASE9,303,8,"2,7,8,6,9,4,5,3",1,4,5,1,1,ALERT,91.5,0.962,0,462.4
CASE9_0303_LINE_5_6,CASE9,303,8,"2,7,8,6,9,4,5,3",2,5,6,1,0,SAFE,89.5,0.958,0,462.4
CASE9_0303_LINE_3_6,CASE9,303,8,"2,7,8,6,9,4,5,3",3,3,6,0,2,CRITICAL,999.0,0.0,10,462.4
CASE9_0303_LINE_6_7,CASE9,303,8,"2,7,8,6,9,4,5,3",4,6,7,1,0,SAFE,88.0,0.97,0,462.4
CASE9_0303_LINE_7_8,CASE9,303,8,"2,7,8,6,9,4,5,3",5,7,8,1,1,ALERT,92.9,0.954,0,462.4
CASE9_0303_LINE_8_2,CASE9,303,8,"2,7,8,6,9,4,5,3",6,8,2,0,2,CRITICAL,999.0,0.0,10,462.4
CASE9_0303_LINE_8_9,CASE9,303,8,"2,7,8,6,9,4,5,3",7,8,9,1,1,ALERT,90.0,0.938,0,462.4
CASE9_0303_LINE_9_4,CASE9,303,8,"2,7,8,6,9,4,5,3",8,9,4,1,1,ALERT,91.7,0.901,0,462.4
CASE9_0304_LINE_1_4,CASE9,304,4,"5,9,7,6",0,1,4,0,2,CRITICAL,999.0,0.0,10,403.8
CASE9_0304_LINE_4_5,CASE9,304,4,"5,9,7,6",1,4,5,1,2,CRITICAL,99.7,0.694,1,403.8
CASE9_0304_LINE_5_6,CASE9,304,4,"5,9,7,6",2,5,6,1,2,CRITICAL,82.1,0.853,1,403.8
CASE9_0304_LINE_3_6,CASE9,304,4,"5,9,7,6",3,3,6,0,2,CRITICAL,999.0,0.0,10,403.8
CASE9_0304_LINE_6_7,CASE9,304,4,"5,9,7,6",4,6,7,1,1,ALERT,69.1,0.931,0,403.8
CASE9_0304_LINE_7_8,CASE9,304,4,"5,9,7,6",5,7,8,1,1,ALERT,77.2,0.908,0,403.8
CASE9_0304_LINE_8_2,CASE9,304,4,"5,9,7,6",6,8,2,0,2,CRITICAL,999.0,0.0,10,403.8
CASE9_0304_LINE_8_9,CASE9,304,4,"5,9,7,6",7,8,9,1,2,CRITICAL,84.7,0.85,1,403.8
CASE9_0304_LINE_9_4,CASE9,304,4,"5,9,7,6",8,9,4,0,2,CRITICAL,999.0,0.0,10,403.8
CASE9_0305_LINE_1_4,CASE9,305,2,"2,7",0,1,4,0,2,CRITICAL,999.0,0.0,10,491.5
CASE9_0305_LINE_4_5,CASE9,305,2,"2,7",1,4,5,1,2,CRITICAL,116.4,0.872,4,491.5
CASE9_0305_LINE_5_6,CASE9,305,2,"2,7",2,5,6,1,2,CRITICAL,105.8,0.919,1,491.5
CASE9_0305_LINE_3_6,CASE9,305,2,"2,7",3,3,6,0,2,CRITICAL,999.0,0.0,10,491.5
CASE9_0305_LINE_6_7,CASE9,305,2,"2,7",4,6,7,1,2,CRITICAL,116.6,0.804,5,491.5
CASE9_0305_LINE_7_8,CASE9,305,2,"2,7",5,7,8,1,2,CRITICAL,161.3,0.736,5,491.5
CASE9_0305_LINE_8_2,CASE9,305,2,"2,7",6,8,2,0,2,CRITICAL,999.0,0.0,10,491.5
CASE9_0305_LINE_8_9,CASE9,305,2,"2,7",7,8,9,1,2,CRITICAL,106.3,0.901,1,491.5
CASE9_0305_LINE_9_4,CASE9,305,2,"2,7",8,9,4,0,2,CRITICAL,999.0,0.0,10,491.5
CASE9_0296_LINE_1_4,CASE9,296,6,"8,6,3,2,9,7",0,1,4,0,2,CRITICAL,999.0,0.0,10,734.0
CASE9_0296_LINE_4_5,CASE9,296,6,"8,6,3,2,9,7",1,4,5,0,2,CRITICAL,999.0,0.0,10,734.0
CASE9_0296_LINE_5_6,CASE9,296,6,"8,6,3,2,9,7",2,5,6,0,2,CRITICAL,999.0,0.0,10,734.0
CASE9_0296_LINE_3_6,CASE9,296,6,"8,6,3,2,9,7",3,3,6,0,2,CRITICAL,999.0,0.0,10,734.0
CASE9_0296_LINE_6_7,CASE9,296,6,"8,6,3,2,9,7",4,6,7,0,2,CRITICAL,999.0,0.0,10,734.0
CASE9_0296_LINE_7_8,CASE9,296,6,"8,6,3,2,9,7",5,7,8,0,2,CRITICAL,999.0,0.0,10,734.0
CASE9_0296_LINE_8_2,CASE9,296,6,"8,6,3,2,9,7",6,8,2,0,2,CRITICAL,999.0,0.0,10,734.0
CASE9_0296_LINE_8_9,CASE9,296,6,"8,6,3,2,9,7",7,8,9,0,2,CRITICAL,999.0,0.0,10,734.0
CASE9_0296_LINE_9_4,CASE9,296,6,"8,6,3,2,9,7",8,9,4,0,2,CRITICAL,999.0,0.0,10,734.0
CASE9_0297_LINE_1_4,CASE9,297,7,"4,7,3,6,2,8,5",0,1,4,0,2,CRITICAL,999.0,0.0,10,712.4
CASE9_0297_LINE_4_5,CASE9,297,7,"4,7,3,6,2,8,5",1,4,5,0,2,CRITICAL,999.0,0.0,10,712.4
CASE9_0297_LINE_5_6,CASE9,297,7,"4,7,3,6,2,8,5",2,5,6,0,2,CRITICAL,999.0,0.0,10,712.4
CASE9_0297_LINE_3_6,CASE9,297,7,"4,7,3,6,2,8,5",3,3,6,0,2,CRITICAL,999.0,0.0,10,712.4
CASE9_0297_LINE_6_7,CASE9,297,7,"4,7,3,6,2,8,5",4,6,7,1,2,CRITICAL,219.9,0.835,5,712.4
CASE9_0297_LINE_7_8,CASE9,297,7,"4,7,3,6,2,8,5",5,7,8,0,2,CRITICAL,999.0,0.0,10,712.4
CASE9_0297_LINE_8_2,CASE9,297,7,"4,7,3,6,2,8,5",6,8,2,0,2,CRITICAL,999.0,0.0,10,712.4
CASE9_0297_LINE_8_9,CASE9,297,7,"4,7,3,6,2,8,5",7,8,9,0,2,CRITICAL,999.0,0.0,10,712.4
CASE9_0297_LINE_9_4,CASE9,297,7,"4,7,3,6,2,8,5",8,9,4,0,2,CRITICAL,999.0,0.0,10,712.4
CASE9_0298_LINE_1_4,CASE9,298,6,"2,8,5,9,4,6",0,1,4,0,2,CRITICAL,999.0,0.0,10,682.4
CASE9_0298_LINE_4_5,CASE9,298,6,"2,8,5,9,4,6",1,4,5,0,2,CRITICAL,999.0,0.0,10,682.4
CASE9_0298_LINE_5_6,CASE9,298,6,"2,8,5,9,4,6",2,5,6,1,2,CRITICAL,226.7,0.726,4,682.4
CASE9_0298_LINE_3_6,CASE9,298,6,"2,8,5,9,4,6",3,3,6,0,2,CRITICAL,999.0,0.0,10,682.4
CASE9_0298_LINE_6_7,CASE9,298,6,"2,8,5,9,4,6",4,6,7,1,2,CRITICAL,206.5,0.822,5,682.4
CASE9_0298_LINE_7_8,CASE9,298,6,"2,8,5,9,4,6",5,7,8,1,2,CRITICAL,211.1,0.837,5,682.4
CASE9_0298_LINE_8_2,CASE9,298,6,"2,8,5,9,4,6",6,8,2,0,2,CRITICAL,999.0,0.0,10,682.4
CASE9_0298_LINE_8_9,CASE9,298,6,"2,8,5,9,4,6",7,8,9,0,2,CRITICAL,999.0,0.0,10,682.4
CASE9_0298_LINE_9_4,CASE9,298,6,"2,8,5,9,4,6",8,9,4,0,2,CRITICAL,999.0,0.0,10,682.4
CASE9_0299_LINE_1_4,CASE9,299,4,"2,9,6,7",0,1,4,0,2,CRITICAL,999.0,0.0,10,480.2
CASE9_0299_LINE_4_5,CASE9,299,4,"2,9,6,7",1,4,5,1,2,CRITICAL,108.0,0.879,3,480.2
CASE9_0299_LINE_5_6,CASE9,299,4,"2,9,6,7",2,5,6,1,2,CRITICAL,101.5,0.915,1,480.2
CASE9_0299_LINE_3_6,CASE9,299,4,"2,9,6,7",3,3,6,0,2,CRITICAL,999.0,0.0,10,480.2
CASE9_0299_LINE_6_7,CASE9,299,4,"2,9,6,7",4,6,7,1,2,CRITICAL,101.5,0.894,2,480.2
CASE9_0299_LINE_7_8,CASE9,299,4,"2,9,6,7",5,7,8,1,2,CRITICAL,106.6,0.856,3,480.2
CASE9_0299_LINE_8_2,CASE9,299,4,"2,9,6,7",6,8,2,0,2,CRITICAL,999.0,0.0,10,480.2
CASE9_0299_LINE_8_9,CASE9,299,4,"2,9,6,7",7,8,9,1,2,CRITICAL,104.3,0.864,2,480.2
CASE9_0299_LINE_9_4,CASE9,299,4,"2,9,6,7",8,9,4,0,2,CRITICAL,999.0,0.0,10,480.2
CASE9_0300_LINE_1_4,CASE9,300,6,"5,8,3,4,2,9",0,1,4,0,2,CRITICAL,999.0,0.0,10,665.6
CASE9_0300_LINE_4_5,CASE9,300,6,"5,8,3,4,2,9",1,4,5,0,2,CRITICAL,999.0,0.0,10,665.6
CASE9_0300_LINE_5_6,CASE9,300,6,"5,8,3,4,2,9",2,5,6,1,2,CRITICAL,212.1,0.739,4,665.6
CASE9_0300_LINE_3_6,CASE9,300,6,"5,8,3,4,2,9",3,3,6,0,2,CRITICAL,999.0,0.0,10,665.6
CASE9_0300_LINE_6_7,CASE9,300,6,"5,8,3,4,2,9",4,6,7,1,2,CRITICAL,193.0,0.859,3,665.6
CASE9_0300_LINE_7_8,CASE9,300,6,"5,8,3,4,2,9",5,7,8,1,2,CRITICAL,201.3,0.835,6,665.6
CASE9_0300_LINE_8_2,CASE9,300,6,"5,8,3,4,2,9",6,8,2,0,2,CRITICAL,999.0,0.0,10,665.6
CASE9_0300_LINE_8_9,CASE9,300,6,"5,8,3,4,2,9",7,8,9,1,2,CRITICAL,210.9,0.75,4,665.6
CASE9_0300_LINE_9_4,CASE9,300,6,"5,8,3,4,2,9",8,9,4,0,2,CRITICAL,999.0,0.0,10,665.6
CASE9_0306_LINE_1_4,CASE9,306,8,"3,2,6,9,5,7,8,4",0,1,4,0,2,CRITICAL,999.0,0.0,10,643.7
CASE9_0306_LINE_4_5,CASE9,306,8,"3,2,6,9,5,7,8,4",1,4,5,0,2,CRITICAL,999.0,0.0,10,643.7
CASE9_0306_LINE_5_6,CASE9,306,8,"3,2,6,9,5,7,8,4",2,5,6,1,2,CRITICAL,184.5,0.829,3,643.7
CASE9_0306_LINE_3_6,CASE9,306,8,"3,2,6,9,5,7,8,4",3,3,6,0,2,CRITICAL,999.0,0.0,10,643.7
CASE9_0306_LINE_6_7,CASE9,306,8,"3,2,6,9,5,7,8,4",4,6,7,1,2,CRITICAL,174.9,0.91,1,643.7
CASE9_0306_LINE_7_8,CASE9,306,8,"3,2,6,9,5,7,8,4",5,7,8,1,2,CRITICAL,182.3,0.862,4,643.7
CASE9_0306_LINE_8_2,CASE9,306,8,"3,2,6,9,5,7,8,4",6,8,2,0,2,CRITICAL,999.0,0.0,10,643.7
CASE9_0306_LINE_8_9,CASE9,306,8,"3,2,6,9,5,7,8,4",7,8,9,1,2,CRITICAL,188.3,0.858,4,643.7
CASE9_0306_LINE_9_4,CASE9,306,8,"3,2,6,9,5,7,8,4",8,9,4,0,2,CRITICAL,999.0,0.0,10,643.7
CASE9_0307_LINE_1_4,CASE9,307,1,7,0,1,4,0,2,CRITICAL,999.0,0.0,10,346.4
CASE9_0307_LINE_4_5,CASE9,307,1,7,1,4,5,1,1,ALERT,65.5,0.901,0,346.4
CASE9_0307_LINE_5_6,CASE9,307,1,7,2,5,6,1,1,ALERT,65.5,0.924,0,346.4
CASE9_0307_LINE_3_6,CASE9,307,1,7,3,3,6,0,2,CRITICAL,999.0,0.0,10,346.4
CASE9_0307_LINE_6_7,CASE9,307,1,7,4,6,7,1,1,ALERT,67.3,0.919,0,346.4
CASE9_0307_LINE_7_8,CASE9,307,1,7,5,7,8,1,2,CRITICAL,95.9,0.892,1,346.4
CASE9_0307_LINE_8_2,CASE9,307,1,7,6,8,2,0,2,CRITICAL,999.0,0.0,10,346.4
CASE9_0307_LINE_8_9,CASE9,307,1,7,7,8,9,1,2,CRITICAL,72.6,0.898,1,346.4
CASE9_0307_LINE_9_4,CASE9,307,1,7,8,9,4,1,2,CRITICAL,71.8,0.781,1,346.4
CASE9_0308_LINE_1_4,CASE9,308,2,"2,4",0,1,4,0,2,CRITICAL,999.0,0.0,10,419.3
CASE9_0308_LINE_4_5,CASE9,308,2,"2,4",1,4,5,1,1,ALERT,74.3,0.906,0,419.3
CASE9_0308_LINE_5_6,CASE9,308,2,"2,4",2,5,6,1,1,ALERT,79.6,0.91,0,419.3
CASE9_0308_LINE_3_6,CASE9,308,2,"2,4",3,3,6,0,2,CRITICAL,999.0,0.0,10,419.3
CASE9_0308_LINE_6_7,CASE9,308,2,"2,4",4,6,7,1,1,ALERT,74.4,0.943,0,419.3
CASE9_0308_LINE_7_8,CASE9,308,2,"2,4",5,7,8,1,1,ALERT,76.3,0.935,0,419.3
CASE9_0308_LINE_8_2,CASE9,308,2,"2,4",6,8,2,0,2,CRITICAL,999.0,0.0,10,419.3
CASE9_0308_LINE_8_9,CASE9,308,2,"2,4",7,8,9,1,2,CRITICAL,83.1,0.883,1,419.3
CASE9_0308_LINE_9_4,CASE9,308,2,"2,4",8,9,4,1,2,CRITICAL,75.4,0.788,1,419.3
CASE9_0309_LINE_1_4,CASE9,309,1,3,0,1,4,0,2,CRITICAL,999.0,0.0,10,402.3
CASE9_0309_LINE_4_5,CASE9,309,1,3,1,4,5,1,2,CRITICAL,79.1,0.89,1,402.3
CASE9_0309_LINE_5_6,CASE9,309,1,3,2,5,6,1,1,ALERT,67.1,0.93,0,402.3
CASE9_0309_LINE_3_6,CASE9,309,1,3,3,3,6,0,2,CRITICAL,999.0,0.0,10,402.3
CASE9_0309_LINE_6_7,CASE9,309,1,3,4,6,7,1,1,ALERT,65.8,0.947,0,402.3
CASE9_0309_LINE_7_8,CASE9,309,1,3,5,7,8,1,1,ALERT,83.3,0.909,0,402.3
CASE9_0309_LINE_8_2,CASE9,309,1,3,6,8,2,0,2,CRITICAL,999.0,0.0,10,402.3
CASE9_0309_LINE_8_9,CASE9,309,1,3,7,8,9,1,1,ALERT,69.5,0.906,0,402.3
CASE9_0309_LINE_9_4,CASE9,309,1,3,8,9,4,1,2,CRITICAL,70.2,0.788,1,402.3
CASE9_0310_LINE_1_4,CASE9,310,2,"9,8",0,1,4,0,2,CRITICAL,999.0,0.0,10,365.0
CASE9_0310_LINE_4_5,CASE9,310,2,"9,8",1,4,5,1,1,ALERT,65.5,0.905,0,365.0
CASE9_0310_LINE_5_6,CASE9,310,2,"9,8",2,5,6,1,1,ALERT,65.7,0.919,0,365.0
CASE9_0310_LINE_3_6,CASE9,310,2,"9,8",3,3,6,0,2,CRITICAL,999.0,0.0,10,365.0
CASE9_0310_LINE_6_7,CASE9,310,2,"9,8",4,6,7,1,1,ALERT,67.0,0.936,0,365.0
CASE9_0310_LINE_7_8,CASE9,310,2,"9,8",5,7,8,1,1,ALERT,70.2,0.933,0,365.0
CASE9_0310_LINE_8_2,CASE9,310,2,"9,8",6,8,2,0,2,CRITICAL,999.0,0.0,10,365.0
CASE9_0310_LINE_8_9,CASE9,310,2,"9,8",7,8,9,1,2,CRITICAL,73.9,0.874,1,365.0
CASE9_0310_LINE_9_4,CASE9,310,2,"9,8",8,9,4,1,2,CRITICAL,93.2,0.632,1,365.0
CASE9_0311_LINE_1_4,CASE9,311,1,3,0,1,4,0,2,CRITICAL,999.0,0.0,10,401.6
CASE9_0311_LINE_4_5,CASE9,311,1,3,1,4,5,1,2,CRITICAL,78.8,0.89,1,401.6
CASE9_0311_LINE_5_6,CASE9,311,1,3,2,5,6,1,1,ALERT,66.8,0.93,0,401.6
CASE9_0311_LINE_3_6,CASE9,311,1,3,3,3,6,0,2,CRITICAL,999.0,0.0,10,401.6
CASE9_0311_LINE_6_7,CASE9,311,1,3,4,6,7,1,1,ALERT,65.8,0.947,0,401.6
CASE9_0311_LINE_7_8,CASE9,311,1,3,5,7,8,1,1,ALERT,82.9,0.91,0,401.6
CASE9_0311_LINE_8_2,CASE9,311,1,3,6,8,2,0,2,CRITICAL,999.0,0.0,10,401.6
CASE9_0311_LINE_8_9,CASE9,311,1,3,7,8,9,1,1,ALERT,69.3,0.906,0,401.6
CASE9_0311_LINE_9_4,CASE9,311,1,3,8,9,4,1,2,CRITICAL,70.2,0.788,1,401.6
CASE9_0312_LINE_1_4,CASE9,312,1,8,0,1,4,0,2,CRITICAL,999.0,0.0,10,362.8
CASE9_0312_LINE_4_5,CASE9,312,1,8,1,4,5,1,1,ALERT,65.7,0.904,0,362.8
CASE9_0312_LINE_5_6,CASE9,312,1,8,2,5,6,1,1,ALERT,65.7,0.925,0,362.8
CASE9_0312_LINE_3_6,CASE9,312,1,8,3,3,6,0,2,CRITICAL,999.0,0.0,10,362.8
CASE9_0312_LINE_6_7,CASE9,312,1,8,4,6,7,1,1,ALERT,67.4,0.933,0,362.8
CASE9_0312_LINE_7_8,CASE9,312,1,8,5,7,8,1,1,ALERT,70.1,0.938,0,362.8
CASE9_0312_LINE_8_2,CASE9,312,1,8,6,8,2,0,2,CRITICAL,999.0,0.0,10,362.8
CASE9_0312_LINE_8_9,CASE9,312,1,8,7,8,9,1,1,ALERT,65.5,0.902,0,362.8
CASE9_0312_LINE_9_4,CASE9,312,1,8,8,9,4,1,2,CRITICAL,82.8,0.766,1,362.8
CASE9_0313_LINE_1_4,CASE9,313,8,"8,9,6,5,2,7,3,4",0,1,4,0,2,CRITICAL,999.0,0.0,10,694.9
CASE9_0313_LINE_4_5,CASE9,313,8,"8,9,6,5,2,7,3,4",1,4,5,0,2,CRITICAL,999.0,0.0,10,694.9
CASE9_0313_LINE_5_6,CASE9,313,8,"8,9,6,5,2,7,3,4",2,5,6,1,2,CRITICAL,252.0,0.733,7,694.9
CASE9_0313_LINE_3_6,CASE9,313,8,"8,9,6,5,2,7,3,4",3,3,6,0,2,CRITICAL,999.0,0.0,10,694.9
CASE9_0313_LINE_6_7,CASE9,313,8,"8,9,6,5,2,7,3,4",4,6,7,1,2,CRITICAL,212.5,0.827,5,694.9
CASE9_0313_LINE_7_8,CASE9,313,8,"8,9,6,5,2,7,3,4",5,7,8,0,2,CRITICAL,999.0,0.0,10,694.9
CASE9_0313_LINE_8_2,CASE9,313,8,"8,9,6,5,2,7,3,4",6,8,2,0,2,CRITICAL,999.0,0.0,10,694.9
CASE9_0313_LINE_8_9,CASE9,313,8,"8,9,6,5,2,7,3,4",7,8,9,1,2,CRITICAL,247.8,0.751,6,694.9
CASE9_0313_LINE_9_4,CASE9,313,8,"8,9,6,5,2,7,3,4",8,9,4,0,2,CRITICAL,999.0,0.0,10,694.9
CASE9_0314_LINE_1_4,CASE9,314,1,3,0,1,4,0,2,CRITICAL,999.0,0.0,10,410.6
CASE9_0314_LINE_4_5,CASE9,314,1,3,1,4,5,1,2,CRITICAL,82.5,0.887,1,410.6
CASE9_0314_LINE_5_6,CASE9,314,1,3,2,5,6,1,1,ALERT,70.3,0.93,0,410.6
CASE9_0314_LINE_3_6,CASE9,314,1,3,3,3,6,0,2,CRITICAL,999.0,0.0,10,410.6
CASE9_0314_LINE_6_7,CASE9,314,1,3,4,6,7,1,1,ALERT,68.1,0.947,0,410.6
CASE9_0314_LINE_7_8,CASE9,314,1,3,5,7,8,1,1,ALERT,87.5,0.905,0,410.6
CASE9_0314_LINE_8_2,CASE9,314,1,3,6,8,2,0,2,CRITICAL,999.0,0.0,10,410.6
CASE9_0314_LINE_8_9,CASE9,314,1,3,7,8,9,1,1,ALERT,72.5,0.907,0,410.6
CASE9_0314_LINE_9_4,CASE9,314,1,3,8,9,4,1,2,CRITICAL,73.3,0.786,1,410.6
CASE9_0315_LINE_1_4,CASE9,315,4,"4,8,2,5",0,1,4,0,2,CRITICAL,999.0,0.0,10,621.3
CASE9_0315_LINE_4_5,CASE9,315,4,"4,8,2,5",1,4,5,0,2,CRITICAL,999.0,0.0,10,621.3
CASE9_0315_LINE_5_6,CASE9,315,4,"4,8,2,5",2,5,6,1,2,CRITICAL,180.3,0.778,4,621.3
CASE9_0315_LINE_3_6,CASE9,315,4,"4,8,2,5",3,3,6,0,2,CRITICAL,999.0,0.0,10,621.3
CASE9_0315_LINE_6_7,CASE9,315,4,"4,8,2,5",4,6,7,1,2,CRITICAL,174.8,0.867,4,621.3
CASE9_0315_LINE_7_8,CASE9,315,4,"4,8,2,5",5,7,8,1,2,CRITICAL,166.5,0.888,2,621.3
CASE9_0315_LINE_8_2,CASE9,315,4,"4,8,2,5",6,8,2,0,2,CRITICAL,999.0,0.0,10,621.3
CASE9_0315_LINE_8_9,CASE9,315,4,"4,8,2,5",7,8,9,1,2,CRITICAL,175.8,0.84,3,621.3
CASE9_0315_LINE_9_4,CASE9,315,4,"4,8,2,5",8,9,4,0,2,CRITICAL,999.0,0.0,10,621.3
CASE9_0321_LINE_1_4,CASE9,321,1,5,0,1,4,0,2,CRITICAL,999.0,0.0,10,313.8
CASE9_0321_LINE_4_5,CASE9,321,1,5,1,4,5,1,1,ALERT,65.2,0.91,0,313.8
CASE9_0321_LINE_5_6,CASE9,321,1,5,2,5,6,1,1,ALERT,65.5,0.92,0,313.8
CASE9_0321_LINE_3_6,CASE9,321,1,5,3,3,6,0,2,CRITICAL,999.0,0.0,10,313.8
CASE9_0321_LINE_6_7,CASE9,321,1,5,4,6,7,1,1,ALERT,65.9,0.947,0,313.8
CASE9_0321_LINE_7_8,CASE9,321,1,5,5,7,8,1,1,ALERT,70.2,0.934,0,313.8
CASE9_0321_LINE_8_2,CASE9,321,1,5,6,8,2,0,2,CRITICAL,999.0,0.0,10,313.8
CASE9_0321_LINE_8_9,CASE9,321,1,5,7,8,9,1,2,CRITICAL,91.1,0.891,1,313.8
CASE9_0321_LINE_9_4,CASE9,321,1,5,8,9,4,1,2,CRITICAL,69.3,0.794,1,313.8
CASE9_0322_LINE_1_4,CASE9,322,3,"3,8,4",0,1,4,0,2,CRITICAL,999.0,0.0,10,507.8
CASE9_0322_LINE_4_5,CASE9,322,3,"3,8,4",1,4,5,1,2,CRITICAL,119.4,0.884,2,507.8
CASE9_0322_LINE_5_6,CASE9,322,3,"3,8,4",2,5,6,1,2,CRITICAL,112.0,0.915,1,507.8
CASE9_0322_LINE_3_6,CASE9,322,3,"3,8,4",3,3,6,0,2,CRITICAL,999.0,0.0,10,507.8
CASE9_0322_LINE_6_7,CASE9,322,3,"3,8,4",4,6,7,1,2,CRITICAL,109.2,0.925,1,507.8
CASE9_0322_LINE_7_8,CASE9,322,3,"3,8,4",5,7,8,1,2,CRITICAL,114.2,0.918,1,507.8
CASE9_0322_LINE_8_2,CASE9,322,3,"3,8,4",6,8,2,0,2,CRITICAL,999.0,0.0,10,507.8
CASE9_0322_LINE_8_9,CASE9,322,3,"3,8,4",7,8,9,1,2,CRITICAL,112.3,0.897,2,507.8
CASE9_0322_LINE_9_4,CASE9,322,3,"3,8,4",8,9,4,1,2,CRITICAL,127.0,0.73,6,507.8
CASE9_0323_LINE_1_4,CASE9,323,2,"9,4",0,1,4,0,2,CRITICAL,999.0,0.0,10,523.3
CASE9_0323_LINE_4_5,CASE9,323,2,"9,4",1,4,5,1,2,CRITICAL,129.9,0.854,3,523.3
CASE9_0323_LINE_5_6,CASE9,323,2,"9,4",2,5,6,1,2,CRITICAL,137.8,0.829,3,523.3
CASE9_0323_LINE_3_6,CASE9,323,2,"9,4",3,3,6,0,2,CRITICAL,999.0,0.0,10,523.3
CASE9_0323_LINE_6_7,CASE9,323,2,"9,4",4,6,7,1,2,CRITICAL,128.9,0.849,2,523.3
CASE9_0323_LINE_7_8,CASE9,323,2,"9,4",5,7,8,1,2,CRITICAL,130.7,0.844,2,523.3
CASE9_0323_LINE_8_2,CASE9,323,2,"9,4",6,8,2,0,2,CRITICAL,999.0,0.0,10,523.3
CASE9_0323_LINE_8_9,CASE9,323,2,"9,4",7,8,9,0,2,CRITICAL,999.0,0.0,10,523.3
CASE9_0323_LINE_9_4,CASE9,323,2,"9,4",8,9,4,0,2,CRITICAL,999.0,0.0,10,523.3
CASE9_0324_LINE_1_4,CASE9,324,6,"2,4,9,6,8,3",0,1,4,0,2,CRITICAL,999.0,0.0,10,654.2
CASE9_0324_LINE_4_5,CASE9,324,6,"2,4,9,6,8,3",1,4,5,0,2,CRITICAL,999.0,0.0,10,654.2
CASE9_0324_LINE_5_6,CASE9,324,6,"2,4,9,6,8,3",2,5,6,0,2,CRITICAL,999.0,0.0,10,654.2
CASE9_0324_LINE_3_6,CASE9,324,6,"2,4,9,6,8,3",3,3,6,0,2,CRITICAL,999.0,0.0,10,654.2
CASE9_0324_LINE_6_7,CASE9,324,6,"2,4,9,6,8,3",4,6,7,1,2,CRITICAL,181.3,0.908,1,654.2
CASE9_0324_LINE_7_8,CASE9,324,6,"2,4,9,6,8,3",5,7,8,0,2,CRITICAL,999.0,0.0,10,654.2
CASE9_0324_LINE_8_2,CASE9,324,6,"2,4,9,6,8,3",6,8,2,0,2,CRITICAL,999.0,0.0,10,654.2
CASE9_0324_LINE_8_9,CASE9,324,6,"2,4,9,6,8,3",7,8,9,0,2,CRITICAL,999.0,0.0,10,654.2
CASE9_0324_LINE_9_4,CASE9,324,6,"2,4,9,6,8,3",8,9,4,0,2,CRITICAL,999.0,0.0,10,654.2
CASE9_0325_LINE_1_4,CASE9,325,1,8,0,1,4,0,2,CRITICAL,999.0,0.0,10,380.8
CASE9_0325_LINE_4_5,CASE9,325,1,8,1,4,5,1,1,ALERT,65.8,0.903,0,380.8
CASE9_0325_LINE_5_6,CASE9,325,1,8,2,5,6,1,1,ALERT,65.7,0.927,0,380.8
CASE9_0325_LINE_3_6,CASE9,325,1,8,3,3,6,0,2,CRITICAL,999.0,0.0,10,380.8
CASE9_0325_LINE_6_7,CASE9,325,1,8,4,6,7,1,1,ALERT,67.7,0.931,0,380.8
CASE9_0325_LINE_7_8,CASE9,325,1,8,5,7,8,1,1,ALERT,70.1,0.938,0,380.8
CASE9_0325_LINE_8_2,CASE9,325,1,8,6,8,2,0,2,CRITICAL,999.0,0.0,10,380.8
CASE9_0325_LINE_8_9,CASE9,325,1,8,7,8,9,1,1,ALERT,65.5,0.905,0,380.8
CASE9_0325_LINE_9_4,CASE9,325,1,8,8,9,4,1,2,CRITICAL,95.3,0.76,1,380.8
CASE9_0326_LINE_1_4,CASE9,326,2,"4,2",0,1,4,0,2,CRITICAL,999.0,0.0,10,400.9
CASE9_0326_LINE_4_5,CASE9,326,2,"4,2",1,4,5,1,1,ALERT,66.0,0.907,0,400.9
CASE9_0326_LINE_5_6,CASE9,326,2,"4,2",2,5,6,1,1,ALERT,71.0,0.916,0,400.9
CASE9_0326_LINE_3_6,CASE9,326,2,"4,2",3,3,6,0,2,CRITICAL,999.0,0.0,10,400.9
CASE9_0326_LINE_6_7,CASE9,326,2,"4,2",4,6,7,1,1,ALERT,66.2,0.945,0,400.9
CASE9_0326_LINE_7_8,CASE9,326,2,"4,2",5,7,8,1,1,ALERT,70.2,0.936,0,400.9
CASE9_0326_LINE_8_2,CASE9,326,2,"4,2",6,8,2,0,2,CRITICAL,999.0,0.0,10,400.9
CASE9_0326_LINE_8_9,CASE9,326,2,"4,2",7,8,9,1,2,CRITICAL,74.4,0.889,1,400.9
CASE9_0326_LINE_9_4,CASE9,326,2,"4,2",8,9,4,1,2,CRITICAL,75.1,0.788,1,400.9
CASE9_0327_LINE_1_4,CASE9,327,4,"7,3,8,9",0,1,4,0,2,CRITICAL,999.0,0.0,10,448.1
CASE9_0327_LINE_4_5,CASE9,327,4,"7,3,8,9",1,4,5,1,2,CRITICAL,91.7,0.897,2,448.1
CASE9_0327_LINE_5_6,CASE9,327,4,"7,3,8,9",2,5,6,1,2,CRITICAL,92.4,0.894,1,448.1
CASE9_0327_LINE_3_6,CASE9,327,4,"7,3,8,9",3,3,6,0,2,CRITICAL,999.0,0.0,10,448.1
CASE9_0327_LINE_6_7,CASE9,327,4,"7,3,8,9",4,6,7,1,1,ALERT,86.8,0.906,0,448.1
CASE9_0327_LINE_7_8,CASE9,327,4,"7,3,8,9",5,7,8,1,2,CRITICAL,89.5,0.9,1,448.1
CASE9_0327_LINE_8_2,CASE9,327,4,"7,3,8,9",6,8,2,0,2,CRITICAL,999.0,0.0,10,448.1
CASE9_0327_LINE_8_9,CASE9,327,4,"7,3,8,9",7,8,9,1,2,CRITICAL,106.9,0.784,2,448.1
CASE9_0327_LINE_9_4,CASE9,327,4,"7,3,8,9",8,9,4,0,2,CRITICAL,999.0,0.0,10,448.1
CASE9_0328_LINE_1_4,CASE9,328,3,"9,6,7",0,1,4,0,2,CRITICAL,999.0,0.0,10,447.9
CASE9_0328_LINE_4_5,CASE9,328,3,"9,6,7",1,4,5,1,2,CRITICAL,92.3,0.868,1,447.9
CASE9_0328_LINE_5_6,CASE9,328,3,"9,6,7",2,5,6,1,1,ALERT,87.7,0.92,0,447.9
CASE9_0328_LINE_3_6,CASE9,328,3,"9,6,7",3,3,6,0,2,CRITICAL,999.0,0.0,10,447.9
CASE9_0328_LINE_6_7,CASE9,328,3,"9,6,7",4,6,7,1,2,CRITICAL,89.2,0.837,1,447.9
CASE9_0328_LINE_7_8,CASE9,328,3,"9,6,7",5,7,8,1,2,CRITICAL,170.7,0.662,8,447.9
CASE9_0328_LINE_8_2,CASE9,328,3,"9,6,7",6,8,2,0,2,CRITICAL,999.0,0.0,10,447.9
CASE9_0328_LINE_8_9,CASE9,328,3,"9,6,7",7,8,9,1,2,CRITICAL,89.7,0.885,1,447.9
CASE9_0328_LINE_9_4,CASE9,328,3,"9,6,7",8,9,4,0,2,CRITICAL,999.0,0.0,10,447.9
CASE9_0329_LINE_1_4,CASE9,329,3,"6,8,9",0,1,4,0,2,CRITICAL,999.0,0.0,10,420.7
CASE9_0329_LINE_4_5,CASE9,329,3,"6,8,9",1,4,5,1,2,CRITICAL,86.4,0.849,1,420.7
CASE9_0329_LINE_5_6,CASE9,329,3,"6,8,9",2,5,6,1,1,ALERT,72.4,0.94,0,420.7
CASE9_0329_LINE_3_6,CASE9,329,3,"6,8,9",3,3,6,0,2,CRITICAL,999.0,0.0,10,420.7
CASE9_0329_LINE_6_7,CASE9,329,3,"6,8,9",4,6,7,1,1,ALERT,71.2,0.943,0,420.7
CASE9_0329_LINE_7_8,CASE9,329,3,"6,8,9",5,7,8,1,2,CRITICAL,92.6,0.876,1,420.7
CASE9_0329_LINE_8_2,CASE9,329,3,"6,8,9",6,8,2,0,2,CRITICAL,999.0,0.0,10,420.7
CASE9_0329_LINE_8_9,CASE9,329,3,"6,8,9",7,8,9,1,0,SAFE,72.1,0.955,0,420.7
CASE9_0329_LINE_9_4,CASE9,329,3,"6,8,9",8,9,4,1,1,ALERT,75.3,0.903,0,420.7
CASE9_0330_LINE_1_4,CASE9,330,4,"7,2,6,8",0,1,4,0,2,CRITICAL,999.0,0.0,10,523.2
CASE9_0330_LINE_4_5,CASE9,330,4,"7,2,6,8",1,4,5,1,2,CRITICAL,142.4,0.835,4,523.2
CASE9_0330_LINE_5_6,CASE9,330,4,"7,2,6,8",2,5,6,1,2,CRITICAL,120.7,0.91,1,523.2
CASE9_0330_LINE_3_6,CASE9,330,4,"7,2,6,8",3,3,6,0,2,CRITICAL,999.0,0.0,10,523.2
CASE9_0330_LINE_6_7,CASE9,330,4,"7,2,6,8",4,6,7,1,2,CRITICAL,116.5,0.933,1,523.2
CASE9_0330_LINE_7_8,CASE9,330,4,"7,2,6,8",5,7,8,1,2,CRITICAL,117.7,0.942,1,523.2
CASE9_0330_LINE_8_2,CASE9,330,4,"7,2,6,8",6,8,2,0,2,CRITICAL,999.0,0.0,10,523.2
CASE9_0330_LINE_8_9,CASE9,330,4,"7,2,6,8",7,8,9,1,2,CRITICAL,120.8,0.894,2,523.2
CASE9_0330_LINE_9_4,CASE9,330,4,"7,2,6,8",8,9,4,0,2,CRITICAL,999.0,0.0,10,523.2
CASE9_0316_LINE_1_4,CASE9,316,7,"6,9,5,3,8,7,2",0,1,4,0,2,CRITICAL,999.0,0.0,10,500.3
CASE9_0316_LINE_4_5,CASE9,316,7,"6,9,5,3,8,7,2",1,4,5,1,2,CRITICAL,128.4,0.863,4,500.3
CASE9_0316_LINE_5_6,CASE9,316,7,"6,9,5,3,8,7,2",2,5,6,1,2,CRITICAL,111.7,0.922,1,500.3
CASE9_0316_LINE_3_6,CASE9,316,7,"6,9,5,3,8,7,2",3,3,6,0,2,CRITICAL,999.0,0.0,10,500.3
CASE9_0316_LINE_6_7,CASE9,316,7,"6,9,5,3,8,7,2",4,6,7,1,2,CRITICAL,108.2,0.854,2,500.3
CASE9_0316_LINE_7_8,CASE9,316,7,"6,9,5,3,8,7,2",5,7,8,1,2,CRITICAL,145.5,0.723,7,500.3
CASE9_0316_LINE_8_2,CASE9,316,7,"6,9,5,3,8,7,2",6,8,2,0,2,CRITICAL,999.0,0.0,10,500.3
CASE9_0316_LINE_8_9,CASE9,316,7,"6,9,5,3,8,7,2",7,8,9,1,2,CRITICAL,110.6,0.934,1,500.3
CASE9_0316_LINE_9_4,CASE9,316,7,"6,9,5,3,8,7,2",8,9,4,0,2,CRITICAL,999.0,0.0,10,500.3
CASE9_0317_LINE_1_4,CASE9,317,7,"8,7,4,3,9,6,5",0,1,4,0,2,CRITICAL,999.0,0.0,10,658.6
CASE9_0317_LINE_4_5,CASE9,317,7,"8,7,4,3,9,6,5",1,4,5,0,2,CRITICAL,999.0,0.0,10,658.6
CASE9_0317_LINE_5_6,CASE9,317,7,"8,7,4,3,9,6,5",2,5,6,1,2,CRITICAL,230.3,0.745,7,658.6
CASE9_0317_LINE_3_6,CASE9,317,7,"8,7,4,3,9,6,5",3,3,6,0,2,CRITICAL,999.0,0.0,10,658.6
CASE9_0317_LINE_6_7,CASE9,317,7,"8,7,4,3,9,6,5",4,6,7,1,2,CRITICAL,190.0,0.872,4,658.6
CASE9_0317_LINE_7_8,CASE9,317,7,"8,7,4,3,9,6,5",5,7,8,0,2,CRITICAL,999.0,0.0,10,658.6
CASE9_0317_LINE_8_2,CASE9,317,7,"8,7,4,3,9,6,5",6,8,2,0,2,CRITICAL,999.0,0.0,10,658.6
CASE9_0317_LINE_8_9,CASE9,317,7,"8,7,4,3,9,6,5",7,8,9,1,2,CRITICAL,221.1,0.753,6,658.6
CASE9_0317_LINE_9_4,CASE9,317,7,"8,7,4,3,9,6,5",8,9,4,0,2,CRITICAL,999.0,0.0,10,658.6
CASE9_0318_LINE_1_4,CASE9,318,6,"8,3,7,5,9,6",0,1,4,0,2,CRITICAL,999.0,0.0,10,590.2
CASE9_0318_LINE_4_5,CASE9,318,6,"8,3,7,5,9,6",1,4,5,0,2,CRITICAL,999.0,0.0,10,590.2
CASE9_0318_LINE_5_6,CASE9,318,6,"8,3,7,5,9,6",2,5,6,1,2,CRITICAL,164.2,0.824,3,590.2
CASE9_0318_LINE_3_6,CASE9,318,6,"8,3,7,5,9,6",3,3,6,0,2,CRITICAL,999.0,0.0,10,590.2
CASE9_0318_LINE_6_7,CASE9,318,6,"8,3,7,5,9,6",4,6,7,1,2,CRITICAL,153.1,0.875,2,590.2
CASE9_0318_LINE_7_8,CASE9,318,6,"8,3,7,5,9,6",5,7,8,1,2,CRITICAL,163.8,0.863,5,590.2
CASE9_0318_LINE_8_2,CASE9,318,6,"8,3,7,5,9,6",6,8,2,0,2,CRITICAL,999.0,0.0,10,590.2
CASE9_0318_LINE_8_9,CASE9,318,6,"8,3,7,5,9,6",7,8,9,1,2,CRITICAL,170.6,0.753,4,590.2
CASE9_0318_LINE_9_4,CASE9,318,6,"8,3,7,5,9,6",8,9,4,0,2,CRITICAL,999.0,0.0,10,590.2
CASE9_0319_LINE_1_4,CASE9,319,4,"7,2,9,5",0,1,4,0,2,CRITICAL,999.0,0.0,10,401.9
CASE9_0319_LINE_4_5,CASE9,319,4,"7,2,9,5",1,4,5,1,1,ALERT,67.7,0.921,0,401.9
CASE9_0319_LINE_5_6,CASE9,319,4,"7,2,9,5",2,5,6,1,1,ALERT,71.4,0.916,0,401.9
CASE9_0319_LINE_3_6,CASE9,319,4,"7,2,9,5",3,3,6,0,2,CRITICAL,999.0,0.0,10,401.9
CASE9_0319_LINE_6_7,CASE9,319,4,"7,2,9,5",4,6,7,1,1,ALERT,67.9,0.925,0,401.9
CASE9_0319_LINE_7_8,CASE9,319,4,"7,2,9,5",5,7,8,1,1,ALERT,66.5,0.931,0,401.9
CASE9_0319_LINE_8_2,CASE9,319,4,"7,2,9,5",6,8,2,0,2,CRITICAL,999.0,0.0,10,401.9
CASE9_0319_LINE_8_9,CASE9,319,4,"7,2,9,5",7,8,9,1,2,CRITICAL,81.0,0.835,1,401.9
CASE9_0319_LINE_9_4,CASE9,319,4,"7,2,9,5",8,9,4,0,2,CRITICAL,999.0,0.0,10,401.9
CASE9_0320_LINE_1_4,CASE9,320,5,"4,6,2,5,3",0,1,4,0,2,CRITICAL,999.0,0.0,10,613.2
CASE9_0320_LINE_4_5,CASE9,320,5,"4,6,2,5,3",1,4,5,0,2,CRITICAL,999.0,0.0,10,613.2
CASE9_0320_LINE_5_6,CASE9,320,5,"4,6,2,5,3",2,5,6,1,2,CRITICAL,171.4,0.801,3,613.2
CASE9_0320_LINE_3_6,CASE9,320,5,"4,6,2,5,3",3,3,6,0,2,CRITICAL,999.0,0.0,10,613.2
CASE9_0320_LINE_6_7,CASE9,320,5,"4,6,2,5,3",4,6,7,1,2,CRITICAL,159.8,0.904,1,613.2
CASE9_0320_LINE_7_8,CASE9,320,5,"4,6,2,5,3",5,7,8,1,2,CRITICAL,184.6,0.802,5,613.2
CASE9_0320_LINE_8_2,CASE9,320,5,"4,6,2,5,3",6,8,2,0,2,CRITICAL,999.0,0.0,10,613.2
CASE9_0320_LINE_8_9,CASE9,320,5,"4,6,2,5,3",7,8,9,1,2,CRITICAL,168.5,0.852,3,613.2
CASE9_0320_LINE_9_4,CASE9,320,5,"4,6,2,5,3",8,9,4,0,2,CRITICAL,999.0,0.0,10,613.2
CASE9_0336_LINE_1_4,CASE9,336,8,"4,8,6,9,5,3,7,2",0,1,4,0,2,CRITICAL,999.0,0.0,10,681.8
CASE9_0336_LINE_4_5,CASE9,336,8,"4,8,6,9,5,3,7,2",1,4,5,0,2,CRITICAL,999.0,0.0,10,681.8
CASE9_0336_LINE_5_6,CASE9,336,8,"4,8,6,9,5,3,7,2",2,5,6,1,2,CRITICAL,227.6,0.742,4,681.8
CASE9_0336_LINE_3_6,CASE9,336,8,"4,8,6,9,5,3,7,2",3,3,6,0,2,CRITICAL,999.0,0.0,10,681.8
CASE9_0336_LINE_6_7,CASE9,336,8,"4,8,6,9,5,3,7,2",4,6,7,1,2,CRITICAL,201.5,0.846,4,681.8
CASE9_0336_LINE_7_8,CASE9,336,8,"4,8,6,9,5,3,7,2",5,7,8,0,2,CRITICAL,999.0,0.0,10,681.8
CASE9_0336_LINE_8_2,CASE9,336,8,"4,8,6,9,5,3,7,2",6,8,2,0,2,CRITICAL,999.0,0.0,10,681.8
CASE9_0336_LINE_8_9,CASE9,336,8,"4,8,6,9,5,3,7,2",7,8,9,0,2,CRITICAL,999.0,0.0,10,681.8
CASE9_0336_LINE_9_4,CASE9,336,8,"4,8,6,9,5,3,7,2",8,9,4,0,2,CRITICAL,999.0,0.0,10,681.8
CASE9_0337_LINE_1_4,CASE9,337,7,"6,5,2,8,9,3,4",0,1,4,0,2,CRITICAL,999.0,0.0,10,408.6
CASE9_0337_LINE_4_5,CASE9,337,7,"6,5,2,8,9,3,4",1,4,5,1,1,ALERT,68.6,0.941,0,408.6
CASE9_0337_LINE_5_6,CASE9,337,7,"6,5,2,8,9,3,4",2,5,6,1,0,SAFE,65.9,0.966,0,408.6
CASE9_0337_LINE_3_6,CASE9,337,7,"6,5,2,8,9,3,4",3,3,6,0,2,CRITICAL,999.0,0.0,10,408.6
CASE9_0337_LINE_6_7,CASE9,337,7,"6,5,2,8,9,3,4",4,6,7,1,1,ALERT,65.3,0.948,0,408.6
CASE9_0337_LINE_7_8,CASE9,337,7,"6,5,2,8,9,3,4",5,7,8,1,1,ALERT,74.5,0.91,0,408.6
CASE9_0337_LINE_8_2,CASE9,337,7,"6,5,2,8,9,3,4",6,8,2,0,2,CRITICAL,999.0,0.0,10,408.6
CASE9_0337_LINE_8_9,CASE9,337,7,"6,5,2,8,9,3,4",7,8,9,1,0,SAFE,65.9,0.963,0,408.6
CASE9_0337_LINE_9_4,CASE9,337,7,"6,5,2,8,9,3,4",8,9,4,1,1,ALERT,68.7,0.915,0,408.6
CASE9_0338_LINE_1_4,CASE9,338,4,"3,9,8,2",0,1,4,0,2,CRITICAL,999.0,0.0,10,589.8
CASE9_0338_LINE_4_5,CASE9,338,4,"3,9,8,2",1,4,5,0,2,CRITICAL,999.0,0.0,10,589.8
CASE9_0338_LINE_5_6,CASE9,338,4,"3,9,8,2",2,5,6,1,2,CRITICAL,163.7,0.838,4,589.8
CASE9_0338_LINE_3_6,CASE9,338,4,"3,9,8,2",3,3,6,0,2,CRITICAL,999.0,0.0,10,589.8
CASE9_0338_LINE_6_7,CASE9,338,4,"3,9,8,2",4,6,7,1,2,CRITICAL,153.3,0.861,2,589.8
CASE9_0338_LINE_7_8,CASE9,338,4,"3,9,8,2",5,7,8,1,2,CRITICAL,159.6,0.875,4,589.8
CASE9_0338_LINE_8_2,CASE9,338,4,"3,9,8,2",6,8,2,0,2,CRITICAL,999.0,0.0,10,589.8
CASE9_0338_LINE_8_9,CASE9,338,4,"3,9,8,2",7,8,9,1,2,CRITICAL,169.8,0.745,4,589.8
CASE9_0338_LINE_9_4,CASE9,338,4,"3,9,8,2",8,9,4,0,2,CRITICAL,999.0,0.0,10,589.8
CASE9_0339_LINE_1_4,CASE9,339,2,"9,3",0,1,4,0,2,CRITICAL,999.0,0.0,10,458.7
CASE9_0339_LINE_4_5,CASE9,339,2,"9,3",1,4,5,1,2,CRITICAL,98.1,0.888,2,458.7
CASE9_0339_LINE_5_6,CASE9,339,2,"9,3",2,5,6,1,2,CRITICAL,97.1,0.892,1,458.7
CASE9_0339_LINE_3_6,CASE9,339,2,"9,3",3,3,6,0,2,CRITICAL,999.0,0.0,10,458.7
CASE9_0339_LINE_6_7,CASE9,339,2,"9,3",4,6,7,1,1,ALERT,92.0,0.9,0,458.7
CASE9_0339_LINE_7_8,CASE9,339,2,"9,3",5,7,8,1,2,CRITICAL,101.9,0.879,2,458.7
CASE9_0339_LINE_8_2,CASE9,339,2,"9,3",6,8,2,0,2,CRITICAL,999.0,0.0,10,458.7
CASE9_0339_LINE_8_9,CASE9,339,2,"9,3",7,8,9,1,2,CRITICAL,113.3,0.772,2,458.7
CASE9_0339_LINE_9_4,CASE9,339,2,"9,3",8,9,4,0,2,CRITICAL,999.0,0.0,10,458.7
CASE9_0340_LINE_1_4,CASE9,340,4,"3,2,6,8",0,1,4,0,2,CRITICAL,999.0,0.0,10,527.1
CASE9_0340_LINE_4_5,CASE9,340,4,"3,2,6,8",1,4,5,1,2,CRITICAL,145.2,0.829,4,527.1
CASE9_0340_LINE_5_6,CASE9,340,4,"3,2,6,8",2,5,6,1,2,CRITICAL,122.9,0.908,1,527.1
CASE9_0340_LINE_3_6,CASE9,340,4,"3,2,6,8",3,3,6,0,2,CRITICAL,999.0,0.0,10,527.1
CASE9_0340_LINE_6_7,CASE9,340,4,"3,2,6,8",4,6,7,1,2,CRITICAL,122.4,0.894,2,527.1
CASE9_0340_LINE_7_8,CASE9,340,4,"3,2,6,8",5,7,8,1,2,CRITICAL,119.9,0.918,1,527.1
CASE9_0340_LINE_8_2,CASE9,340,4,"3,2,6,8",6,8,2,0,2,CRITICAL,999.0,0.0,10,527.1
CASE9_0340_LINE_8_9,CASE9,340,4,"3,2,6,8",7,8,9,1,2,CRITICAL,123.0,0.894,2,527.1
CASE9_0340_LINE_9_4,CASE9,340,4,"3,2,6,8",8,9,4,0,2,CRITICAL,999.0,0.0,10,527.1
CASE9_0331_LINE_1_4,CASE9,331,3,"3,2,5",0,1,4,0,2,CRITICAL,999.0,0.0,10,530.8
CASE9_0331_LINE_4_5,CASE9,331,3,"3,2,5",1,4,5,0,2,CRITICAL,999.0,0.0,10,530.8
CASE9_0331_LINE_5_6,CASE9,331,3,"3,2,5",2,5,6,1,2,CRITICAL,126.3,0.866,2,530.8
CASE9_0331_LINE_3_6,CASE9,331,3,"3,2,5",3,3,6,0,2,CRITICAL,999.0,0.0,10,530.8
CASE9_0331_LINE_6_7,CASE9,331,3,"3,2,5",4,6,7,1,2,CRITICAL,120.3,0.939,1,530.8
CASE9_0331_LINE_7_8,CASE9,331,3,"3,2,5",5,7,8,1,2,CRITICAL,131.1,0.885,4,530.8
CASE9_0331_LINE_8_2,CASE9,331,3,"3,2,5",6,8,2,0,2,CRITICAL,999.0,0.0,10,530.8
CASE9_0331_LINE_8_9,CASE9,331,3,"3,2,5",7,8,9,1,2,CRITICAL,125.5,0.886,2,530.8
CASE9_0331_LINE_9_4,CASE9,331,3,"3,2,5",8,9,4,0,2,CRITICAL,999.0,0.0,10,530.8
CASE9_0332_LINE_1_4,CASE9,332,7,"4,5,9,3,2,7,6",0,1,4,0,2,CRITICAL,999.0,0.0,10,546.1
CASE9_0332_LINE_4_5,CASE9,332,7,"4,5,9,3,2,7,6",1,4,5,1,2,CRITICAL,162.2,0.809,6,546.1
CASE9_0332_LINE_5_6,CASE9,332,7,"4,5,9,3,2,7,6",2,5,6,1,2,CRITICAL,131.8,0.907,1,546.1
CASE9_0332_LINE_3_6,CASE9,332,7,"4,5,9,3,2,7,6",3,3,6,0,2,CRITICAL,999.0,0.0,10,546.1
CASE9_0332_LINE_6_7,CASE9,332,7,"4,5,9,3,2,7,6",4,6,7,1,2,CRITICAL,126.7,0.947,1,546.1
CASE9_0332_LINE_7_8,CASE9,332,7,"4,5,9,3,2,7,6",5,7,8,1,2,CRITICAL,139.5,0.888,5,546.1
CASE9_0332_LINE_8_2,CASE9,332,7,"4,5,9,3,2,7,6",6,8,2,0,2,CRITICAL,999.0,0.0,10,546.1
CASE9_0332_LINE_8_9,CASE9,332,7,"4,5,9,3,2,7,6",7,8,9,1,2,CRITICAL,131.7,0.889,2,546.1
CASE9_0332_LINE_9_4,CASE9,332,7,"4,5,9,3,2,7,6",8,9,4,0,2,CRITICAL,999.0,0.0,10,546.1
CASE9_0333_LINE_1_4,CASE9,333,4,"4,3,2,7",0,1,4,0,2,CRITICAL,999.0,0.0,10,479.2
CASE9_0333_LINE_4_5,CASE9,333,4,"4,3,2,7",1,4,5,1,2,CRITICAL,106.3,0.884,2,479.2
CASE9_0333_LINE_5_6,CASE9,333,4,"4,3,2,7",2,5,6,1,1,ALERT,99.0,0.923,0,479.2
CASE9_0333_LINE_3_6,CASE9,333,4,"4,3,2,7",3,3,6,0,2,CRITICAL,999.0,0.0,10,479.2
CASE9_0333_LINE_6_7,CASE9,333,4,"4,3,2,7",4,6,7,1,1,ALERT,96.2,0.942,0,479.2
CASE9_0333_LINE_7_8,CASE9,333,4,"4,3,2,7",5,7,8,1,2,CRITICAL,105.1,0.907,1,479.2
CASE9_0333_LINE_8_2,CASE9,333,4,"4,3,2,7",6,8,2,0,2,CRITICAL,999.0,0.0,10,479.2
CASE9_0333_LINE_8_9,CASE9,333,4,"4,3,2,7",7,8,9,1,1,ALERT,99.7,0.903,0,479.2
CASE9_0333_LINE_9_4,CASE9,333,4,"4,3,2,7",8,9,4,1,2,CRITICAL,111.2,0.767,4,479.2
CASE9_0334_LINE_1_4,CASE9,334,7,"7,3,4,9,6,5,8",0,1,4,0,2,CRITICAL,999.0,0.0,10,581.2
CASE9_0334_LINE_4_5,CASE9,334,7,"7,3,4,9,6,5,8",1,4,5,0,2,CRITICAL,999.0,0.0,10,581.2
CASE9_0334_LINE_5_6,CASE9,334,7,"7,3,4,9,6,5,8",2,5,6,1,2,CRITICAL,150.1,0.889,2,581.2
CASE9_0334_LINE_3_6,CASE9,334,7,"7,3,4,9,6,5,8",3,3,6,0,2,CRITICAL,999.0,0.0,10,581.2
CASE9_0334_LINE_6_7,CASE9,334,7,"7,3,4,9,6,5,8",4,6,7,1,2,CRITICAL,150.1,0.905,1,581.2
CASE9_0334_LINE_7_8,CASE9,334,7,"7,3,4,9,6,5,8",5,7,8,0,2,CRITICAL,999.0,0.0,10,581.2
CASE9_0334_LINE_8_2,CASE9,334,7,"7,3,4,9,6,5,8",6,8,2,0,2,CRITICAL,999.0,0.0,10,581.2
CASE9_0334_LINE_8_9,CASE9,334,7,"7,3,4,9,6,5,8",7,8,9,1,2,CRITICAL,149.3,0.877,2,581.2
CASE9_0334_LINE_9_4,CASE9,334,7,"7,3,4,9,6,5,8",8,9,4,0,2,CRITICAL,999.0,0.0,10,581.2
CASE9_0335_LINE_1_4,CASE9,335,1,9,0,1,4,0,2,CRITICAL,999.0,0.0,10,310.7
CASE9_0335_LINE_4_5,CASE9,335,1,9,1,4,5,1,1,ALERT,65.2,0.908,0,310.7
CASE9_0335_LINE_5_6,CASE9,335,1,9,2,5,6,1,1,ALERT,65.4,0.92,0,310.7
CASE9_0335_LINE_3_6,CASE9,335,1,9,3,3,6,0,2,CRITICAL,999.0,0.0,10,310.7
CASE9_0335_LINE_6_7,CASE9,335,1,9,4,6,7,1,1,ALERT,65.8,0.947,0,310.7
CASE9_0335_LINE_7_8,CASE9,335,1,9,5,7,8,1,1,ALERT,70.2,0.935,0,310.7
CASE9_0335_LINE_8_2,CASE9,335,1,9,6,8,2,0,2,CRITICAL,999.0,0.0,10,310.7
CASE9_0335_LINE_8_9,CASE9,335,1,9,7,8,9,1,2,CRITICAL,91.1,0.895,1,310.7
CASE9_0335_LINE_9_4,CASE9,335,1,9,8,9,4,1,2,CRITICAL,68.5,0.81,1,310.7
CASE9_0351_LINE_1_4,CASE9,351,5,"3,6,9,7,5",0,1,4,0,2,CRITICAL,999.0,0.0,10,588.8
CASE9_0351_LINE_4_5,CASE9,351,5,"3,6,9,7,5",1,4,5,0,2,CRITICAL,999.0,0.0,10,588.8
CASE9_0351_LINE_5_6,CASE9,351,5,"3,6,9,7,5",2,5,6,1,2,CRITICAL,165.2,0.817,4,588.8
CASE9_0351_LINE_3_6,CASE9,351,5,"3,6,9,7,5",3,3,6,0,2,CRITICAL,999.0,0.0,10,588.8
CASE9_0351_LINE_6_7,CASE9,351,5,"3,6,9,7,5",4,6,7,1,2,CRITICAL,155.4,0.872,3,588.8
CASE9_0351_LINE_7_8,CASE9,351,5,"3,6,9,7,5",5,7,8,0,2,CRITICAL,999.0,0.0,10,588.8
CASE9_0351_LINE_8_2,CASE9,351,5,"3,6,9,7,5",6,8,2,0,2,CRITICAL,999.0,0.0,10,588.8
CASE9_0351_LINE_8_9,CASE9,351,5,"3,6,9,7,5",7,8,9,1,2,CRITICAL,164.0,0.854,4,588.8
CASE9_0351_LINE_9_4,CASE9,351,5,"3,6,9,7,5",8,9,4,0,2,CRITICAL,999.0,0.0,10,588.8
CASE9_0352_LINE_1_4,CASE9,352,4,"7,5,9,6",0,1,4,0,2,CRITICAL,999.0,0.0,10,424.5
CASE9_0352_LINE_4_5,CASE9,352,4,"7,5,9,6",1,4,5,1,2,CRITICAL,83.2,0.877,2,424.5
CASE9_0352_LINE_5_6,CASE9,352,4,"7,5,9,6",2,5,6,1,2,CRITICAL,90.6,0.863,2,424.5
CASE9_0352_LINE_3_6,CASE9,352,4,"7,5,9,6",3,3,6,0,2,CRITICAL,999.0,0.0,10,424.5
CASE9_0352_LINE_6_7,CASE9,352,4,"7,5,9,6",4,6,7,1,2,CRITICAL,81.0,0.886,1,424.5
CASE9_0352_LINE_7_8,CASE9,352,4,"7,5,9,6",5,7,8,1,2,CRITICAL,85.0,0.873,1,424.5
CASE9_0352_LINE_8_2,CASE9,352,4,"7,5,9,6",6,8,2,0,2,CRITICAL,999.0,0.0,10,424.5
CASE9_0352_LINE_8_9,CASE9,352,4,"7,5,9,6",7,8,9,1,2,CRITICAL,129.5,0.677,4,424.5
CASE9_0352_LINE_9_4,CASE9,352,4,"7,5,9,6",8,9,4,0,2,CRITICAL,999.0,0.0,10,424.5
CASE9_0353_LINE_1_4,CASE9,353,1,3,0,1,4,0,2,CRITICAL,999.0,0.0,10,345.4
CASE9_0353_LINE_4_5,CASE9,353,1,3,1,4,5,1,1,ALERT,65.3,0.904,0,345.4
CASE9_0353_LINE_5_6,CASE9,353,1,3,2,5,6,1,1,ALERT,65.3,0.925,0,345.4
CASE9_0353_LINE_3_6,CASE9,353,1,3,3,3,6,0,2,CRITICAL,999.0,0.0,10,345.4
CASE9_0353_LINE_6_7,CASE9,353,1,3,4,6,7,1,1,ALERT,65.8,0.947,0,345.4
CASE9_0353_LINE_7_8,CASE9,353,1,3,5,7,8,1,1,ALERT,70.2,0.93,0,345.4
CASE9_0353_LINE_8_2,CASE9,353,1,3,6,8,2,0,2,CRITICAL,999.0,0.0,10,345.4
CASE9_0353_LINE_8_9,CASE9,353,1,3,7,8,9,1,2,CRITICAL,73.1,0.898,1,345.4
CASE9_0353_LINE_9_4,CASE9,353,1,3,8,9,4,1,2,CRITICAL,69.4,0.793,1,345.4
CASE9_0354_LINE_1_4,CASE9,354,8,"5,6,7,2,3,4,9,8",0,1,4,0,2,CRITICAL,999.0,0.0,10,695.2
CASE9_0354_LINE_4_5,CASE9,354,8,"5,6,7,2,3,4,9,8",1,4,5,0,2,CRITICAL,999.0,0.0,10,695.2
CASE9_0354_LINE_5_6,CASE9,354,8,"5,6,7,2,3,4,9,8",2,5,6,0,2,CRITICAL,999.0,0.0,10,695.2
CASE9_0354_LINE_3_6,CASE9,354,8,"5,6,7,2,3,4,9,8",3,3,6,0,2,CRITICAL,999.0,0.0,10,695.2
CASE9_0354_LINE_6_7,CASE9,354,8,"5,6,7,2,3,4,9,8",4,6,7,1,2,CRITICAL,219.6,0.788,6,695.2
CASE9_0354_LINE_7_8,CASE9,354,8,"5,6,7,2,3,4,9,8",5,7,8,1,2,CRITICAL,209.4,0.868,4,695.2
CASE9_0354_LINE_8_2,CASE9,354,8,"5,6,7,2,3,4,9,8",6,8,2,0,2,CRITICAL,999.0,0.0,10,695.2
CASE9_0354_LINE_8_9,CASE9,354,8,"5,6,7,2,3,4,9,8",7,8,9,1,2,CRITICAL,231.5,0.737,4,695.2
CASE9_0354_LINE_9_4,CASE9,354,8,"5,6,7,2,3,4,9,8",8,9,4,0,2,CRITICAL,999.0,0.0,10,695.2
CASE9_0355_LINE_1_4,CASE9,355,8,"8,7,5,3,9,4,6,2",0,1,4,0,2,CRITICAL,999.0,0.0,10,517.4
CASE9_0355_LINE_4_5,CASE9,355,8,"8,7,5,3,9,4,6,2",1,4,5,1,2,CRITICAL,127.8,0.889,3,517.4
CASE9_0355_LINE_5_6,CASE9,355,8,"8,7,5,3,9,4,6,2",2,5,6,1,2,CRITICAL,117.3,0.933,1,517.4
CASE9_0355_LINE_3_6,CASE9,355,8,"8,7,5,3,9,4,6,2",3,3,6,0,2,CRITICAL,999.0,0.0,10,517.4
CASE9_0355_LINE_6_7,CASE9,355,8,"8,7,5,3,9,4,6,2",4,6,7,1,2,CRITICAL,119.6,0.842,2,517.4
CASE9_0355_LINE_7_8,CASE9,355,8,"8,7,5,3,9,4,6,2",5,7,8,1,2,CRITICAL,125.2,0.808,4,517.4
CASE9_0355_LINE_8_2,CASE9,355,8,"8,7,5,3,9,4,6,2",6,8,2,0,2,CRITICAL,999.0,0.0,10,517.4
CASE9_0355_LINE_8_9,CASE9,355,8,"8,7,5,3,9,4,6,2",7,8,9,1,2,CRITICAL,117.1,0.928,1,517.4
CASE9_0355_LINE_9_4,CASE9,355,8,"8,7,5,3,9,4,6,2",8,9,4,0,2,CRITICAL,999.0,0.0,10,517.4
CASE9_0341_LINE_1_4,CASE9,341,7,"8,5,3,4,6,2,9",0,1,4,0,2,CRITICAL,999.0,0.0,10,595.1
CASE9_0341_LINE_4_5,CASE9,341,7,"8,5,3,4,6,2,9",1,4,5,0,2,CRITICAL,999.0,0.0,10,595.1
CASE9_0341_LINE_5_6,CASE9,341,7,"8,5,3,4,6,2,9",2,5,6,1,2,CRITICAL,160.3,0.898,2,595.1
CASE9_0341_LINE_3_6,CASE9,341,7,"8,5,3,4,6,2,9",3,3,6,0,2,CRITICAL,999.0,0.0,10,595.1
CASE9_0341_LINE_6_7,CASE9,341,7,"8,5,3,4,6,2,9",4,6,7,1,2,CRITICAL,149.6,0.922,1,595.1
CASE9_0341_LINE_7_8,CASE9,341,7,"8,5,3,4,6,2,9",5,7,8,0,2,CRITICAL,999.0,0.0,10,595.1
CASE9_0341_LINE_8_2,CASE9,341,7,"8,5,3,4,6,2,9",6,8,2,0,2,CRITICAL,999.0,0.0,10,595.1
CASE9_0341_LINE_8_9,CASE9,341,7,"8,5,3,4,6,2,9",7,8,9,1,2,CRITICAL,159.9,0.899,3,595.1
CASE9_0341_LINE_9_4,CASE9,341,7,"8,5,3,4,6,2,9",8,9,4,0,2,CRITICAL,999.0,0.0,10,595.1
CASE9_0342_LINE_1_4,CASE9,342,5,"2,8,3,9,6",0,1,4,0,2,CRITICAL,999.0,0.0,10,689.7
CASE9_0342_LINE_4_5,CASE9,342,5,"2,8,3,9,6",1,4,5,0,2,CRITICAL,999.0,0.0,10,689.7
CASE9_0342_LINE_5_6,CASE9,342,5,"2,8,3,9,6",2,5,6,0,2,CRITICAL,999.0,0.0,10,689.7
CASE9_0342_LINE_3_6,CASE9,342,5,"2,8,3,9,6",3,3,6,0,2,CRITICAL,999.0,0.0,10,689.7
CASE9_0342_LINE_6_7,CASE9,342,5,"2,8,3,9,6",4,6,7,1,2,CRITICAL,219.7,0.778,6,689.7
CASE9_0342_LINE_7_8,CASE9,342,5,"2,8,3,9,6",5,7,8,0,2,CRITICAL,999.0,0.0,10,689.7
CASE9_0342_LINE_8_2,CASE9,342,5,"2,8,3,9,6",6,8,2,0,2,CRITICAL,999.0,0.0,10,689.7
CASE9_0342_LINE_8_9,CASE9,342,5,"2,8,3,9,6",7,8,9,0,2,CRITICAL,999.0,0.0,10,689.7
CASE9_0342_LINE_9_4,CASE9,342,5,"2,8,3,9,6",8,9,4,0,2,CRITICAL,999.0,0.0,10,689.7
CASE9_0343_LINE_1_4,CASE9,343,6,"4,8,9,6,2,7",0,1,4,0,2,CRITICAL,999.0,0.0,10,586.3
CASE9_0343_LINE_4_5,CASE9,343,6,"4,8,9,6,2,7",1,4,5,1,2,CRITICAL,179.5,0.786,5,586.3
CASE9_0343_LINE_5_6,CASE9,343,6,"4,8,9,6,2,7",2,5,6,1,2,CRITICAL,154.1,0.879,3,586.3
CASE9_0343_LINE_3_6,CASE9,343,6,"4,8,9,6,2,7",3,3,6,0,2,CRITICAL,999.0,0.0,10,586.3
CASE9_0343_LINE_6_7,CASE9,343,6,"4,8,9,6,2,7",4,6,7,1,2,CRITICAL,147.8,0.893,2,586.3
CASE9_0343_LINE_7_8,CASE9,343,6,"4,8,9,6,2,7",5,7,8,1,2,CRITICAL,149.8,0.902,1,586.3
CASE9_0343_LINE_8_2,CASE9,343,6,"4,8,9,6,2,7",6,8,2,0,2,CRITICAL,999.0,0.0,10,586.3
CASE9_0343_LINE_8_9,CASE9,343,6,"4,8,9,6,2,7",7,8,9,1,2,CRITICAL,158.8,0.801,2,586.3
CASE9_0343_LINE_9_4,CASE9,343,6,"4,8,9,6,2,7",8,9,4,0,2,CRITICAL,999.0,0.0,10,586.3
CASE9_0344_LINE_1_4,CASE9,344,2,"2,8",0,1,4,0,2,CRITICAL,999.0,0.0,10,403.4
CASE9_0344_LINE_4_5,CASE9,344,2,"2,8",1,4,5,1,1,ALERT,67.3,0.903,0,403.4
CASE9_0344_LINE_5_6,CASE9,344,2,"2,8",2,5,6,1,1,ALERT,67.9,0.928,0,403.4
CASE9_0344_LINE_3_6,CASE9,344,2,"2,8",3,3,6,0,2,CRITICAL,999.0,0.0,10,403.4
CASE9_0344_LINE_6_7,CASE9,344,2,"2,8",4,6,7,1,1,ALERT,67.2,0.932,0,403.4
CASE9_0344_LINE_7_8,CASE9,344,2,"2,8",5,7,8,1,1,ALERT,70.1,0.938,0,403.4
CASE9_0344_LINE_8_2,CASE9,344,2,"2,8",6,8,2,0,2,CRITICAL,999.0,0.0,10,403.4
CASE9_0344_LINE_8_9,CASE9,344,2,"2,8",7,8,9,1,1,ALERT,68.8,0.907,0,403.4
CASE9_0344_LINE_9_4,CASE9,344,2,"2,8",8,9,4,1,2,CRITICAL,111.0,0.757,2,403.4
CASE9_0345_LINE_1_4,CASE9,345,8,"4,6,7,5,8,2,3,9",0,1,4,0,2,CRITICAL,999.0,0.0,10,693.5
CASE9_0345_LINE_4_5,CASE9,345,8,"4,6,7,5,8,2,3,9",1,4,5,0,2,CRITICAL,999.0,0.0,10,693.5
CASE9_0345_LINE_5_6,CASE9,345,8,"4,6,7,5,8,2,3,9",2,5,6,1,2,CRITICAL,237.6,0.741,5,693.5
CASE9_0345_LINE_3_6,CASE9,345,8,"4,6,7,5,8,2,3,9",3,3,6,0,2,CRITICAL,999.0,0.0,10,693.5
CASE9_0345_LINE_6_7,CASE9,345,8,"4,6,7,5,8,2,3,9",4,6,7,1,2,CRITICAL,225.4,0.776,7,693.5
CASE9_0345_LINE_7_8,CASE9,345,8,"4,6,7,5,8,2,3,9",5,7,8,1,2,CRITICAL,216.3,0.829,6,693.5
CASE9_0345_LINE_8_2,CASE9,345,8,"4,6,7,5,8,2,3,9",6,8,2,0,2,CRITICAL,999.0,0.0,10,693.5
CASE9_0345_LINE_8_9,CASE9,345,8,"4,6,7,5,8,2,3,9",7,8,9,1,2,CRITICAL,244.1,0.711,5,693.5
CASE9_0345_LINE_9_4,CASE9,345,8,"4,6,7,5,8,2,3,9",8,9,4,0,2,CRITICAL,999.0,0.0,10,693.5
CASE9_0346_LINE_1_4,CASE9,346,8,"7,6,3,8,4,9,5,2",0,1,4,0,2,CRITICAL,999.0,0.0,10,687.3
CASE9_0346_LINE_4_5,CASE9,346,8,"7,6,3,8,4,9,5,2",1,4,5,0,2,CRITICAL,999.0,0.0,10,687.3
CASE9_0346_LINE_5_6,CASE9,346,8,"7,6,3,8,4,9,5,2",2,5,6,1,2,CRITICAL,238.8,0.748,7,687.3
CASE9_0346_LINE_3_6,CASE9,346,8,"7,6,3,8,4,9,5,2",3,3,6,0,2,CRITICAL,999.0,0.0,10,687.3
CASE9_0346_LINE_6_7,CASE9,346,8,"7,6,3,8,4,9,5,2",4,6,7,1,2,CRITICAL,216.6,0.759,7,687.3
CASE9_0346_LINE_7_8,CASE9,346,8,"7,6,3,8,4,9,5,2",5,7,8,0,2,CRITICAL,999.0,0.0,10,687.3
CASE9_0346_LINE_8_2,CASE9,346,8,"7,6,3,8,4,9,5,2",6,8,2,0,2,CRITICAL,999.0,0.0,10,687.3
CASE9_0346_LINE_8_9,CASE9,346,8,"7,6,3,8,4,9,5,2",7,8,9,0,2,CRITICAL,999.0,0.0,10,687.3
CASE9_0346_LINE_9_4,CASE9,346,8,"7,6,3,8,4,9,5,2",8,9,4,0,2,CRITICAL,999.0,0.0,10,687.3
CASE9_0347_LINE_1_4,CASE9,347,7,"6,3,2,4,8,5,7",0,1,4,0,2,CRITICAL,999.0,0.0,10,580.9
CASE9_0347_LINE_4_5,CASE9,347,7,"6,3,2,4,8,5,7",1,4,5,0,2,CRITICAL,999.0,0.0,10,580.9
CASE9_0347_LINE_5_6,CASE9,347,7,"6,3,2,4,8,5,7",2,5,6,1,2,CRITICAL,152.8,0.886,3,580.9
CASE9_0347_LINE_3_6,CASE9,347,7,"6,3,2,4,8,5,7",3,3,6,0,2,CRITICAL,999.0,0.0,10,580.9
CASE9_0347_LINE_6_7,CASE9,347,7,"6,3,2,4,8,5,7",4,6,7,1,2,CRITICAL,141.8,0.934,1,580.9
CASE9_0347_LINE_7_8,CASE9,347,7,"6,3,2,4,8,5,7",5,7,8,1,2,CRITICAL,146.0,0.937,1,580.9
CASE9_0347_LINE_8_2,CASE9,347,7,"6,3,2,4,8,5,7",6,8,2,0,2,CRITICAL,999.0,0.0,10,580.9
CASE9_0347_LINE_8_9,CASE9,347,7,"6,3,2,4,8,5,7",7,8,9,1,2,CRITICAL,149.9,0.881,2,580.9
CASE9_0347_LINE_9_4,CASE9,347,7,"6,3,2,4,8,5,7",8,9,4,0,2,CRITICAL,999.0,0.0,10,580.9
CASE9_0348_LINE_1_4,CASE9,348,6,"5,6,9,3,2,8",0,1,4,0,2,CRITICAL,999.0,0.0,10,641.0
CASE9_0348_LINE_4_5,CASE9,348,6,"5,6,9,3,2,8",1,4,5,0,2,CRITICAL,999.0,0.0,10,641.0
CASE9_0348_LINE_5_6,CASE9,348,6,"5,6,9,3,2,8",2,5,6,0,2,CRITICAL,999.0,0.0,10,641.0
CASE9_0348_LINE_3_6,CASE9,348,6,"5,6,9,3,2,8",3,3,6,0,2,CRITICAL,999.0,0.0,10,641.0
CASE9_0348_LINE_6_7,CASE9,348,6,"5,6,9,3,2,8",4,6,7,1,2,CRITICAL,178.7,0.903,1,641.0
CASE9_0348_LINE_7_8,CASE9,348,6,"5,6,9,3,2,8",5,7,8,0,2,CRITICAL,999.0,0.0,10,641.0
CASE9_0348_LINE_8_2,CASE9,348,6,"5,6,9,3,2,8",6,8,2,0,2,CRITICAL,999.0,0.0,10,641.0
CASE9_0348_LINE_8_9,CASE9,348,6,"5,6,9,3,2,8",7,8,9,0,2,CRITICAL,999.0,0.0,10,641.0
CASE9_0348_LINE_9_4,CASE9,348,6,"5,6,9,3,2,8",8,9,4,0,2,CRITICAL,999.0,0.0,10,641.0
CASE9_0349_LINE_1_4,CASE9,349,3,"5,2,7",0,1,4,0,2,CRITICAL,999.0,0.0,10,245.8
CASE9_0349_LINE_4_5,CASE9,349,3,"5,2,7",1,4,5,1,0,SAFE,58.9,0.951,0,245.8
CASE9_0349_LINE_5_6,CASE9,349,3,"5,2,7",2,5,6,1,1,ALERT,71.2,0.924,0,245.8
CASE9_0349_LINE_3_6,CASE9,349,3,"5,2,7",3,3,6,0,2,CRITICAL,999.0,0.0,10,245.8
CASE9_0349_LINE_6_7,CASE9,349,3,"5,2,7",4,6,7,1,0,SAFE,58.9,0.956,0,245.8
CASE9_0349_LINE_7_8,CASE9,349,3,"5,2,7",5,7,8,1,1,ALERT,58.9,0.946,0,245.8
CASE9_0349_LINE_8_2,CASE9,349,3,"5,2,7",6,8,2,0,2,CRITICAL,999.0,0.0,10,245.8
CASE9_0349_LINE_8_9,CASE9,349,3,"5,2,7",7,8,9,1,2,CRITICAL,109.2,0.883,2,245.8
CASE9_0349_LINE_9_4,CASE9,349,3,"5,2,7",8,9,4,1,2,CRITICAL,61.3,0.811,1,245.8
CASE9_0350_LINE_1_4,CASE9,350,8,"3,6,4,5,2,7,8,9",0,1,4,0,2,CRITICAL,999.0,0.0,10,735.7
CASE9_0350_LINE_4_5,CASE9,350,8,"3,6,4,5,2,7,8,9",1,4,5,0,2,CRITICAL,999.0,0.0,10,735.7
CASE9_0350_LINE_5_6,CASE9,350,8,"3,6,4,5,2,7,8,9",2,5,6,0,2,CRITICAL,999.0,0.0,10,735.7
CASE9_0350_LINE_3_6,CASE9,350,8,"3,6,4,5,2,7,8,9",3,3,6,0,2,CRITICAL,999.0,0.0,10,735.7
CASE9_0350_LINE_6_7,CASE9,350,8,"3,6,4,5,2,7,8,9",4,6,7,0,2,CRITICAL,999.0,0.0,10,735.7
CASE9_0350_LINE_7_8,CASE9,350,8,"3,6,4,5,2,7,8,9",5,7,8,0,2,CRITICAL,999.0,0.0,10,735.7
CASE9_0350_LINE_8_2,CASE9,350,8,"3,6,4,5,2,7,8,9",6,8,2,0,2,CRITICAL,999.0,0.0,10,735.7
CASE9_0350_LINE_8_9,CASE9,350,8,"3,6,4,5,2,7,8,9",7,8,9,0,2,CRITICAL,999.0,0.0,10,735.7
CASE9_0350_LINE_9_4,CASE9,350,8,"3,6,4,5,2,7,8,9",8,9,4,0,2,CRITICAL,999.0,0.0,10,735.7
CASE9_0361_LINE_1_4,CASE9,361,2,"2,6",0,1,4,0,2,CRITICAL,999.0,0.0,10,448.0
CASE9_0361_LINE_4_5,CASE9,361,2,"2,6",1,4,5,1,2,CRITICAL,91.5,0.863,1,448.0
CASE9_0361_LINE_5_6,CASE9,361,2,"2,6",2,5,6,1,1,ALERT,85.5,0.928,0,448.0
CASE9_0361_LINE_3_6,CASE9,361,2,"2,6",3,3,6,0,2,CRITICAL,999.0,0.0,10,448.0
CASE9_0361_LINE_6_7,CASE9,361,2,"2,6",4,6,7,1,1,ALERT,83.3,0.946,0,448.0
CASE9_0361_LINE_7_8,CASE9,361,2,"2,6",5,7,8,1,2,CRITICAL,95.0,0.887,1,448.0
CASE9_0361_LINE_8_2,CASE9,361,2,"2,6",6,8,2,0,2,CRITICAL,999.0,0.0,10,448.0
CASE9_0361_LINE_8_9,CASE9,361,2,"2,6",7,8,9,1,1,ALERT,86.9,0.905,0,448.0
CASE9_0361_LINE_9_4,CASE9,361,2,"2,6",8,9,4,1,2,CRITICAL,94.4,0.77,1,448.0
CASE9_0362_LINE_1_4,CASE9,362,8,"9,4,5,3,6,7,8,2",0,1,4,0,2,CRITICAL,999.0,0.0,10,700.9
CASE9_0362_LINE_4_5,CASE9,362,8,"9,4,5,3,6,7,8,2",1,4,5,0,2,CRITICAL,999.0,0.0,10,700.9
CASE9_0362_LINE_5_6,CASE9,362,8,"9,4,5,3,6,7,8,2",2,5,6,0,2,CRITICAL,999.0,0.0,10,700.9
CASE9_0362_LINE_3_6,CASE9,362,8,"9,4,5,3,6,7,8,2",3,3,6,0,2,CRITICAL,999.0,0.0,10,700.9
CASE9_0362_LINE_6_7,CASE9,362,8,"9,4,5,3,6,7,8,2",4,6,7,1,2,CRITICAL,219.9,0.819,5,700.9
CASE9_0362_LINE_7_8,CASE9,362,8,"9,4,5,3,6,7,8,2",5,7,8,0,2,CRITICAL,999.0,0.0,10,700.9
CASE9_0362_LINE_8_2,CASE9,362,8,"9,4,5,3,6,7,8,2",6,8,2,0,2,CRITICAL,999.0,0.0,10,700.9
CASE9_0362_LINE_8_9,CASE9,362,8,"9,4,5,3,6,7,8,2",7,8,9,0,2,CRITICAL,999.0,0.0,10,700.9
CASE9_0362_LINE_9_4,CASE9,362,8,"9,4,5,3,6,7,8,2",8,9,4,0,2,CRITICAL,999.0,0.0,10,700.9
CASE9_0363_LINE_1_4,CASE9,363,7,"4,3,7,9,8,5,2",0,1,4,0,2,CRITICAL,999.0,0.0,10,596.0
CASE9_0363_LINE_4_5,CASE9,363,7,"4,3,7,9,8,5,2",1,4,5,1,2,CRITICAL,169.7,0.834,3,596.0
CASE9_0363_LINE_5_6,CASE9,363,7,"4,3,7,9,8,5,2",2,5,6,1,2,CRITICAL,156.3,0.887,3,596.0
CASE9_0363_LINE_3_6,CASE9,363,7,"4,3,7,9,8,5,2",3,3,6,0,2,CRITICAL,999.0,0.0,10,596.0
CASE9_0363_LINE_6_7,CASE9,363,7,"4,3,7,9,8,5,2",4,6,7,1,2,CRITICAL,163.0,0.845,4,596.0
CASE9_0363_LINE_7_8,CASE9,363,7,"4,3,7,9,8,5,2",5,7,8,1,2,CRITICAL,149.9,0.91,1,596.0
CASE9_0363_LINE_8_2,CASE9,363,7,"4,3,7,9,8,5,2",6,8,2,0,2,CRITICAL,999.0,0.0,10,596.0
CASE9_0363_LINE_8_9,CASE9,363,7,"4,3,7,9,8,5,2",7,8,9,1,2,CRITICAL,158.3,0.832,2,596.0
CASE9_0363_LINE_9_4,CASE9,363,7,"4,3,7,9,8,5,2",8,9,4,0,2,CRITICAL,999.0,0.0,10,596.0
CASE9_0364_LINE_1_4,CASE9,364,1,6,0,1,4,0,2,CRITICAL,999.0,0.0,10,371.7
CASE9_0364_LINE_4_5,CASE9,364,1,6,1,4,5,1,2,CRITICAL,66.7,0.883,1,371.7
CASE9_0364_LINE_5_6,CASE9,364,1,6,2,5,6,1,1,ALERT,65.3,0.928,0,371.7
CASE9_0364_LINE_3_6,CASE9,364,1,6,3,3,6,0,2,CRITICAL,999.0,0.0,10,371.7
CASE9_0364_LINE_6_7,CASE9,364,1,6,4,6,7,1,1,ALERT,65.8,0.947,0,371.7
CASE9_0364_LINE_7_8,CASE9,364,1,6,5,7,8,1,1,ALERT,70.6,0.908,0,371.7
CASE9_0364_LINE_8_2,CASE9,364,1,6,6,8,2,0,2,CRITICAL,999.0,0.0,10,371.7
CASE9_0364_LINE_8_9,CASE9,364,1,6,7,8,9,1,1,ALERT,65.3,0.9,0,371.7
CASE9_0364_LINE_9_4,CASE9,364,1,6,8,9,4,1,2,CRITICAL,70.4,0.786,1,371.7
CASE9_0365_LINE_1_4,CASE9,365,3,"9,6,2",0,1,4,0,2,CRITICAL,999.0,0.0,10,544.7
CASE9_0365_LINE_4_5,CASE9,365,3,"9,6,2",1,4,5,1,2,CRITICAL,153.3,0.8,4,544.7
CASE9_0365_LINE_5_6,CASE9,365,3,"9,6,2",2,5,6,1,2,CRITICAL,138.4,0.857,3,544.7
CASE9_0365_LINE_3_6,CASE9,365,3,"9,6,2",3,3,6,0,2,CRITICAL,999.0,0.0,10,544.7
CASE9_0365_LINE_6_7,CASE9,365,3,"9,6,2",4,6,7,1,2,CRITICAL,139.6,0.837,3,544.7
CASE9_0365_LINE_7_8,CASE9,365,3,"9,6,2",5,7,8,1,2,CRITICAL,132.2,0.881,2,544.7
CASE9_0365_LINE_8_2,CASE9,365,3,"9,6,2",6,8,2,0,2,CRITICAL,999.0,0.0,10,544.7
CASE9_0365_LINE_8_9,CASE9,365,3,"9,6,2",7,8,9,1,2,CRITICAL,162.6,0.678,5,544.7
CASE9_0365_LINE_9_4,CASE9,365,3,"9,6,2",8,9,4,0,2,CRITICAL,999.0,0.0,10,544.7
CASE9_0356_LINE_1_4,CASE9,356,7,"4,8,2,3,9,5,6",0,1,4,0,2,CRITICAL,999.0,0.0,10,748.9
CASE9_0356_LINE_4_5,CASE9,356,7,"4,8,2,3,9,5,6",1,4,5,0,2,CRITICAL,999.0,0.0,10,748.9
CASE9_0356_LINE_5_6,CASE9,356,7,"4,8,2,3,9,5,6",2,5,6,0,2,CRITICAL,999.0,0.0,10,748.9
CASE9_0356_LINE_3_6,CASE9,356,7,"4,8,2,3,9,5,6",3,3,6,0,2,CRITICAL,999.0,0.0,10,748.9
CASE9_0356_LINE_6_7,CASE9,356,7,"4,8,2,3,9,5,6",4,6,7,1,2,CRITICAL,277.8,0.699,7,748.9
CASE9_0356_LINE_7_8,CASE9,356,7,"4,8,2,3,9,5,6",5,7,8,0,2,CRITICAL,999.0,0.0,10,748.9
CASE9_0356_LINE_8_2,CASE9,356,7,"4,8,2,3,9,5,6",6,8,2,0,2,CRITICAL,999.0,0.0,10,748.9
CASE9_0356_LINE_8_9,CASE9,356,7,"4,8,2,3,9,5,6",7,8,9,0,2,CRITICAL,999.0,0.0,10,748.9
CASE9_0356_LINE_9_4,CASE9,356,7,"4,8,2,3,9,5,6",8,9,4,0,2,CRITICAL,999.0,0.0,10,748.9
CASE9_0357_LINE_1_4,CASE9,357,2,"2,7",0,1,4,0,2,CRITICAL,999.0,0.0,10,489.9
CASE9_0357_LINE_4_5,CASE9,357,2,"2,7",1,4,5,1,2,CRITICAL,115.7,0.871,5,489.9
CASE9_0357_LINE_5_6,CASE9,357,2,"2,7",2,5,6,1,2,CRITICAL,105.2,0.919,1,489.9
CASE9_0357_LINE_3_6,CASE9,357,2,"2,7",3,3,6,0,2,CRITICAL,999.0,0.0,10,489.9
CASE9_0357_LINE_6_7,CASE9,357,2,"2,7",4,6,7,1,2,CRITICAL,116.2,0.796,5,489.9
CASE9_0357_LINE_7_8,CASE9,357,2,"2,7",5,7,8,1,2,CRITICAL,170.8,0.705,5,489.9
CASE9_0357_LINE_8_2,CASE9,357,2,"2,7",6,8,2,0,2,CRITICAL,999.0,0.0,10,489.9
CASE9_0357_LINE_8_9,CASE9,357,2,"2,7",7,8,9,1,2,CRITICAL,105.6,0.901,1,489.9
CASE9_0357_LINE_9_4,CASE9,357,2,"2,7",8,9,4,0,2,CRITICAL,999.0,0.0,10,489.9
CASE9_0358_LINE_1_4,CASE9,358,5,"9,2,7,8,5",0,1,4,0,2,CRITICAL,999.0,0.0,10,467.0
CASE9_0358_LINE_4_5,CASE9,358,5,"9,2,7,8,5",1,4,5,1,2,CRITICAL,99.8,0.886,1,467.0
CASE9_0358_LINE_5_6,CASE9,358,5,"9,2,7,8,5",2,5,6,1,2,CRITICAL,99.9,0.887,1,467.0
CASE9_0358_LINE_3_6,CASE9,358,5,"9,2,7,8,5",3,3,6,0,2,CRITICAL,999.0,0.0,10,467.0
CASE9_0358_LINE_6_7,CASE9,358,5,"9,2,7,8,5",4,6,7,1,2,CRITICAL,100.7,0.877,2,467.0
CASE9_0358_LINE_7_8,CASE9,358,5,"9,2,7,8,5",5,7,8,1,2,CRITICAL,95.3,0.898,1,467.0
CASE9_0358_LINE_8_2,CASE9,358,5,"9,2,7,8,5",6,8,2,0,2,CRITICAL,999.0,0.0,10,467.0
CASE9_0358_LINE_8_9,CASE9,358,5,"9,2,7,8,5",7,8,9,1,2,CRITICAL,118.4,0.748,2,467.0
CASE9_0358_LINE_9_4,CASE9,358,5,"9,2,7,8,5",8,9,4,0,2,CRITICAL,999.0,0.0,10,467.0
CASE9_0359_LINE_1_4,CASE9,359,4,"2,3,6,8",0,1,4,0,2,CRITICAL,999.0,0.0,10,506.8
CASE9_0359_LINE_4_5,CASE9,359,4,"2,3,6,8",1,4,5,1,2,CRITICAL,127.1,0.862,4,506.8
CASE9_0359_LINE_5_6,CASE9,359,4,"2,3,6,8",2,5,6,1,2,CRITICAL,112.0,0.918,1,506.8
CASE9_0359_LINE_3_6,CASE9,359,4,"2,3,6,8",3,3,6,0,2,CRITICAL,999.0,0.0,10,506.8
CASE9_0359_LINE_6_7,CASE9,359,4,"2,3,6,8",4,6,7,1,2,CRITICAL,109.0,0.933,1,506.8
CASE9_0359_LINE_7_8,CASE9,359,4,"2,3,6,8",5,7,8,1,2,CRITICAL,114.5,0.9,2,506.8
CASE9_0359_LINE_8_2,CASE9,359,4,"2,3,6,8",6,8,2,0,2,CRITICAL,999.0,0.0,10,506.8
CASE9_0359_LINE_8_9,CASE9,359,4,"2,3,6,8",7,8,9,1,2,CRITICAL,112.4,0.899,2,506.8
CASE9_0359_LINE_9_4,CASE9,359,4,"2,3,6,8",8,9,4,0,2,CRITICAL,999.0,0.0,10,506.8
CASE9_0360_LINE_1_4,CASE9,360,7,"6,4,2,5,8,3,9",0,1,4,0,2,CRITICAL,999.0,0.0,10,564.6
CASE9_0360_LINE_4_5,CASE9,360,7,"6,4,2,5,8,3,9",1,4,5,0,2,CRITICAL,999.0,0.0,10,564.6
CASE9_0360_LINE_5_6,CASE9,360,7,"6,4,2,5,8,3,9",2,5,6,1,2,CRITICAL,141.7,0.892,2,564.6
CASE9_0360_LINE_3_6,CASE9,360,7,"6,4,2,5,8,3,9",3,3,6,0,2,CRITICAL,999.0,0.0,10,564.6
CASE9_0360_LINE_6_7,CASE9,360,7,"6,4,2,5,8,3,9",4,6,7,1,2,CRITICAL,134.9,0.932,1,564.6
CASE9_0360_LINE_7_8,CASE9,360,7,"6,4,2,5,8,3,9",5,7,8,1,2,CRITICAL,148.1,0.873,5,564.6
CASE9_0360_LINE_8_2,CASE9,360,7,"6,4,2,5,8,3,9",6,8,2,0,2,CRITICAL,999.0,0.0,10,564.6
CASE9_0360_LINE_8_9,CASE9,360,7,"6,4,2,5,8,3,9",7,8,9,1,2,CRITICAL,142.1,0.896,2,564.6
CASE9_0360_LINE_9_4,CASE9,360,7,"6,4,2,5,8,3,9",8,9,4,0,2,CRITICAL,999.0,0.0,10,564.6
CASE9_0371_LINE_1_4,CASE9,371,1,9,0,1,4,0,2,CRITICAL,999.0,0.0,10,361.5
CASE9_0371_LINE_4_5,CASE9,371,1,9,1,4,5,1,1,ALERT,65.4,0.905,0,361.5
CASE9_0371_LINE_5_6,CASE9,371,1,9,2,5,6,1,1,ALERT,65.9,0.901,0,361.5
CASE9_0371_LINE_3_6,CASE9,371,1,9,3,3,6,0,2,CRITICAL,999.0,0.0,10,361.5
CASE9_0371_LINE_6_7,CASE9,371,1,9,4,6,7,1,1,ALERT,66.7,0.923,0,361.5
CASE9_0371_LINE_7_8,CASE9,371,1,9,5,7,8,1,1,ALERT,70.2,0.909,0,361.5
CASE9_0371_LINE_8_2,CASE9,371,1,9,6,8,2,0,2,CRITICAL,999.0,0.0,10,361.5
CASE9_0371_LINE_8_9,CASE9,371,1,9,7,8,9,1,2,CRITICAL,90.9,0.826,1,361.5
CASE9_0371_LINE_9_4,CASE9,371,1,9,8,9,4,0,2,CRITICAL,999.0,0.0,10,361.5
CASE9_0372_LINE_1_4,CASE9,372,4,"5,7,9,6",0,1,4,0,2,CRITICAL,999.0,0.0,10,427.3
CASE9_0372_LINE_4_5,CASE9,372,4,"5,7,9,6",1,4,5,1,1,ALERT,80.6,0.902,0,427.3
CASE9_0372_LINE_5_6,CASE9,372,4,"5,7,9,6",2,5,6,1,1,ALERT,79.7,0.922,0,427.3
CASE9_0372_LINE_3_6,CASE9,372,4,"5,7,9,6",3,3,6,0,2,CRITICAL,999.0,0.0,10,427.3
CASE9_0372_LINE_6_7,CASE9,372,4,"5,7,9,6",4,6,7,1,2,CRITICAL,78.6,0.886,1,427.3
CASE9_0372_LINE_7_8,CASE9,372,4,"5,7,9,6",5,7,8,1,2,CRITICAL,118.3,0.826,3,427.3
CASE9_0372_LINE_8_2,CASE9,372,4,"5,7,9,6",6,8,2,0,2,CRITICAL,999.0,0.0,10,427.3
CASE9_0372_LINE_8_9,CASE9,372,4,"5,7,9,6",7,8,9,1,2,CRITICAL,85.9,0.856,1,427.3
CASE9_0372_LINE_9_4,CASE9,372,4,"5,7,9,6",8,9,4,0,2,CRITICAL,999.0,0.0,10,427.3
CASE9_0373_LINE_1_4,CASE9,373,6,"2,9,3,5,8,4",0,1,4,0,2,CRITICAL,999.0,0.0,10,625.2
CASE9_0373_LINE_4_5,CASE9,373,6,"2,9,3,5,8,4",1,4,5,0,2,CRITICAL,999.0,0.0,10,625.2
CASE9_0373_LINE_5_6,CASE9,373,6,"2,9,3,5,8,4",2,5,6,1,2,CRITICAL,187.9,0.768,4,625.2
CASE9_0373_LINE_3_6,CASE9,373,6,"2,9,3,5,8,4",3,3,6,0,2,CRITICAL,999.0,0.0,10,625.2
CASE9_0373_LINE_6_7,CASE9,373,6,"2,9,3,5,8,4",4,6,7,1,2,CRITICAL,171.9,0.867,3,625.2
CASE9_0373_LINE_7_8,CASE9,373,6,"2,9,3,5,8,4",5,7,8,1,2,CRITICAL,182.4,0.839,5,625.2
CASE9_0373_LINE_8_2,CASE9,373,6,"2,9,3,5,8,4",6,8,2,0,2,CRITICAL,999.0,0.0,10,625.2
CASE9_0373_LINE_8_9,CASE9,373,6,"2,9,3,5,8,4",7,8,9,1,2,CRITICAL,190.7,0.747,4,625.2
CASE9_0373_LINE_9_4,CASE9,373,6,"2,9,3,5,8,4",8,9,4,0,2,CRITICAL,999.0,0.0,10,625.2
CASE9_0374_LINE_1_4,CASE9,374,1,9,0,1,4,0,2,CRITICAL,999.0,0.0,10,331.9
CASE9_0374_LINE_4_5,CASE9,374,1,9,1,4,5,1,1,ALERT,65.3,0.907,0,331.9
CASE9_0374_LINE_5_6,CASE9,374,1,9,2,5,6,1,1,ALERT,65.6,0.916,0,331.9
CASE9_0374_LINE_3_6,CASE9,374,1,9,3,3,6,0,2,CRITICAL,999.0,0.0,10,331.9
CASE9_0374_LINE_6_7,CASE9,374,1,9,4,6,7,1,1,ALERT,66.1,0.942,0,331.9
CASE9_0374_LINE_7_8,CASE9,374,1,9,5,7,8,1,1,ALERT,70.2,0.925,0,331.9
CASE9_0374_LINE_8_2,CASE9,374,1,9,6,8,2,0,2,CRITICAL,999.0,0.0,10,331.9
CASE9_0374_LINE_8_9,CASE9,374,1,9,7,8,9,1,2,CRITICAL,91.0,0.869,1,331.9
CASE9_0374_LINE_9_4,CASE9,374,1,9,8,9,4,1,2,CRITICAL,76.3,0.705,1,331.9
CASE9_0375_LINE_1_4,CASE9,375,2,"9,8",0,1,4,0,2,CRITICAL,999.0,0.0,10,398.5
CASE9_0375_LINE_4_5,CASE9,375,2,"9,8",1,4,5,1,1,ALERT,66.9,0.902,0,398.5
CASE9_0375_LINE_5_6,CASE9,375,2,"9,8",2,5,6,1,1,ALERT,70.9,0.913,0,398.5
CASE9_0375_LINE_3_6,CASE9,375,2,"9,8",3,3,6,0,2,CRITICAL,999.0,0.0,10,398.5
CASE9_0375_LINE_6_7,CASE9,375,2,"9,8",4,6,7,1,1,ALERT,68.2,0.921,0,398.5
CASE9_0375_LINE_7_8,CASE9,375,2,"9,8",5,7,8,1,1,ALERT,70.2,0.922,0,398.5
CASE9_0375_LINE_8_2,CASE9,375,2,"9,8",6,8,2,0,2,CRITICAL,999.0,0.0,10,398.5
CASE9_0375_LINE_8_9,CASE9,375,2,"9,8",7,8,9,1,2,CRITICAL,78.6,0.846,1,398.5
CASE9_0375_LINE_9_4,CASE9,375,2,"9,8",8,9,4,0,2,CRITICAL,999.0,0.0,10,398.5
CASE9_0376_LINE_1_4,CASE9,376,6,"8,2,9,3,7,5",0,1,4,0,2,CRITICAL,999.0,0.0,10,590.8
CASE9_0376_LINE_4_5,CASE9,376,6,"8,2,9,3,7,5",1,4,5,0,2,CRITICAL,999.0,0.0,10,590.8
CASE9_0376_LINE_5_6,CASE9,376,6,"8,2,9,3,7,5",2,5,6,1,2,CRITICAL,172.0,0.791,4,590.8
CASE9_0376_LINE_3_6,CASE9,376,6,"8,2,9,3,7,5",3,3,6,0,2,CRITICAL,999.0,0.0,10,590.8
CASE9_0376_LINE_6_7,CASE9,376,6,"8,2,9,3,7,5",4,6,7,1,2,CRITICAL,157.4,0.846,2,590.8
CASE9_0376_LINE_7_8,CASE9,376,6,"8,2,9,3,7,5",5,7,8,1,2,CRITICAL,161.5,0.849,3,590.8
CASE9_0376_LINE_8_2,CASE9,376,6,"8,2,9,3,7,5",6,8,2,0,2,CRITICAL,999.0,0.0,10,590.8
CASE9_0376_LINE_8_9,CASE9,376,6,"8,2,9,3,7,5",7,8,9,0,2,CRITICAL,999.0,0.0,10,590.8
CASE9_0376_LINE_9_4,CASE9,376,6,"8,2,9,3,7,5",8,9,4,0,2,CRITICAL,999.0,0.0,10,590.8
CASE9_0377_LINE_1_4,CASE9,377,6,"4,2,9,5,8,7",0,1,4,0,2,CRITICAL,999.0,0.0,10,702.8
CASE9_0377_LINE_4_5,CASE9,377,6,"4,2,9,5,8,7",1,4,5,0,2,CRITICAL,999.0,0.0,10,702.8
CASE9_0377_LINE_5_6,CASE9,377,6,"4,2,9,5,8,7",2,5,6,0,2,CRITICAL,999.0,0.0,10,702.8
CASE9_0377_LINE_3_6,CASE9,377,6,"4,2,9,5,8,7",3,3,6,0,2,CRITICAL,999.0,0.0,10,702.8
CASE9_0377_LINE_6_7,CASE9,377,6,"4,2,9,5,8,7",4,6,7,0,2,CRITICAL,999.0,0.0,10,702.8
CASE9_0377_LINE_7_8,CASE9,377,6,"4,2,9,5,8,7",5,7,8,1,2,CRITICAL,226.5,0.81,6,702.8
CASE9_0377_LINE_8_2,CASE9,377,6,"4,2,9,5,8,7",6,8,2,0,2,CRITICAL,999.0,0.0,10,702.8
CASE9_0377_LINE_8_9,CASE9,377,6,"4,2,9,5,8,7",7,8,9,0,2,CRITICAL,999.0,0.0,10,702.8
CASE9_0377_LINE_9_4,CASE9,377,6,"4,2,9,5,8,7",8,9,4,0,2,CRITICAL,999.0,0.0,10,702.8
CASE9_0378_LINE_1_4,CASE9,378,2,"5,2",0,1,4,0,2,CRITICAL,999.0,0.0,10,380.4
CASE9_0378_LINE_4_5,CASE9,378,2,"5,2",1,4,5,1,2,CRITICAL,77.1,0.856,1,380.4
CASE9_0378_LINE_5_6,CASE9,378,2,"5,2",2,5,6,1,1,ALERT,62.5,0.906,0,380.4
CASE9_0378_LINE_3_6,CASE9,378,2,"5,2",3,3,6,0,2,CRITICAL,999.0,0.0,10,380.4
CASE9_0378_LINE_6_7,CASE9,378,2,"5,2",4,6,7,1,1,ALERT,57.2,0.945,0,380.4
CASE9_0378_LINE_7_8,CASE9,378,2,"5,2",5,7,8,1,1,ALERT,70.2,0.934,0,380.4
CASE9_0378_LINE_8_2,CASE9,378,2,"5,2",6,8,2,0,2,CRITICAL,999.0,0.0,10,380.4
CASE9_0378_LINE_8_9,CASE9,378,2,"5,2",7,8,9,1,2,CRITICAL,65.3,0.898,1,380.4
CASE9_0378_LINE_9_4,CASE9,378,2,"5,2",8,9,4,1,2,CRITICAL,80.0,0.786,1,380.4
CASE9_0379_LINE_1_4,CASE9,379,4,"5,4,7,2",0,1,4,0,2,CRITICAL,999.0,0.0,10,438.0
CASE9_0379_LINE_4_5,CASE9,379,4,"5,4,7,2",1,4,5,1,1,ALERT,81.1,0.947,0,438.0
CASE9_0379_LINE_5_6,CASE9,379,4,"5,4,7,2",2,5,6,1,0,SAFE,79.8,0.952,0,438.0
CASE9_0379_LINE_3_6,CASE9,379,4,"5,4,7,2",3,3,6,0,2,CRITICAL,999.0,0.0,10,438.0
CASE9_0379_LINE_6_7,CASE9,379,4,"5,4,7,2",4,6,7,1,2,CRITICAL,85.7,0.894,1,438.0
CASE9_0379_LINE_7_8,CASE9,379,4,"5,4,7,2",5,7,8,1,2,CRITICAL,101.4,0.893,2,438.0
CASE9_0379_LINE_8_2,CASE9,379,4,"5,4,7,2",6,8,2,0,2,CRITICAL,999.0,0.0,10,438.0
CASE9_0379_LINE_8_9,CASE9,379,4,"5,4,7,2",7,8,9,1,1,ALERT,81.4,0.91,0,438.0
CASE9_0379_LINE_9_4,CASE9,379,4,"5,4,7,2",8,9,4,1,2,CRITICAL,149.1,0.738,3,438.0
CASE9_0380_LINE_1_4,CASE9,380,3,"6,3,2",0,1,4,0,2,CRITICAL,999.0,0.0,10,464.5
CASE9_0380_LINE_4_5,CASE9,380,3,"6,3,2",1,4,5,1,2,CRITICAL,101.1,0.869,2,464.5
CASE9_0380_LINE_5_6,CASE9,380,3,"6,3,2",2,5,6,1,1,ALERT,92.7,0.926,0,464.5
CASE9_0380_LINE_3_6,CASE9,380,3,"6,3,2",3,3,6,0,2,CRITICAL,999.0,0.0,10,464.5
CASE9_0380_LINE_6_7,CASE9,380,3,"6,3,2",4,6,7,1,1,ALERT,90.3,0.946,0,464.5
CASE9_0380_LINE_7_8,CASE9,380,3,"6,3,2",5,7,8,1,2,CRITICAL,104.2,0.89,2,464.5
CASE9_0380_LINE_8_2,CASE9,380,3,"6,3,2",6,8,2,0,2,CRITICAL,999.0,0.0,10,464.5
CASE9_0380_LINE_8_9,CASE9,380,3,"6,3,2",7,8,9,1,1,ALERT,93.5,0.906,0,464.5
CASE9_0380_LINE_9_4,CASE9,380,3,"6,3,2",8,9,4,1,2,CRITICAL,104.2,0.77,4,464.5
CASE9_0381_LINE_1_4,CASE9,381,3,"8,3,9",0,1,4,0,2,CRITICAL,999.0,0.0,10,476.8
CASE9_0381_LINE_4_5,CASE9,381,3,"8,3,9",1,4,5,1,2,CRITICAL,106.1,0.887,3,476.8
CASE9_0381_LINE_5_6,CASE9,381,3,"8,3,9",2,5,6,1,2,CRITICAL,100.2,0.914,1,476.8
CASE9_0381_LINE_3_6,CASE9,381,3,"8,3,9",3,3,6,0,2,CRITICAL,999.0,0.0,10,476.8
CASE9_0381_LINE_6_7,CASE9,381,3,"8,3,9",4,6,7,1,1,ALERT,98.1,0.912,0,476.8
CASE9_0381_LINE_7_8,CASE9,381,3,"8,3,9",5,7,8,1,2,CRITICAL,100.2,0.925,1,476.8
CASE9_0381_LINE_8_2,CASE9,381,3,"8,3,9",6,8,2,0,2,CRITICAL,999.0,0.0,10,476.8
CASE9_0381_LINE_8_9,CASE9,381,3,"8,3,9",7,8,9,1,2,CRITICAL,102.1,0.868,2,476.8
CASE9_0381_LINE_9_4,CASE9,381,3,"8,3,9",8,9,4,0,2,CRITICAL,999.0,0.0,10,476.8
CASE9_0382_LINE_1_4,CASE9,382,7,"7,9,2,6,3,5,8",0,1,4,0,2,CRITICAL,999.0,0.0,10,543.2
CASE9_0382_LINE_4_5,CASE9,382,7,"7,9,2,6,3,5,8",1,4,5,0,2,CRITICAL,999.0,0.0,10,543.2
CASE9_0382_LINE_5_6,CASE9,382,7,"7,9,2,6,3,5,8",2,5,6,1,2,CRITICAL,131.0,0.878,2,543.2
CASE9_0382_LINE_3_6,CASE9,382,7,"7,9,2,6,3,5,8",3,3,6,0,2,CRITICAL,999.0,0.0,10,543.2
CASE9_0382_LINE_6_7,CASE9,382,7,"7,9,2,6,3,5,8",4,6,7,1,2,CRITICAL,125.2,0.944,1,543.2
CASE9_0382_LINE_7_8,CASE9,382,7,"7,9,2,6,3,5,8",5,7,8,1,2,CRITICAL,130.4,0.912,1,543.2
CASE9_0382_LINE_8_2,CASE9,382,7,"7,9,2,6,3,5,8",6,8,2,0,2,CRITICAL,999.0,0.0,10,543.2
CASE9_0382_LINE_8_9,CASE9,382,7,"7,9,2,6,3,5,8",7,8,9,1,2,CRITICAL,131.1,0.898,2,543.2
CASE9_0382_LINE_9_4,CASE9,382,7,"7,9,2,6,3,5,8",8,9,4,0,2,CRITICAL,999.0,0.0,10,543.2
CASE9_0383_LINE_1_4,CASE9,383,1,4,0,1,4,0,2,CRITICAL,999.0,0.0,10,401.8
CASE9_0383_LINE_4_5,CASE9,383,1,4,1,4,5,1,1,ALERT,67.8,0.907,0,401.8
CASE9_0383_LINE_5_6,CASE9,383,1,4,2,5,6,1,1,ALERT,77.5,0.9,0,401.8
CASE9_0383_LINE_3_6,CASE9,383,1,4,3,3,6,0,2,CRITICAL,999.0,0.0,10,401.8
CASE9_0383_LINE_6_7,CASE9,383,1,4,4,6,7,1,1,ALERT,68.3,0.94,0,401.8
CASE9_0383_LINE_7_8,CASE9,383,1,4,5,7,8,1,1,ALERT,73.4,0.921,0,401.8
CASE9_0383_LINE_8_2,CASE9,383,1,4,6,8,2,0,2,CRITICAL,999.0,0.0,10,401.8
CASE9_0383_LINE_8_9,CASE9,383,1,4,7,8,9,1,2,CRITICAL,91.0,0.87,1,401.8
CASE9_0383_LINE_9_4,CASE9,383,1,4,8,9,4,1,2,CRITICAL,69.4,0.793,1,401.8
CASE9_0384_LINE_1_4,CASE9,384,3,"4,2,6",0,1,4,0,2,CRITICAL,999.0,0.0,10,494.3
CASE9_0384_LINE_4_5,CASE9,384,3,"4,2,6",1,4,5,1,2,CRITICAL,111.7,0.887,2,494.3
CASE9_0384_LINE_5_6,CASE9,384,3,"4,2,6",2,5,6,1,2,CRITICAL,106.0,0.917,1,494.3
CASE9_0384_LINE_3_6,CASE9,384,3,"4,2,6",3,3,6,0,2,CRITICAL,999.0,0.0,10,494.3
CASE9_0384_LINE_6_7,CASE9,384,3,"4,2,6",4,6,7,1,2,CRITICAL,104.5,0.937,1,494.3
CASE9_0384_LINE_7_8,CASE9,384,3,"4,2,6",5,7,8,1,2,CRITICAL,105.8,0.92,1,494.3
CASE9_0384_LINE_8_2,CASE9,384,3,"4,2,6",6,8,2,0,2,CRITICAL,999.0,0.0,10,494.3
CASE9_0384_LINE_8_9,CASE9,384,3,"4,2,6",7,8,9,1,2,CRITICAL,107.0,0.896,2,494.3
CASE9_0384_LINE_9_4,CASE9,384,3,"4,2,6",8,9,4,1,2,CRITICAL,121.0,0.75,6,494.3
CASE9_0385_LINE_1_4,CASE9,385,8,"5,3,6,2,4,8,9,7",0,1,4,0,2,CRITICAL,999.0,0.0,10,690.4
CASE9_0385_LINE_4_5,CASE9,385,8,"5,3,6,2,4,8,9,7",1,4,5,0,2,CRITICAL,999.0,0.0,10,690.4
CASE9_0385_LINE_5_6,CASE9,385,8,"5,3,6,2,4,8,9,7",2,5,6,1,2,CRITICAL,233.9,0.789,6,690.4
CASE9_0385_LINE_3_6,CASE9,385,8,"5,3,6,2,4,8,9,7",3,3,6,0,2,CRITICAL,999.0,0.0,10,690.4
CASE9_0385_LINE_6_7,CASE9,385,8,"5,3,6,2,4,8,9,7",4,6,7,1,2,CRITICAL,199.5,0.896,2,690.4
CASE9_0385_LINE_7_8,CASE9,385,8,"5,3,6,2,4,8,9,7",5,7,8,0,2,CRITICAL,999.0,0.0,10,690.4
CASE9_0385_LINE_8_2,CASE9,385,8,"5,3,6,2,4,8,9,7",6,8,2,0,2,CRITICAL,999.0,0.0,10,690.4
CASE9_0385_LINE_8_9,CASE9,385,8,"5,3,6,2,4,8,9,7",7,8,9,0,2,CRITICAL,999.0,0.0,10,690.4
CASE9_0385_LINE_9_4,CASE9,385,8,"5,3,6,2,4,8,9,7",8,9,4,0,2,CRITICAL,999.0,0.0,10,690.4
CASE9_0366_LINE_1_4,CASE9,366,8,"9,8,4,2,5,7,3,6",0,1,4,0,2,CRITICAL,999.0,0.0,10,575.9
CASE9_0366_LINE_4_5,CASE9,366,8,"9,8,4,2,5,7,3,6",1,4,5,0,2,CRITICAL,999.0,0.0,10,575.9
CASE9_0366_LINE_5_6,CASE9,366,8,"9,8,4,2,5,7,3,6",2,5,6,1,2,CRITICAL,146.2,0.886,2,575.9
CASE9_0366_LINE_3_6,CASE9,366,8,"9,8,4,2,5,7,3,6",3,3,6,0,2,CRITICAL,999.0,0.0,10,575.9
CASE9_0366_LINE_6_7,CASE9,366,8,"9,8,4,2,5,7,3,6",4,6,7,1,2,CRITICAL,140.6,0.933,1,575.9
CASE9_0366_LINE_7_8,CASE9,366,8,"9,8,4,2,5,7,3,6",5,7,8,1,2,CRITICAL,161.1,0.839,5,575.9
CASE9_0366_LINE_8_2,CASE9,366,8,"9,8,4,2,5,7,3,6",6,8,2,0,2,CRITICAL,999.0,0.0,10,575.9
CASE9_0366_LINE_8_9,CASE9,366,8,"9,8,4,2,5,7,3,6",7,8,9,1,2,CRITICAL,146.4,0.91,1,575.9
CASE9_0366_LINE_9_4,CASE9,366,8,"9,8,4,2,5,7,3,6",8,9,4,0,2,CRITICAL,999.0,0.0,10,575.9
CASE9_0367_LINE_1_4,CASE9,367,1,4,0,1,4,0,2,CRITICAL,999.0,0.0,10,409.9
CASE9_0367_LINE_4_5,CASE9,367,1,4,1,4,5,1,1,ALERT,71.5,0.906,0,409.9
CASE9_0367_LINE_5_6,CASE9,367,1,4,2,5,6,1,2,CRITICAL,81.4,0.897,1,409.9
CASE9_0367_LINE_3_6,CASE9,367,1,4,3,3,6,0,2,CRITICAL,999.0,0.0,10,409.9
CASE9_0367_LINE_6_7,CASE9,367,1,4,4,6,7,1,1,ALERT,72.0,0.939,0,409.9
CASE9_0367_LINE_7_8,CASE9,367,1,4,5,7,8,1,1,ALERT,77.2,0.92,0,409.9
CASE9_0367_LINE_8_2,CASE9,367,1,4,6,8,2,0,2,CRITICAL,999.0,0.0,10,409.9
CASE9_0367_LINE_8_9,CASE9,367,1,4,7,8,9,1,2,CRITICAL,91.0,0.867,1,409.9
CASE9_0367_LINE_9_4,CASE9,367,1,4,8,9,4,1,2,CRITICAL,71.0,0.793,1,409.9
CASE9_0368_LINE_1_4,CASE9,368,4,"5,9,7,8",0,1,4,0,2,CRITICAL,999.0,0.0,10,508.4
CASE9_0368_LINE_4_5,CASE9,368,4,"5,9,7,8",1,4,5,0,2,CRITICAL,999.0,0.0,10,508.4
CASE9_0368_LINE_5_6,CASE9,368,4,"5,9,7,8",2,5,6,1,2,CRITICAL,138.5,0.79,4,508.4
CASE9_0368_LINE_3_6,CASE9,368,4,"5,9,7,8",3,3,6,0,2,CRITICAL,999.0,0.0,10,508.4
CASE9_0368_LINE_6_7,CASE9,368,4,"5,9,7,8",4,6,7,1,2,CRITICAL,121.6,0.86,2,508.4
CASE9_0368_LINE_7_8,CASE9,368,4,"5,9,7,8",5,7,8,1,2,CRITICAL,123.2,0.86,3,508.4
CASE9_0368_LINE_8_2,CASE9,368,4,"5,9,7,8",6,8,2,0,2,CRITICAL,999.0,0.0,10,508.4
CASE9_0368_LINE_8_9,CASE9,368,4,"5,9,7,8",7,8,9,0,2,CRITICAL,999.0,0.0,10,508.4
CASE9_0368_LINE_9_4,CASE9,368,4,"5,9,7,8",8,9,4,0,2,CRITICAL,999.0,0.0,10,508.4
CASE9_0369_LINE_1_4,CASE9,369,5,"5,8,7,4,2",0,1,4,0,2,CRITICAL,999.0,0.0,10,596.3
CASE9_0369_LINE_4_5,CASE9,369,5,"5,8,7,4,2",1,4,5,1,2,CRITICAL,174.8,0.837,5,596.3
CASE9_0369_LINE_5_6,CASE9,369,5,"5,8,7,4,2",2,5,6,1,2,CRITICAL,158.0,0.87,2,596.3
CASE9_0369_LINE_3_6,CASE9,369,5,"5,8,7,4,2",3,3,6,0,2,CRITICAL,999.0,0.0,10,596.3
CASE9_0369_LINE_6_7,CASE9,369,5,"5,8,7,4,2",4,6,7,1,2,CRITICAL,167.1,0.813,4,596.3
CASE9_0369_LINE_7_8,CASE9,369,5,"5,8,7,4,2",5,7,8,1,2,CRITICAL,160.9,0.804,4,596.3
CASE9_0369_LINE_8_2,CASE9,369,5,"5,8,7,4,2",6,8,2,0,2,CRITICAL,999.0,0.0,10,596.3
CASE9_0369_LINE_8_9,CASE9,369,5,"5,8,7,4,2",7,8,9,1,2,CRITICAL,158.1,0.86,2,596.3
CASE9_0369_LINE_9_4,CASE9,369,5,"5,8,7,4,2",8,9,4,0,2,CRITICAL,999.0,0.0,10,596.3
CASE9_0370_LINE_1_4,CASE9,370,3,"2,8,9",0,1,4,0,2,CRITICAL,999.0,0.0,10,357.6
CASE9_0370_LINE_4_5,CASE9,370,3,"2,8,9",1,4,5,1,1,ALERT,63.2,0.905,0,357.6
CASE9_0370_LINE_5_6,CASE9,370,3,"2,8,9",2,5,6,1,1,ALERT,56.7,0.943,0,357.6
CASE9_0370_LINE_3_6,CASE9,370,3,"2,8,9",3,3,6,0,2,CRITICAL,999.0,0.0,10,357.6
CASE9_0370_LINE_6_7,CASE9,370,3,"2,8,9",4,6,7,1,1,ALERT,55.1,0.938,0,357.6
CASE9_0370_LINE_7_8,CASE9,370,3,"2,8,9",5,7,8,1,1,ALERT,70.1,0.941,0,357.6
CASE9_0370_LINE_8_2,CASE9,370,3,"2,8,9",6,8,2,0,2,CRITICAL,999.0,0.0,10,357.6
CASE9_0370_LINE_8_9,CASE9,370,3,"2,8,9",7,8,9,1,0,SAFE,46.8,0.967,0,357.6
CASE9_0370_LINE_9_4,CASE9,370,3,"2,8,9",8,9,4,1,1,ALERT,72.0,0.928,0,357.6
CASE9_0386_LINE_1_4,CASE9,386,4,"7,2,6,3",0,1,4,0,2,CRITICAL,999.0,0.0,10,444.5
CASE9_0386_LINE_4_5,CASE9,386,4,"7,2,6,3",1,4,5,1,2,CRITICAL,92.0,0.881,1,444.5
CASE9_0386_LINE_5_6,CASE9,386,4,"7,2,6,3",2,5,6,1,1,ALERT,83.7,0.93,0,444.5
CASE9_0386_LINE_3_6,CASE9,386,4,"7,2,6,3",3,3,6,0,2,CRITICAL,999.0,0.0,10,444.5
CASE9_0386_LINE_6_7,CASE9,386,4,"7,2,6,3",4,6,7,1,0,SAFE,82.3,0.958,0,444.5
CASE9_0386_LINE_7_8,CASE9,386,4,"7,2,6,3",5,7,8,1,1,ALERT,89.5,0.938,0,444.5
CASE9_0386_LINE_8_2,CASE9,386,4,"7,2,6,3",6,8,2,0,2,CRITICAL,999.0,0.0,10,444.5
CASE9_0386_LINE_8_9,CASE9,386,4,"7,2,6,3",7,8,9,1,1,ALERT,85.0,0.908,0,444.5
CASE9_0386_LINE_9_4,CASE9,386,4,"7,2,6,3",8,9,4,1,2,CRITICAL,90.8,0.791,1,444.5
CASE9_0387_LINE_1_4,CASE9,387,2,"6,4",0,1,4,0,2,CRITICAL,999.0,0.0,10,447.6
CASE9_0387_LINE_4_5,CASE9,387,2,"6,4",1,4,5,1,2,CRITICAL,88.3,0.874,1,447.6
CASE9_0387_LINE_5_6,CASE9,387,2,"6,4",2,5,6,1,1,ALERT,88.4,0.915,0,447.6
CASE9_0387_LINE_3_6,CASE9,387,2,"6,4",3,3,6,0,2,CRITICAL,999.0,0.0,10,447.6
CASE9_0387_LINE_6_7,CASE9,387,2,"6,4",4,6,7,1,1,ALERT,84.7,0.944,0,447.6
CASE9_0387_LINE_7_8,CASE9,387,2,"6,4",5,7,8,1,2,CRITICAL,98.0,0.894,1,447.6
CASE9_0387_LINE_8_2,CASE9,387,2,"6,4",6,8,2,0,2,CRITICAL,999.0,0.0,10,447.6
CASE9_0387_LINE_8_9,CASE9,387,2,"6,4",7,8,9,1,2,CRITICAL,92.1,0.887,1,447.6
CASE9_0387_LINE_9_4,CASE9,387,2,"6,4",8,9,4,1,2,CRITICAL,88.6,0.781,1,447.6
CASE9_0388_LINE_1_4,CASE9,388,5,"3,9,7,4,8",0,1,4,0,2,CRITICAL,999.0,0.0,10,614.5
CASE9_0388_LINE_4_5,CASE9,388,5,"3,9,7,4,8",1,4,5,0,2,CRITICAL,999.0,0.0,10,614.5
CASE9_0388_LINE_5_6,CASE9,388,5,"3,9,7,4,8",2,5,6,1,2,CRITICAL,175.2,0.835,3,614.5
CASE9_0388_LINE_3_6,CASE9,388,5,"3,9,7,4,8",3,3,6,0,2,CRITICAL,999.0,0.0,10,614.5
CASE9_0388_LINE_6_7,CASE9,388,5,"3,9,7,4,8",4,6,7,1,2,CRITICAL,165.0,0.854,3,614.5
CASE9_0388_LINE_7_8,CASE9,388,5,"3,9,7,4,8",5,7,8,1,2,CRITICAL,180.4,0.842,4,614.5
CASE9_0388_LINE_8_2,CASE9,388,5,"3,9,7,4,8",6,8,2,0,2,CRITICAL,999.0,0.0,10,614.5
CASE9_0388_LINE_8_9,CASE9,388,5,"3,9,7,4,8",7,8,9,1,2,CRITICAL,194.6,0.677,4,614.5
CASE9_0388_LINE_9_4,CASE9,388,5,"3,9,7,4,8",8,9,4,0,2,CRITICAL,999.0,0.0,10,614.5
CASE9_0389_LINE_1_4,CASE9,389,1,8,0,1,4,0,2,CRITICAL,999.0,0.0,10,379.0
CASE9_0389_LINE_4_5,CASE9,389,1,8,1,4,5,1,1,ALERT,65.7,0.904,0,379.0
CASE9_0389_LINE_5_6,CASE9,389,1,8,2,5,6,1,1,ALERT,65.6,0.927,0,379.0
CASE9_0389_LINE_3_6,CASE9,389,1,8,3,3,6,0,2,CRITICAL,999.0,0.0,10,379.0
CASE9_0389_LINE_6_7,CASE9,389,1,8,4,6,7,1,1,ALERT,67.4,0.933,0,379.0
CASE9_0389_LINE_7_8,CASE9,389,1,8,5,7,8,1,1,ALERT,70.1,0.938,0,379.0
CASE9_0389_LINE_8_2,CASE9,389,1,8,6,8,2,0,2,CRITICAL,999.0,0.0,10,379.0
CASE9_0389_LINE_8_9,CASE9,389,1,8,7,8,9,1,1,ALERT,65.4,0.904,0,379.0
CASE9_0389_LINE_9_4,CASE9,389,1,8,8,9,4,1,2,CRITICAL,93.9,0.763,1,379.0
CASE9_0390_LINE_1_4,CASE9,390,4,"5,8,6,3",0,1,4,0,2,CRITICAL,999.0,0.0,10,376.3
CASE9_0390_LINE_4_5,CASE9,390,4,"5,8,6,3",1,4,5,1,0,SAFE,65.5,0.951,0,376.3
CASE9_0390_LINE_5_6,CASE9,390,4,"5,8,6,3",2,5,6,1,0,SAFE,65.4,0.952,0,376.3
CASE9_0390_LINE_3_6,CASE9,390,4,"5,8,6,3",3,3,6,0,2,CRITICAL,999.0,0.0,10,376.3
CASE9_0390_LINE_6_7,CASE9,390,4,"5,8,6,3",4,6,7,1,1,ALERT,66.8,0.937,0,376.3
CASE9_0390_LINE_7_8,CASE9,390,4,"5,8,6,3",5,7,8,1,1,ALERT,70.2,0.931,0,376.3
CASE9_0390_LINE_8_2,CASE9,390,4,"5,8,6,3",6,8,2,0,2,CRITICAL,999.0,0.0,10,376.3
CASE9_0390_LINE_8_9,CASE9,390,4,"5,8,6,3",7,8,9,1,1,ALERT,65.4,0.911,0,376.3
CASE9_0390_LINE_9_4,CASE9,390,4,"5,8,6,3",8,9,4,1,2,CRITICAL,82.1,0.767,1,376.3
CASE9_0396_LINE_1_4,CASE9,396,5,"5,8,2,9,6",0,1,4,0,2,CRITICAL,999.0,0.0,10,649.6
CASE9_0396_LINE_4_5,CASE9,396,5,"5,8,2,9,6",1,4,5,0,2,CRITICAL,999.0,0.0,10,649.6
CASE9_0396_LINE_5_6,CASE9,396,5,"5,8,2,9,6",2,5,6,1,2,CRITICAL,215.6,0.726,4,649.6
CASE9_0396_LINE_3_6,CASE9,396,5,"5,8,2,9,6",3,3,6,0,2,CRITICAL,999.0,0.0,10,649.6
CASE9_0396_LINE_6_7,CASE9,396,5,"5,8,2,9,6",4,6,7,1,2,CRITICAL,195.2,0.802,6,649.6
CASE9_0396_LINE_7_8,CASE9,396,5,"5,8,2,9,6",5,7,8,1,2,CRITICAL,197.4,0.825,6,649.6
CASE9_0396_LINE_8_2,CASE9,396,5,"5,8,2,9,6",6,8,2,0,2,CRITICAL,999.0,0.0,10,649.6
CASE9_0396_LINE_8_9,CASE9,396,5,"5,8,2,9,6",7,8,9,0,2,CRITICAL,999.0,0.0,10,649.6
CASE9_0396_LINE_9_4,CASE9,396,5,"5,8,2,9,6",8,9,4,0,2,CRITICAL,999.0,0.0,10,649.6
CASE9_0397_LINE_1_4,CASE9,397,6,"7,8,9,5,3,2",0,1,4,0,2,CRITICAL,999.0,0.0,10,627.2
CASE9_0397_LINE_4_5,CASE9,397,6,"7,8,9,5,3,2",1,4,5,0,2,CRITICAL,999.0,0.0,10,627.2
CASE9_0397_LINE_5_6,CASE9,397,6,"7,8,9,5,3,2",2,5,6,1,2,CRITICAL,195.1,0.788,5,627.2
CASE9_0397_LINE_3_6,CASE9,397,6,"7,8,9,5,3,2",3,3,6,0,2,CRITICAL,999.0,0.0,10,627.2
CASE9_0397_LINE_6_7,CASE9,397,6,"7,8,9,5,3,2",4,6,7,0,2,CRITICAL,999.0,0.0,10,627.2
CASE9_0397_LINE_7_8,CASE9,397,6,"7,8,9,5,3,2",5,7,8,1,2,CRITICAL,181.1,0.814,5,627.2
CASE9_0397_LINE_8_2,CASE9,397,6,"7,8,9,5,3,2",6,8,2,0,2,CRITICAL,999.0,0.0,10,627.2
CASE9_0397_LINE_8_9,CASE9,397,6,"7,8,9,5,3,2",7,8,9,1,2,CRITICAL,195.6,0.732,4,627.2
CASE9_0397_LINE_9_4,CASE9,397,6,"7,8,9,5,3,2",8,9,4,0,2,CRITICAL,999.0,0.0,10,627.2
CASE9_0398_LINE_1_4,CASE9,398,6,"2,9,4,8,7,6",0,1,4,0,2,CRITICAL,999.0,0.0,10,714.7
CASE9_0398_LINE_4_5,CASE9,398,6,"2,9,4,8,7,6",1,4,5,0,2,CRITICAL,999.0,0.0,10,714.7
CASE9_0398_LINE_5_6,CASE9,398,6,"2,9,4,8,7,6",2,5,6,1,2,CRITICAL,260.9,0.708,5,714.7
CASE9_0398_LINE_3_6,CASE9,398,6,"2,9,4,8,7,6",3,3,6,0,2,CRITICAL,999.0,0.0,10,714.7
CASE9_0398_LINE_6_7,CASE9,398,6,"2,9,4,8,7,6",4,6,7,1,2,CRITICAL,235.5,0.75,7,714.7
CASE9_0398_LINE_7_8,CASE9,398,6,"2,9,4,8,7,6",5,7,8,1,2,CRITICAL,238.5,0.805,7,714.7
CASE9_0398_LINE_8_2,CASE9,398,6,"2,9,4,8,7,6",6,8,2,0,2,CRITICAL,999.0,0.0,10,714.7
CASE9_0398_LINE_8_9,CASE9,398,6,"2,9,4,8,7,6",7,8,9,0,2,CRITICAL,999.0,0.0,10,714.7
CASE9_0398_LINE_9_4,CASE9,398,6,"2,9,4,8,7,6",8,9,4,0,2,CRITICAL,999.0,0.0,10,714.7
CASE9_0399_LINE_1_4,CASE9,399,5,"5,7,8,4,6",0,1,4,0,2,CRITICAL,999.0,0.0,10,462.4
CASE9_0399_LINE_4_5,CASE9,399,5,"5,7,8,4,6",1,4,5,1,1,ALERT,95.4,0.921,0,462.4
CASE9_0399_LINE_5_6,CASE9,399,5,"5,7,8,4,6",2,5,6,1,1,ALERT,91.5,0.937,0,462.4
CASE9_0399_LINE_3_6,CASE9,399,5,"5,7,8,4,6",3,3,6,0,2,CRITICAL,999.0,0.0,10,462.4
CASE9_0399_LINE_6_7,CASE9,399,5,"5,7,8,4,6",4,6,7,1,2,CRITICAL,95.6,0.837,1,462.4
CASE9_0399_LINE_7_8,CASE9,399,5,"5,7,8,4,6",5,7,8,1,2,CRITICAL,133.4,0.801,3,462.4
CASE9_0399_LINE_8_2,CASE9,399,5,"5,7,8,4,6",6,8,2,0,2,CRITICAL,999.0,0.0,10,462.4
CASE9_0399_LINE_8_9,CASE9,399,5,"5,7,8,4,6",7,8,9,1,1,ALERT,91.9,0.909,0,462.4
CASE9_0399_LINE_9_4,CASE9,399,5,"5,7,8,4,6",8,9,4,1,2,CRITICAL,150.1,0.671,6,462.4
CASE9_0400_LINE_1_4,CASE9,400,1,7,0,1,4,0,2,CRITICAL,999.0,0.0,10,351.7
CASE9_0400_LINE_4_5,CASE9,400,1,7,1,4,5,1,2,CRITICAL,65.5,0.899,1,351.7
CASE9_0400_LINE_5_6,CASE9,400,1,7,2,5,6,1,1,ALERT,65.5,0.924,0,351.7
CASE9_0400_LINE_3_6,CASE9,400,1,7,3,3,6,0,2,CRITICAL,999.0,0.0,10,351.7
CASE9_0400_LINE_6_7,CASE9,400,1,7,4,6,7,1,1,ALERT,67.6,0.914,0,351.7
CASE9_0400_LINE_7_8,CASE9,400,1,7,5,7,8,1,2,CRITICAL,100.4,0.884,2,351.7
CASE9_0400_LINE_8_2,CASE9,400,1,7,6,8,2,0,2,CRITICAL,999.0,0.0,10,351.7
CASE9_0400_LINE_8_9,CASE9,400,1,7,7,8,9,1,2,CRITICAL,69.5,0.899,1,351.7
CASE9_0400_LINE_9_4,CASE9,400,1,7,8,9,4,1,2,CRITICAL,75.6,0.778,1,351.7
CASE9_0401_LINE_1_4,CASE9,401,1,8,0,1,4,0,2,CRITICAL,999.0,0.0,10,418.6
CASE9_0401_LINE_4_5,CASE9,401,1,8,1,4,5,1,2,CRITICAL,74.6,0.899,1,418.6
CASE9_0401_LINE_5_6,CASE9,401,1,8,2,5,6,1,1,ALERT,74.1,0.926,0,418.6
CASE9_0401_LINE_3_6,CASE9,401,1,8,3,3,6,0,2,CRITICAL,999.0,0.0,10,418.6
CASE9_0401_LINE_6_7,CASE9,401,1,8,4,6,7,1,1,ALERT,74.5,0.915,0,418.6
CASE9_0401_LINE_7_8,CASE9,401,1,8,5,7,8,1,1,ALERT,72.0,0.938,0,418.6
CASE9_0401_LINE_8_2,CASE9,401,1,8,6,8,2,0,2,CRITICAL,999.0,0.0,10,418.6
CASE9_0401_LINE_8_9,CASE9,401,1,8,7,8,9,1,1,ALERT,74.4,0.908,0,418.6
CASE9_0401_LINE_9_4,CASE9,401,1,8,8,9,4,1,2,CRITICAL,123.6,0.722,2,418.6
CASE9_0402_LINE_1_4,CASE9,402,3,"3,5,6",0,1,4,0,2,CRITICAL,999.0,0.0,10,374.8
CASE9_0402_LINE_4_5,CASE9,402,3,"3,5,6",1,4,5,1,2,CRITICAL,68.1,0.883,1,374.8
CASE9_0402_LINE_5_6,CASE9,402,3,"3,5,6",2,5,6,1,1,ALERT,65.2,0.923,0,374.8
CASE9_0402_LINE_3_6,CASE9,402,3,"3,5,6",3,3,6,0,2,CRITICAL,999.0,0.0,10,374.8
CASE9_0402_LINE_6_7,CASE9,402,3,"3,5,6",4,6,7,1,1,ALERT,65.8,0.947,0,374.8
CASE9_0402_LINE_7_8,CASE9,402,3,"3,5,6",5,7,8,1,1,ALERT,70.4,0.919,0,374.8
CASE9_0402_LINE_8_2,CASE9,402,3,"3,5,6",6,8,2,0,2,CRITICAL,999.0,0.0,10,374.8
CASE9_0402_LINE_8_9,CASE9,402,3,"3,5,6",7,8,9,1,1,ALERT,65.3,0.901,0,374.8
CASE9_0402_LINE_9_4,CASE9,402,3,"3,5,6",8,9,4,1,2,CRITICAL,69.9,0.789,1,374.8
CASE9_0403_LINE_1_4,CASE9,403,6,"7,3,8,6,9,4",0,1,4,0,2,CRITICAL,999.0,0.0,10,650.8
CASE9_0403_LINE_4_5,CASE9,403,6,"7,3,8,6,9,4",1,4,5,0,2,CRITICAL,999.0,0.0,10,650.8
CASE9_0403_LINE_5_6,CASE9,403,6,"7,3,8,6,9,4",2,5,6,1,2,CRITICAL,195.2,0.845,4,650.8
CASE9_0403_LINE_3_6,CASE9,403,6,"7,3,8,6,9,4",3,3,6,0,2,CRITICAL,999.0,0.0,10,650.8
CASE9_0403_LINE_6_7,CASE9,403,6,"7,3,8,6,9,4",4,6,7,1,2,CRITICAL,179.9,0.87,3,650.8
CASE9_0403_LINE_7_8,CASE9,403,6,"7,3,8,6,9,4",5,7,8,0,2,CRITICAL,999.0,0.0,10,650.8
CASE9_0403_LINE_8_2,CASE9,403,6,"7,3,8,6,9,4",6,8,2,0,2,CRITICAL,999.0,0.0,10,650.8
CASE9_0403_LINE_8_9,CASE9,403,6,"7,3,8,6,9,4",7,8,9,1,2,CRITICAL,192.4,0.828,3,650.8
CASE9_0403_LINE_9_4,CASE9,403,6,"7,3,8,6,9,4",8,9,4,0,2,CRITICAL,999.0,0.0,10,650.8
CASE9_0404_LINE_1_4,CASE9,404,4,"8,6,9,4",0,1,4,0,2,CRITICAL,999.0,0.0,10,488.6
CASE9_0404_LINE_4_5,CASE9,404,4,"8,6,9,4",1,4,5,1,2,CRITICAL,111.0,0.857,2,488.6
CASE9_0404_LINE_5_6,CASE9,404,4,"8,6,9,4",2,5,6,1,2,CRITICAL,104.1,0.916,1,488.6
CASE9_0404_LINE_3_6,CASE9,404,4,"8,6,9,4",3,3,6,0,2,CRITICAL,999.0,0.0,10,488.6
CASE9_0404_LINE_6_7,CASE9,404,4,"8,6,9,4",4,6,7,1,2,CRITICAL,101.2,0.927,1,488.6
CASE9_0404_LINE_7_8,CASE9,404,4,"8,6,9,4",5,7,8,1,2,CRITICAL,111.0,0.888,2,488.6
CASE9_0404_LINE_8_2,CASE9,404,4,"8,6,9,4",6,8,2,0,2,CRITICAL,999.0,0.0,10,488.6
CASE9_0404_LINE_8_9,CASE9,404,4,"8,6,9,4",7,8,9,1,2,CRITICAL,105.1,0.894,2,488.6
CASE9_0404_LINE_9_4,CASE9,404,4,"8,6,9,4",8,9,4,1,2,CRITICAL,116.1,0.728,2,488.6
CASE9_0405_LINE_1_4,CASE9,405,8,"7,3,6,8,2,4,5,9",0,1,4,0,2,CRITICAL,999.0,0.0,10,643.6
CASE9_0405_LINE_4_5,CASE9,405,8,"7,3,6,8,2,4,5,9",1,4,5,0,2,CRITICAL,999.0,0.0,10,643.6
CASE9_0405_LINE_5_6,CASE9,405,8,"7,3,6,8,2,4,5,9",2,5,6,1,2,CRITICAL,195.8,0.819,5,643.6
CASE9_0405_LINE_3_6,CASE9,405,8,"7,3,6,8,2,4,5,9",3,3,6,0,2,CRITICAL,999.0,0.0,10,643.6
CASE9_0405_LINE_6_7,CASE9,405,8,"7,3,6,8,2,4,5,9",4,6,7,1,2,CRITICAL,181.8,0.86,3,643.6
CASE9_0405_LINE_7_8,CASE9,405,8,"7,3,6,8,2,4,5,9",5,7,8,1,2,CRITICAL,195.8,0.822,6,643.6
CASE9_0405_LINE_8_2,CASE9,405,8,"7,3,6,8,2,4,5,9",6,8,2,0,2,CRITICAL,999.0,0.0,10,643.6
CASE9_0405_LINE_8_9,CASE9,405,8,"7,3,6,8,2,4,5,9",7,8,9,1,2,CRITICAL,196.3,0.802,4,643.6
CASE9_0405_LINE_9_4,CASE9,405,8,"7,3,6,8,2,4,5,9",8,9,4,0,2,CRITICAL,999.0,0.0,10,643.6
CASE9_0391_LINE_1_4,CASE9,391,2,"4,6",0,1,4,0,2,CRITICAL,999.0,0.0,10,397.9
CASE9_0391_LINE_4_5,CASE9,391,2,"4,6",1,4,5,1,2,CRITICAL,70.3,0.884,1,397.9
CASE9_0391_LINE_5_6,CASE9,391,2,"4,6",2,5,6,1,1,ALERT,66.6,0.925,0,397.9
CASE9_0391_LINE_3_6,CASE9,391,2,"4,6",3,3,6,0,2,CRITICAL,999.0,0.0,10,397.9
CASE9_0391_LINE_6_7,CASE9,391,2,"4,6",4,6,7,1,1,ALERT,65.9,0.946,0,397.9
CASE9_0391_LINE_7_8,CASE9,391,2,"4,6",5,7,8,1,1,ALERT,74.2,0.907,0,397.9
CASE9_0391_LINE_8_2,CASE9,391,2,"4,6",6,8,2,0,2,CRITICAL,999.0,0.0,10,397.9
CASE9_0391_LINE_8_9,CASE9,391,2,"4,6",7,8,9,1,2,CRITICAL,70.2,0.899,1,397.9
CASE9_0391_LINE_9_4,CASE9,391,2,"4,6",8,9,4,1,2,CRITICAL,70.4,0.786,1,397.9
CASE9_0392_LINE_1_4,CASE9,392,6,"9,2,7,8,3,6",0,1,4,0,2,CRITICAL,999.0,0.0,10,690.4
CASE9_0392_LINE_4_5,CASE9,392,6,"9,2,7,8,3,6",1,4,5,0,2,CRITICAL,999.0,0.0,10,690.4
CASE9_0392_LINE_5_6,CASE9,392,6,"9,2,7,8,3,6",2,5,6,0,2,CRITICAL,999.0,0.0,10,690.4
CASE9_0392_LINE_3_6,CASE9,392,6,"9,2,7,8,3,6",3,3,6,0,2,CRITICAL,999.0,0.0,10,690.4
CASE9_0392_LINE_6_7,CASE9,392,6,"9,2,7,8,3,6",4,6,7,1,2,CRITICAL,224.9,0.77,7,690.4
CASE9_0392_LINE_7_8,CASE9,392,6,"9,2,7,8,3,6",5,7,8,0,2,CRITICAL,999.0,0.0,10,690.4
CASE9_0392_LINE_8_2,CASE9,392,6,"9,2,7,8,3,6",6,8,2,0,2,CRITICAL,999.0,0.0,10,690.4
CASE9_0392_LINE_8_9,CASE9,392,6,"9,2,7,8,3,6",7,8,9,0,2,CRITICAL,999.0,0.0,10,690.4
CASE9_0392_LINE_9_4,CASE9,392,6,"9,2,7,8,3,6",8,9,4,0,2,CRITICAL,999.0,0.0,10,690.4
CASE9_0393_LINE_1_4,CASE9,393,7,"2,4,3,7,9,5,6",0,1,4,0,2,CRITICAL,999.0,0.0,10,731.0
CASE9_0393_LINE_4_5,CASE9,393,7,"2,4,3,7,9,5,6",1,4,5,0,2,CRITICAL,999.0,0.0,10,731.0
CASE9_0393_LINE_5_6,CASE9,393,7,"2,4,3,7,9,5,6",2,5,6,0,2,CRITICAL,999.0,0.0,10,731.0
CASE9_0393_LINE_3_6,CASE9,393,7,"2,4,3,7,9,5,6",3,3,6,0,2,CRITICAL,999.0,0.0,10,731.0
CASE9_0393_LINE_6_7,CASE9,393,7,"2,4,3,7,9,5,6",4,6,7,1,2,CRITICAL,243.6,0.798,6,731.0
CASE9_0393_LINE_7_8,CASE9,393,7,"2,4,3,7,9,5,6",5,7,8,0,2,CRITICAL,999.0,0.0,10,731.0
CASE9_0393_LINE_8_2,CASE9,393,7,"2,4,3,7,9,5,6",6,8,2,0,2,CRITICAL,999.0,0.0,10,731.0
CASE9_0393_LINE_8_9,CASE9,393,7,"2,4,3,7,9,5,6",7,8,9,0,2,CRITICAL,999.0,0.0,10,731.0
CASE9_0393_LINE_9_4,CASE9,393,7,"2,4,3,7,9,5,6",8,9,4,0,2,CRITICAL,999.0,0.0,10,731.0
CASE9_0394_LINE_1_4,CASE9,394,5,"3,4,9,5,2",0,1,4,0,2,CRITICAL,999.0,0.0,10,594.6
CASE9_0394_LINE_4_5,CASE9,394,5,"3,4,9,5,2",1,4,5,1,2,CRITICAL,176.9,0.821,5,594.6
CASE9_0394_LINE_5_6,CASE9,394,5,"3,4,9,5,2",2,5,6,1,2,CRITICAL,160.3,0.858,3,594.6
CASE9_0394_LINE_3_6,CASE9,394,5,"3,4,9,5,2",3,3,6,0,2,CRITICAL,999.0,0.0,10,594.6
CASE9_0394_LINE_6_7,CASE9,394,5,"3,4,9,5,2",4,6,7,1,2,CRITICAL,152.3,0.896,2,594.6
CASE9_0394_LINE_7_8,CASE9,394,5,"3,4,9,5,2",5,7,8,1,2,CRITICAL,170.9,0.864,4,594.6
CASE9_0394_LINE_8_2,CASE9,394,5,"3,4,9,5,2",6,8,2,0,2,CRITICAL,999.0,0.0,10,594.6
CASE9_0394_LINE_8_9,CASE9,394,5,"3,4,9,5,2",7,8,9,1,2,CRITICAL,167.7,0.784,3,594.6
CASE9_0394_LINE_9_4,CASE9,394,5,"3,4,9,5,2",8,9,4,0,2,CRITICAL,999.0,0.0,10,594.6
CASE9_0395_LINE_1_4,CASE9,395,8,"4,9,8,7,5,6,2,3",0,1,4,0,2,CRITICAL,999.0,0.0,10,684.4
CASE9_0395_LINE_4_5,CASE9,395,8,"4,9,8,7,5,6,2,3",1,4,5,0,2,CRITICAL,999.0,0.0,10,684.4
CASE9_0395_LINE_5_6,CASE9,395,8,"4,9,8,7,5,6,2,3",2,5,6,0,2,CRITICAL,999.0,0.0,10,684.4
CASE9_0395_LINE_3_6,CASE9,395,8,"4,9,8,7,5,6,2,3",3,3,6,0,2,CRITICAL,999.0,0.0,10,684.4
CASE9_0395_LINE_6_7,CASE9,395,8,"4,9,8,7,5,6,2,3",4,6,7,0,2,CRITICAL,999.0,0.0,10,684.4
CASE9_0395_LINE_7_8,CASE9,395,8,"4,9,8,7,5,6,2,3",5,7,8,1,2,CRITICAL,205.8,0.822,3,684.4
CASE9_0395_LINE_8_2,CASE9,395,8,"4,9,8,7,5,6,2,3",6,8,2,0,2,CRITICAL,999.0,0.0,10,684.4
CASE9_0395_LINE_8_9,CASE9,395,8,"4,9,8,7,5,6,2,3",7,8,9,0,2,CRITICAL,999.0,0.0,10,684.4
CASE9_0395_LINE_9_4,CASE9,395,8,"4,9,8,7,5,6,2,3",8,9,4,0,2,CRITICAL,999.0,0.0,10,684.4
CASE9_0421_LINE_1_4,CASE9,421,7,"2,6,8,9,7,3,5",0,1,4,0,2,CRITICAL,999.0,0.0,10,475.9
CASE9_0421_LINE_4_5,CASE9,421,7,"2,6,8,9,7,3,5",1,4,5,1,2,CRITICAL,108.1,0.904,1,475.9
CASE9_0421_LINE_5_6,CASE9,421,7,"2,6,8,9,7,3,5",2,5,6,1,1,ALERT,97.9,0.94,0,475.9
CASE9_0421_LINE_3_6,CASE9,421,7,"2,6,8,9,7,3,5",3,3,6,0,2,CRITICAL,999.0,0.0,10,475.9
CASE9_0421_LINE_6_7,CASE9,421,7,"2,6,8,9,7,3,5",4,6,7,1,2,CRITICAL,95.5,0.889,1,475.9
CASE9_0421_LINE_7_8,CASE9,421,7,"2,6,8,9,7,3,5",5,7,8,1,2,CRITICAL,134.8,0.77,7,475.9
CASE9_0421_LINE_8_2,CASE9,421,7,"2,6,8,9,7,3,5",6,8,2,0,2,CRITICAL,999.0,0.0,10,475.9
CASE9_0421_LINE_8_9,CASE9,421,7,"2,6,8,9,7,3,5",7,8,9,1,1,ALERT,97.0,0.937,0,475.9
CASE9_0421_LINE_9_4,CASE9,421,7,"2,6,8,9,7,3,5",8,9,4,1,2,CRITICAL,130.0,0.834,6,475.9
CASE9_0422_LINE_1_4,CASE9,422,5,"3,9,2,8,7",0,1,4,0,2,CRITICAL,999.0,0.0,10,564.7
CASE9_0422_LINE_4_5,CASE9,422,5,"3,9,2,8,7",1,4,5,0,2,CRITICAL,999.0,0.0,10,564.7
CASE9_0422_LINE_5_6,CASE9,422,5,"3,9,2,8,7",2,5,6,1,2,CRITICAL,145.2,0.894,3,564.7
CASE9_0422_LINE_3_6,CASE9,422,5,"3,9,2,8,7",3,3,6,0,2,CRITICAL,999.0,0.0,10,564.7
CASE9_0422_LINE_6_7,CASE9,422,5,"3,9,2,8,7",4,6,7,1,2,CRITICAL,142.5,0.873,3,564.7
CASE9_0422_LINE_7_8,CASE9,422,5,"3,9,2,8,7",5,7,8,1,2,CRITICAL,138.0,0.903,1,564.7
CASE9_0422_LINE_8_2,CASE9,422,5,"3,9,2,8,7",6,8,2,0,2,CRITICAL,999.0,0.0,10,564.7
CASE9_0422_LINE_8_9,CASE9,422,5,"3,9,2,8,7",7,8,9,1,2,CRITICAL,149.0,0.892,5,564.7
CASE9_0422_LINE_9_4,CASE9,422,5,"3,9,2,8,7",8,9,4,0,2,CRITICAL,999.0,0.0,10,564.7
CASE9_0423_LINE_1_4,CASE9,423,3,"2,7,8",0,1,4,0,2,CRITICAL,999.0,0.0,10,437.2
CASE9_0423_LINE_4_5,CASE9,423,3,"2,7,8",1,4,5,1,1,ALERT,82.5,0.909,0,437.2
CASE9_0423_LINE_5_6,CASE9,423,3,"2,7,8",2,5,6,1,1,ALERT,81.0,0.928,0,437.2
CASE9_0423_LINE_3_6,CASE9,423,3,"2,7,8",3,3,6,0,2,CRITICAL,999.0,0.0,10,437.2
CASE9_0423_LINE_6_7,CASE9,423,3,"2,7,8",4,6,7,1,1,ALERT,82.0,0.939,0,437.2
CASE9_0423_LINE_7_8,CASE9,423,3,"2,7,8",5,7,8,1,0,SAFE,78.2,0.957,0,437.2
CASE9_0423_LINE_8_2,CASE9,423,3,"2,7,8",6,8,2,0,2,CRITICAL,999.0,0.0,10,437.2
CASE9_0423_LINE_8_9,CASE9,423,3,"2,7,8",7,8,9,1,1,ALERT,81.2,0.91,0,437.2
CASE9_0423_LINE_9_4,CASE9,423,3,"2,7,8",8,9,4,1,2,CRITICAL,136.4,0.731,2,437.2
CASE9_0424_LINE_1_4,CASE9,424,6,"8,5,3,2,4,7",0,1,4,0,2,CRITICAL,999.0,0.0,10,739.8
CASE9_0424_LINE_4_5,CASE9,424,6,"8,5,3,2,4,7",1,4,5,0,2,CRITICAL,999.0,0.0,10,739.8
CASE9_0424_LINE_5_6,CASE9,424,6,"8,5,3,2,4,7",2,5,6,0,2,CRITICAL,999.0,0.0,10,739.8
CASE9_0424_LINE_3_6,CASE9,424,6,"8,5,3,2,4,7",3,3,6,0,2,CRITICAL,999.0,0.0,10,739.8
CASE9_0424_LINE_6_7,CASE9,424,6,"8,5,3,2,4,7",4,6,7,0,2,CRITICAL,999.0,0.0,10,739.8
CASE9_0424_LINE_7_8,CASE9,424,6,"8,5,3,2,4,7",5,7,8,0,2,CRITICAL,999.0,0.0,10,739.8
CASE9_0424_LINE_8_2,CASE9,424,6,"8,5,3,2,4,7",6,8,2,0,2,CRITICAL,999.0,0.0,10,739.8
CASE9_0424_LINE_8_9,CASE9,424,6,"8,5,3,2,4,7",7,8,9,0,2,CRITICAL,999.0,0.0,10,739.8
CASE9_0424_LINE_9_4,CASE9,424,6,"8,5,3,2,4,7",8,9,4,0,2,CRITICAL,999.0,0.0,10,739.8
CASE9_0425_LINE_1_4,CASE9,425,2,"4,3",0,1,4,0,2,CRITICAL,999.0,0.0,10,429.6
CASE9_0425_LINE_4_5,CASE9,425,2,"4,3",1,4,5,1,2,CRITICAL,79.8,0.898,1,429.6
CASE9_0425_LINE_5_6,CASE9,425,2,"4,3",2,5,6,1,1,ALERT,82.5,0.912,0,429.6
CASE9_0425_LINE_3_6,CASE9,425,2,"4,3",3,3,6,0,2,CRITICAL,999.0,0.0,10,429.6
CASE9_0425_LINE_6_7,CASE9,425,2,"4,3",4,6,7,1,1,ALERT,77.3,0.944,0,429.6
CASE9_0425_LINE_7_8,CASE9,425,2,"4,3",5,7,8,1,1,ALERT,87.7,0.917,0,429.6
CASE9_0425_LINE_8_2,CASE9,425,2,"4,3",6,8,2,0,2,CRITICAL,999.0,0.0,10,429.6
CASE9_0425_LINE_8_9,CASE9,425,2,"4,3",7,8,9,1,2,CRITICAL,86.3,0.885,1,429.6
CASE9_0425_LINE_9_4,CASE9,425,2,"4,3",8,9,4,1,2,CRITICAL,79.8,0.79,1,429.6
CASE9_0411_LINE_1_4,CASE9,411,5,"7,8,6,9,3",0,1,4,0,2,CRITICAL,999.0,0.0,10,566.0
CASE9_0411_LINE_4_5,CASE9,411,5,"7,8,6,9,3",1,4,5,0,2,CRITICAL,999.0,0.0,10,566.0
CASE9_0411_LINE_5_6,CASE9,411,5,"7,8,6,9,3",2,5,6,1,2,CRITICAL,148.3,0.868,3,566.0
CASE9_0411_LINE_3_6,CASE9,411,5,"7,8,6,9,3",3,3,6,0,2,CRITICAL,999.0,0.0,10,566.0
CASE9_0411_LINE_6_7,CASE9,411,5,"7,8,6,9,3",4,6,7,1,2,CRITICAL,139.7,0.899,2,566.0
CASE9_0411_LINE_7_8,CASE9,411,5,"7,8,6,9,3",5,7,8,1,2,CRITICAL,168.5,0.818,7,566.0
CASE9_0411_LINE_8_2,CASE9,411,5,"7,8,6,9,3",6,8,2,0,2,CRITICAL,999.0,0.0,10,566.0
CASE9_0411_LINE_8_9,CASE9,411,5,"7,8,6,9,3",7,8,9,1,2,CRITICAL,149.7,0.808,2,566.0
CASE9_0411_LINE_9_4,CASE9,411,5,"7,8,6,9,3",8,9,4,0,2,CRITICAL,999.0,0.0,10,566.0
CASE9_0412_LINE_1_4,CASE9,412,1,7,0,1,4,0,2,CRITICAL,999.0,0.0,10,305.3
CASE9_0412_LINE_4_5,CASE9,412,1,7,1,4,5,1,1,ALERT,65.2,0.909,0,305.3
CASE9_0412_LINE_5_6,CASE9,412,1,7,2,5,6,1,1,ALERT,65.5,0.917,0,305.3
CASE9_0412_LINE_3_6,CASE9,412,1,7,3,3,6,0,2,CRITICAL,999.0,0.0,10,305.3
CASE9_0412_LINE_6_7,CASE9,412,1,7,4,6,7,1,0,SAFE,65.6,0.952,0,305.3
CASE9_0412_LINE_7_8,CASE9,412,1,7,5,7,8,1,1,ALERT,65.3,0.934,0,305.3
CASE9_0412_LINE_8_2,CASE9,412,1,7,6,8,2,0,2,CRITICAL,999.0,0.0,10,305.3
CASE9_0412_LINE_8_9,CASE9,412,1,7,7,8,9,1,2,CRITICAL,96.7,0.888,1,305.3
CASE9_0412_LINE_9_4,CASE9,412,1,7,8,9,4,1,2,CRITICAL,68.8,0.798,1,305.3
CASE9_0413_LINE_1_4,CASE9,413,5,"9,6,8,2,5",0,1,4,0,2,CRITICAL,999.0,0.0,10,606.6
CASE9_0413_LINE_4_5,CASE9,413,5,"9,6,8,2,5",1,4,5,0,2,CRITICAL,999.0,0.0,10,606.6
CASE9_0413_LINE_5_6,CASE9,413,5,"9,6,8,2,5",2,5,6,1,2,CRITICAL,172.9,0.805,3,606.6
CASE9_0413_LINE_3_6,CASE9,413,5,"9,6,8,2,5",3,3,6,0,2,CRITICAL,999.0,0.0,10,606.6
CASE9_0413_LINE_6_7,CASE9,413,5,"9,6,8,2,5",4,6,7,1,2,CRITICAL,166.5,0.855,4,606.6
CASE9_0413_LINE_7_8,CASE9,413,5,"9,6,8,2,5",5,7,8,1,2,CRITICAL,162.9,0.882,4,606.6
CASE9_0413_LINE_8_2,CASE9,413,5,"9,6,8,2,5",6,8,2,0,2,CRITICAL,999.0,0.0,10,606.6
CASE9_0413_LINE_8_9,CASE9,413,5,"9,6,8,2,5",7,8,9,1,2,CRITICAL,174.3,0.798,4,606.6
CASE9_0413_LINE_9_4,CASE9,413,5,"9,6,8,2,5",8,9,4,0,2,CRITICAL,999.0,0.0,10,606.6
CASE9_0414_LINE_1_4,CASE9,414,3,"9,4,7",0,1,4,0,2,CRITICAL,999.0,0.0,10,453.1
CASE9_0414_LINE_4_5,CASE9,414,3,"9,4,7",1,4,5,1,2,CRITICAL,91.0,0.886,1,453.1
CASE9_0414_LINE_5_6,CASE9,414,3,"9,4,7",2,5,6,1,1,ALERT,92.1,0.91,0,453.1
CASE9_0414_LINE_3_6,CASE9,414,3,"9,4,7",3,3,6,0,2,CRITICAL,999.0,0.0,10,453.1
CASE9_0414_LINE_6_7,CASE9,414,3,"9,4,7",4,6,7,1,2,CRITICAL,91.5,0.862,1,453.1
CASE9_0414_LINE_7_8,CASE9,414,3,"9,4,7",5,7,8,1,2,CRITICAL,141.9,0.785,4,453.1
CASE9_0414_LINE_8_2,CASE9,414,3,"9,4,7",6,8,2,0,2,CRITICAL,999.0,0.0,10,453.1
CASE9_0414_LINE_8_9,CASE9,414,3,"9,4,7",7,8,9,1,2,CRITICAL,93.9,0.89,1,453.1
CASE9_0414_LINE_9_4,CASE9,414,3,"9,4,7",8,9,4,1,2,CRITICAL,102.5,0.77,2,453.1
CASE9_0415_LINE_1_4,CASE9,415,6,"7,2,5,6,9,8",0,1,4,0,2,CRITICAL,999.0,0.0,10,590.1
CASE9_0415_LINE_4_5,CASE9,415,6,"7,2,5,6,9,8",1,4,5,0,2,CRITICAL,999.0,0.0,10,590.1
CASE9_0415_LINE_5_6,CASE9,415,6,"7,2,5,6,9,8",2,5,6,1,2,CRITICAL,181.7,0.777,7,590.1
CASE9_0415_LINE_3_6,CASE9,415,6,"7,2,5,6,9,8",3,3,6,0,2,CRITICAL,999.0,0.0,10,590.1
CASE9_0415_LINE_6_7,CASE9,415,6,"7,2,5,6,9,8",4,6,7,1,2,CRITICAL,171.8,0.769,5,590.1
CASE9_0415_LINE_7_8,CASE9,415,6,"7,2,5,6,9,8",5,7,8,0,2,CRITICAL,999.0,0.0,10,590.1
CASE9_0415_LINE_8_2,CASE9,415,6,"7,2,5,6,9,8",6,8,2,0,2,CRITICAL,999.0,0.0,10,590.1
CASE9_0415_LINE_8_9,CASE9,415,6,"7,2,5,6,9,8",7,8,9,1,2,CRITICAL,166.2,0.824,4,590.1
CASE9_0415_LINE_9_4,CASE9,415,6,"7,2,5,6,9,8",8,9,4,0,2,CRITICAL,999.0,0.0,10,590.1
CASE9_0416_LINE_1_4,CASE9,416,5,"8,3,2,9,7",0,1,4,0,2,CRITICAL,999.0,0.0,10,606.7
CASE9_0416_LINE_4_5,CASE9,416,5,"8,3,2,9,7",1,4,5,0,2,CRITICAL,999.0,0.0,10,606.7
CASE9_0416_LINE_5_6,CASE9,416,5,"8,3,2,9,7",2,5,6,1,2,CRITICAL,176.8,0.821,5,606.7
CASE9_0416_LINE_3_6,CASE9,416,5,"8,3,2,9,7",3,3,6,0,2,CRITICAL,999.0,0.0,10,606.7
CASE9_0416_LINE_6_7,CASE9,416,5,"8,3,2,9,7",4,6,7,1,2,CRITICAL,188.8,0.747,7,606.7
CASE9_0416_LINE_7_8,CASE9,416,5,"8,3,2,9,7",5,7,8,1,2,CRITICAL,177.9,0.764,8,606.7
CASE9_0416_LINE_8_2,CASE9,416,5,"8,3,2,9,7",6,8,2,0,2,CRITICAL,999.0,0.0,10,606.7
CASE9_0416_LINE_8_9,CASE9,416,5,"8,3,2,9,7",7,8,9,1,2,CRITICAL,178.0,0.762,4,606.7
CASE9_0416_LINE_9_4,CASE9,416,5,"8,3,2,9,7",8,9,4,0,2,CRITICAL,999.0,0.0,10,606.7
CASE9_0417_LINE_1_4,CASE9,417,5,"9,6,4,7,3",0,1,4,0,2,CRITICAL,999.0,0.0,10,663.4
CASE9_0417_LINE_4_5,CASE9,417,5,"9,6,4,7,3",1,4,5,0,2,CRITICAL,999.0,0.0,10,663.4
CASE9_0417_LINE_5_6,CASE9,417,5,"9,6,4,7,3",2,5,6,1,2,CRITICAL,212.6,0.78,5,663.4
CASE9_0417_LINE_3_6,CASE9,417,5,"9,6,4,7,3",3,3,6,0,2,CRITICAL,999.0,0.0,10,663.4
CASE9_0417_LINE_6_7,CASE9,417,5,"9,6,4,7,3",4,6,7,1,2,CRITICAL,197.5,0.828,3,663.4
CASE9_0417_LINE_7_8,CASE9,417,5,"9,6,4,7,3",5,7,8,0,2,CRITICAL,999.0,0.0,10,663.4
CASE9_0417_LINE_8_2,CASE9,417,5,"9,6,4,7,3",6,8,2,0,2,CRITICAL,999.0,0.0,10,663.4
CASE9_0417_LINE_8_9,CASE9,417,5,"9,6,4,7,3",7,8,9,0,2,CRITICAL,999.0,0.0,10,663.4
CASE9_0417_LINE_9_4,CASE9,417,5,"9,6,4,7,3",8,9,4,0,2,CRITICAL,999.0,0.0,10,663.4
CASE9_0418_LINE_1_4,CASE9,418,5,"7,6,9,3,5",0,1,4,0,2,CRITICAL,999.0,0.0,10,443.6
CASE9_0418_LINE_4_5,CASE9,418,5,"7,6,9,3,5",1,4,5,1,2,CRITICAL,95.9,0.747,1,443.6
CASE9_0418_LINE_5_6,CASE9,418,5,"7,6,9,3,5",2,5,6,1,2,CRITICAL,91.5,0.876,1,443.6
CASE9_0418_LINE_3_6,CASE9,418,5,"7,6,9,3,5",3,3,6,0,2,CRITICAL,999.0,0.0,10,443.6
CASE9_0418_LINE_6_7,CASE9,418,5,"7,6,9,3,5",4,6,7,1,1,ALERT,85.5,0.926,0,443.6
CASE9_0418_LINE_7_8,CASE9,418,5,"7,6,9,3,5",5,7,8,1,2,CRITICAL,96.5,0.899,1,443.6
CASE9_0418_LINE_8_2,CASE9,418,5,"7,6,9,3,5",6,8,2,0,2,CRITICAL,999.0,0.0,10,443.6
CASE9_0418_LINE_8_9,CASE9,418,5,"7,6,9,3,5",7,8,9,1,2,CRITICAL,96.5,0.847,1,443.6
CASE9_0418_LINE_9_4,CASE9,418,5,"7,6,9,3,5",8,9,4,0,2,CRITICAL,999.0,0.0,10,443.6
CASE9_0419_LINE_1_4,CASE9,419,2,"4,5",0,1,4,0,2,CRITICAL,999.0,0.0,10,425.8
CASE9_0419_LINE_4_5,CASE9,419,2,"4,5",1,4,5,1,2,CRITICAL,79.0,0.886,1,425.8
CASE9_0419_LINE_5_6,CASE9,419,2,"4,5",2,5,6,1,2,CRITICAL,90.0,0.884,1,425.8
CASE9_0419_LINE_3_6,CASE9,419,2,"4,5",3,3,6,0,2,CRITICAL,999.0,0.0,10,425.8
CASE9_0419_LINE_6_7,CASE9,419,2,"4,5",4,6,7,1,1,ALERT,79.2,0.936,0,425.8
CASE9_0419_LINE_7_8,CASE9,419,2,"4,5",5,7,8,1,1,ALERT,85.0,0.916,0,425.8
CASE9_0419_LINE_8_2,CASE9,419,2,"4,5",6,8,2,0,2,CRITICAL,999.0,0.0,10,425.8
CASE9_0419_LINE_8_9,CASE9,419,2,"4,5",7,8,9,1,2,CRITICAL,95.0,0.861,1,425.8
CASE9_0419_LINE_9_4,CASE9,419,2,"4,5",8,9,4,1,2,CRITICAL,78.3,0.792,1,425.8
CASE9_0420_LINE_1_4,CASE9,420,3,"2,3,8",0,1,4,0,2,CRITICAL,999.0,0.0,10,457.1
CASE9_0420_LINE_4_5,CASE9,420,3,"2,3,8",1,4,5,1,2,CRITICAL,94.4,0.892,1,457.1
CASE9_0420_LINE_5_6,CASE9,420,3,"2,3,8",2,5,6,1,1,ALERT,89.1,0.928,0,457.1
CASE9_0420_LINE_3_6,CASE9,420,3,"2,3,8",3,3,6,0,2,CRITICAL,999.0,0.0,10,457.1
CASE9_0420_LINE_6_7,CASE9,420,3,"2,3,8",4,6,7,1,1,ALERT,87.4,0.937,0,457.1
CASE9_0420_LINE_7_8,CASE9,420,3,"2,3,8",5,7,8,1,1,ALERT,90.5,0.926,0,457.1
CASE9_0420_LINE_8_2,CASE9,420,3,"2,3,8",6,8,2,0,2,CRITICAL,999.0,0.0,10,457.1
CASE9_0420_LINE_8_9,CASE9,420,3,"2,3,8",7,8,9,1,1,ALERT,89.7,0.908,0,457.1
CASE9_0420_LINE_9_4,CASE9,420,3,"2,3,8",8,9,4,1,2,CRITICAL,109.9,0.754,3,457.1
CASE9_0426_LINE_1_4,CASE9,426,3,"7,3,8",0,1,4,0,2,CRITICAL,999.0,0.0,10,416.8
CASE9_0426_LINE_4_5,CASE9,426,3,"7,3,8",1,4,5,1,2,CRITICAL,74.7,0.891,1,416.8
CASE9_0426_LINE_5_6,CASE9,426,3,"7,3,8",2,5,6,1,1,ALERT,73.2,0.927,0,416.8
CASE9_0426_LINE_3_6,CASE9,426,3,"7,3,8",3,3,6,0,2,CRITICAL,999.0,0.0,10,416.8
CASE9_0426_LINE_6_7,CASE9,426,3,"7,3,8",4,6,7,1,1,ALERT,71.9,0.907,0,416.8
CASE9_0426_LINE_7_8,CASE9,426,3,"7,3,8",5,7,8,1,2,CRITICAL,94.3,0.888,1,416.8
CASE9_0426_LINE_8_2,CASE9,426,3,"7,3,8",6,8,2,0,2,CRITICAL,999.0,0.0,10,416.8
CASE9_0426_LINE_8_9,CASE9,426,3,"7,3,8",7,8,9,1,1,ALERT,74.2,0.907,0,416.8
CASE9_0426_LINE_9_4,CASE9,426,3,"7,3,8",8,9,4,1,2,CRITICAL,101.4,0.749,2,416.8
CASE9_0427_LINE_1_4,CASE9,427,4,"9,5,7,3",0,1,4,0,2,CRITICAL,999.0,0.0,10,393.7
CASE9_0427_LINE_4_5,CASE9,427,4,"9,5,7,3",1,4,5,1,2,CRITICAL,77.8,0.852,1,393.7
CASE9_0427_LINE_5_6,CASE9,427,4,"9,5,7,3",2,5,6,1,2,CRITICAL,75.0,0.886,2,393.7
CASE9_0427_LINE_3_6,CASE9,427,4,"9,5,7,3",3,3,6,0,2,CRITICAL,999.0,0.0,10,393.7
CASE9_0427_LINE_6_7,CASE9,427,4,"9,5,7,3",4,6,7,1,1,ALERT,65.9,0.92,0,393.7
CASE9_0427_LINE_7_8,CASE9,427,4,"9,5,7,3",5,7,8,1,1,ALERT,70.2,0.902,0,393.7
CASE9_0427_LINE_8_2,CASE9,427,4,"9,5,7,3",6,8,2,0,2,CRITICAL,999.0,0.0,10,393.7
CASE9_0427_LINE_8_9,CASE9,427,4,"9,5,7,3",7,8,9,1,2,CRITICAL,88.1,0.811,1,393.7
CASE9_0427_LINE_9_4,CASE9,427,4,"9,5,7,3",8,9,4,0,2,CRITICAL,999.0,0.0,10,393.7
CASE9_0428_LINE_1_4,CASE9,428,6,"6,8,4,2,3,5",0,1,4,0,2,CRITICAL,999.0,0.0,10,506.2
CASE9_0428_LINE_4_5,CASE9,428,6,"6,8,4,2,3,5",1,4,5,1,2,CRITICAL,114.1,0.922,1,506.2
CASE9_0428_LINE_5_6,CASE9,428,6,"6,8,4,2,3,5",2,5,6,1,2,CRITICAL,109.8,0.938,1,506.2
CASE9_0428_LINE_3_6,CASE9,428,6,"6,8,4,2,3,5",3,3,6,0,2,CRITICAL,999.0,0.0,10,506.2
CASE9_0428_LINE_6_7,CASE9,428,6,"6,8,4,2,3,5",4,6,7,1,2,CRITICAL,109.3,0.924,1,506.2
CASE9_0428_LINE_7_8,CASE9,428,6,"6,8,4,2,3,5",5,7,8,1,2,CRITICAL,109.8,0.925,1,506.2
CASE9_0428_LINE_8_2,CASE9,428,6,"6,8,4,2,3,5",6,8,2,0,2,CRITICAL,999.0,0.0,10,506.2
CASE9_0428_LINE_8_9,CASE9,428,6,"6,8,4,2,3,5",7,8,9,1,2,CRITICAL,110.7,0.9,1,506.2
CASE9_0428_LINE_9_4,CASE9,428,6,"6,8,4,2,3,5",8,9,4,1,2,CRITICAL,127.1,0.724,5,506.2
CASE9_0429_LINE_1_4,CASE9,429,3,"8,2,7",0,1,4,0,2,CRITICAL,999.0,0.0,10,452.1
CASE9_0429_LINE_4_5,CASE9,429,3,"8,2,7",1,4,5,1,2,CRITICAL,90.6,0.9,1,452.1
CASE9_0429_LINE_5_6,CASE9,429,3,"8,2,7",2,5,6,1,1,ALERT,87.2,0.927,0,452.1
CASE9_0429_LINE_3_6,CASE9,429,3,"8,2,7",3,3,6,0,2,CRITICAL,999.0,0.0,10,452.1
CASE9_0429_LINE_6_7,CASE9,429,3,"8,2,7",4,6,7,1,1,ALERT,90.1,0.92,0,452.1
CASE9_0429_LINE_7_8,CASE9,429,3,"8,2,7",5,7,8,1,1,ALERT,85.1,0.934,0,452.1
CASE9_0429_LINE_8_2,CASE9,429,3,"8,2,7",6,8,2,0,2,CRITICAL,999.0,0.0,10,452.1
CASE9_0429_LINE_8_9,CASE9,429,3,"8,2,7",7,8,9,1,1,ALERT,87.6,0.908,0,452.1
CASE9_0429_LINE_9_4,CASE9,429,3,"8,2,7",8,9,4,1,2,CRITICAL,147.3,0.727,4,452.1
CASE9_0430_LINE_1_4,CASE9,430,7,"2,9,3,4,8,5,7",0,1,4,0,2,CRITICAL,999.0,0.0,10,732.4
CASE9_0430_LINE_4_5,CASE9,430,7,"2,9,3,4,8,5,7",1,4,5,0,2,CRITICAL,999.0,0.0,10,732.4
CASE9_0430_LINE_5_6,CASE9,430,7,"2,9,3,4,8,5,7",2,5,6,0,2,CRITICAL,999.0,0.0,10,732.4
CASE9_0430_LINE_3_6,CASE9,430,7,"2,9,3,4,8,5,7",3,3,6,0,2,CRITICAL,999.0,0.0,10,732.4
CASE9_0430_LINE_6_7,CASE9,430,7,"2,9,3,4,8,5,7",4,6,7,0,2,CRITICAL,999.0,0.0,10,732.4
CASE9_0430_LINE_7_8,CASE9,430,7,"2,9,3,4,8,5,7",5,7,8,0,2,CRITICAL,999.0,0.0,10,732.4
CASE9_0430_LINE_8_2,CASE9,430,7,"2,9,3,4,8,5,7",6,8,2,0,2,CRITICAL,999.0,0.0,10,732.4
CASE9_0430_LINE_8_9,CASE9,430,7,"2,9,3,4,8,5,7",7,8,9,0,2,CRITICAL,999.0,0.0,10,732.4
CASE9_0430_LINE_9_4,CASE9,430,7,"2,9,3,4,8,5,7",8,9,4,0,2,CRITICAL,999.0,0.0,10,732.4
CASE9_0406_LINE_1_4,CASE9,406,8,"2,6,8,7,4,3,5,9",0,1,4,0,2,CRITICAL,999.0,0.0,10,715.6
CASE9_0406_LINE_4_5,CASE9,406,8,"2,6,8,7,4,3,5,9",1,4,5,0,2,CRITICAL,999.0,0.0,10,715.6
CASE9_0406_LINE_5_6,CASE9,406,8,"2,6,8,7,4,3,5,9",2,5,6,0,2,CRITICAL,999.0,0.0,10,715.6
CASE9_0406_LINE_3_6,CASE9,406,8,"2,6,8,7,4,3,5,9",3,3,6,0,2,CRITICAL,999.0,0.0,10,715.6
CASE9_0406_LINE_6_7,CASE9,406,8,"2,6,8,7,4,3,5,9",4,6,7,1,2,CRITICAL,227.4,0.807,6,715.6
CASE9_0406_LINE_7_8,CASE9,406,8,"2,6,8,7,4,3,5,9",5,7,8,1,2,CRITICAL,255.3,0.74,8,715.6
CASE9_0406_LINE_8_2,CASE9,406,8,"2,6,8,7,4,3,5,9",6,8,2,0,2,CRITICAL,999.0,0.0,10,715.6
CASE9_0406_LINE_8_9,CASE9,406,8,"2,6,8,7,4,3,5,9",7,8,9,0,2,CRITICAL,999.0,0.0,10,715.6
CASE9_0406_LINE_9_4,CASE9,406,8,"2,6,8,7,4,3,5,9",8,9,4,0,2,CRITICAL,999.0,0.0,10,715.6
CASE9_0407_LINE_1_4,CASE9,407,3,"8,6,2",0,1,4,0,2,CRITICAL,999.0,0.0,10,538.5
CASE9_0407_LINE_4_5,CASE9,407,3,"8,6,2",1,4,5,1,2,CRITICAL,167.4,0.771,7,538.5
CASE9_0407_LINE_5_6,CASE9,407,3,"8,6,2",2,5,6,1,2,CRITICAL,128.7,0.906,1,538.5
CASE9_0407_LINE_3_6,CASE9,407,3,"8,6,2",3,3,6,0,2,CRITICAL,999.0,0.0,10,538.5
CASE9_0407_LINE_6_7,CASE9,407,3,"8,6,2",4,6,7,1,2,CRITICAL,124.3,0.924,1,538.5
CASE9_0407_LINE_7_8,CASE9,407,3,"8,6,2",5,7,8,1,2,CRITICAL,129.8,0.881,2,538.5
CASE9_0407_LINE_8_2,CASE9,407,3,"8,6,2",6,8,2,0,2,CRITICAL,999.0,0.0,10,538.5
CASE9_0407_LINE_8_9,CASE9,407,3,"8,6,2",7,8,9,1,2,CRITICAL,129.4,0.888,2,538.5
CASE9_0407_LINE_9_4,CASE9,407,3,"8,6,2",8,9,4,0,2,CRITICAL,999.0,0.0,10,538.5
CASE9_0408_LINE_1_4,CASE9,408,4,"6,8,3,2",0,1,4,0,2,CRITICAL,999.0,0.0,10,560.9
CASE9_0408_LINE_4_5,CASE9,408,4,"6,8,3,2",1,4,5,0,2,CRITICAL,999.0,0.0,10,560.9
CASE9_0408_LINE_5_6,CASE9,408,4,"6,8,3,2",2,5,6,1,2,CRITICAL,143.4,0.892,3,560.9
CASE9_0408_LINE_3_6,CASE9,408,4,"6,8,3,2",3,3,6,0,2,CRITICAL,999.0,0.0,10,560.9
CASE9_0408_LINE_6_7,CASE9,408,4,"6,8,3,2",4,6,7,1,2,CRITICAL,134.5,0.916,1,560.9
CASE9_0408_LINE_7_8,CASE9,408,4,"6,8,3,2",5,7,8,1,2,CRITICAL,151.2,0.862,5,560.9
CASE9_0408_LINE_8_2,CASE9,408,4,"6,8,3,2",6,8,2,0,2,CRITICAL,999.0,0.0,10,560.9
CASE9_0408_LINE_8_9,CASE9,408,4,"6,8,3,2",7,8,9,1,2,CRITICAL,142.1,0.88,2,560.9
CASE9_0408_LINE_9_4,CASE9,408,4,"6,8,3,2",8,9,4,0,2,CRITICAL,999.0,0.0,10,560.9
CASE9_0409_LINE_1_4,CASE9,409,4,"8,4,9,3",0,1,4,0,2,CRITICAL,999.0,0.0,10,406.3
CASE9_0409_LINE_4_5,CASE9,409,4,"8,4,9,3",1,4,5,1,2,CRITICAL,68.9,0.894,1,406.3
CASE9_0409_LINE_5_6,CASE9,409,4,"8,4,9,3",2,5,6,1,1,ALERT,67.3,0.934,0,406.3
CASE9_0409_LINE_3_6,CASE9,409,4,"8,4,9,3",3,3,6,0,2,CRITICAL,999.0,0.0,10,406.3
CASE9_0409_LINE_6_7,CASE9,409,4,"8,4,9,3",4,6,7,1,1,ALERT,66.3,0.941,0,406.3
CASE9_0409_LINE_7_8,CASE9,409,4,"8,4,9,3",5,7,8,1,1,ALERT,71.8,0.923,0,406.3
CASE9_0409_LINE_8_2,CASE9,409,4,"8,4,9,3",6,8,2,0,2,CRITICAL,999.0,0.0,10,406.3
CASE9_0409_LINE_8_9,CASE9,409,4,"8,4,9,3",7,8,9,1,1,ALERT,66.5,0.95,0,406.3
CASE9_0409_LINE_9_4,CASE9,409,4,"8,4,9,3",8,9,4,1,1,ALERT,66.9,0.905,0,406.3
CASE9_0410_LINE_1_4,CASE9,410,5,"8,6,4,5,3",0,1,4,0,2,CRITICAL,999.0,0.0,10,582.9
CASE9_0410_LINE_4_5,CASE9,410,5,"8,6,4,5,3",1,4,5,0,2,CRITICAL,999.0,0.0,10,582.9
CASE9_0410_LINE_5_6,CASE9,410,5,"8,6,4,5,3",2,5,6,1,2,CRITICAL,152.2,0.842,2,582.9
CASE9_0410_LINE_3_6,CASE9,410,5,"8,6,4,5,3",3,3,6,0,2,CRITICAL,999.0,0.0,10,582.9
CASE9_0410_LINE_6_7,CASE9,410,5,"8,6,4,5,3",4,6,7,1,2,CRITICAL,144.3,0.925,1,582.9
CASE9_0410_LINE_7_8,CASE9,410,5,"8,6,4,5,3",5,7,8,1,2,CRITICAL,158.5,0.866,4,582.9
CASE9_0410_LINE_8_2,CASE9,410,5,"8,6,4,5,3",6,8,2,0,2,CRITICAL,999.0,0.0,10,582.9
CASE9_0410_LINE_8_9,CASE9,410,5,"8,6,4,5,3",7,8,9,1,2,CRITICAL,150.7,0.865,2,582.9
CASE9_0410_LINE_9_4,CASE9,410,5,"8,6,4,5,3",8,9,4,1,2,CRITICAL,167.1,0.737,4,582.9
CASE9_0431_LINE_1_4,CASE9,431,1,4,0,1,4,0,2,CRITICAL,999.0,0.0,10,363.5
CASE9_0431_LINE_4_5,CASE9,431,1,4,1,4,5,1,1,ALERT,65.2,0.907,0,363.5
CASE9_0431_LINE_5_6,CASE9,431,1,4,2,5,6,1,1,ALERT,65.6,0.91,0,363.5
CASE9_0431_LINE_3_6,CASE9,431,1,4,3,3,6,0,2,CRITICAL,999.0,0.0,10,363.5
CASE9_0431_LINE_6_7,CASE9,431,1,4,4,6,7,1,1,ALERT,66.0,0.945,0,363.5
CASE9_0431_LINE_7_8,CASE9,431,1,4,5,7,8,1,1,ALERT,70.2,0.927,0,363.5
CASE9_0431_LINE_8_2,CASE9,431,1,4,6,8,2,0,2,CRITICAL,999.0,0.0,10,363.5
CASE9_0431_LINE_8_9,CASE9,431,1,4,7,8,9,1,2,CRITICAL,91.0,0.88,1,363.5
CASE9_0431_LINE_9_4,CASE9,431,1,4,8,9,4,1,2,CRITICAL,69.3,0.793,1,363.5
CASE9_0432_LINE_1_4,CASE9,432,8,"3,9,6,7,8,4,2,5",0,1,4,0,2,CRITICAL,999.0,0.0,10,565.3
CASE9_0432_LINE_4_5,CASE9,432,8,"3,9,6,7,8,4,2,5",1,4,5,0,2,CRITICAL,999.0,0.0,10,565.3
CASE9_0432_LINE_5_6,CASE9,432,8,"3,9,6,7,8,4,2,5",2,5,6,1,2,CRITICAL,146.7,0.886,2,565.3
CASE9_0432_LINE_3_6,CASE9,432,8,"3,9,6,7,8,4,2,5",3,3,6,0,2,CRITICAL,999.0,0.0,10,565.3
CASE9_0432_LINE_6_7,CASE9,432,8,"3,9,6,7,8,4,2,5",4,6,7,1,2,CRITICAL,143.3,0.812,4,565.3
CASE9_0432_LINE_7_8,CASE9,432,8,"3,9,6,7,8,4,2,5",5,7,8,0,2,CRITICAL,999.0,0.0,10,565.3
CASE9_0432_LINE_8_2,CASE9,432,8,"3,9,6,7,8,4,2,5",6,8,2,0,2,CRITICAL,999.0,0.0,10,565.3
CASE9_0432_LINE_8_9,CASE9,432,8,"3,9,6,7,8,4,2,5",7,8,9,1,2,CRITICAL,144.2,0.895,2,565.3
CASE9_0432_LINE_9_4,CASE9,432,8,"3,9,6,7,8,4,2,5",8,9,4,0,2,CRITICAL,999.0,0.0,10,565.3
CASE9_0433_LINE_1_4,CASE9,433,4,"8,5,9,6",0,1,4,0,2,CRITICAL,999.0,0.0,10,454.2
CASE9_0433_LINE_4_5,CASE9,433,4,"8,5,9,6",1,4,5,1,2,CRITICAL,102.9,0.697,3,454.2
CASE9_0433_LINE_5_6,CASE9,433,4,"8,5,9,6",2,5,6,1,2,CRITICAL,92.2,0.881,1,454.2
CASE9_0433_LINE_3_6,CASE9,433,4,"8,5,9,6",3,3,6,0,2,CRITICAL,999.0,0.0,10,454.2
CASE9_0433_LINE_6_7,CASE9,433,4,"8,5,9,6",4,6,7,1,1,ALERT,87.2,0.929,0,454.2
CASE9_0433_LINE_7_8,CASE9,433,4,"8,5,9,6",5,7,8,1,1,ALERT,94.0,0.905,0,454.2
CASE9_0433_LINE_8_2,CASE9,433,4,"8,5,9,6",6,8,2,0,2,CRITICAL,999.0,0.0,10,454.2
CASE9_0433_LINE_8_9,CASE9,433,4,"8,5,9,6",7,8,9,1,1,ALERT,90.3,0.91,0,454.2
CASE9_0433_LINE_9_4,CASE9,433,4,"8,5,9,6",8,9,4,1,2,CRITICAL,95.1,0.802,1,454.2
CASE9_0434_LINE_1_4,CASE9,434,2,"4,7",0,1,4,0,2,CRITICAL,999.0,0.0,10,389.4
CASE9_0434_LINE_4_5,CASE9,434,2,"4,7",1,4,5,1,1,ALERT,65.2,0.912,0,389.4
CASE9_0434_LINE_5_6,CASE9,434,2,"4,7",2,5,6,1,2,CRITICAL,78.4,0.89,2,389.4
CASE9_0434_LINE_3_6,CASE9,434,2,"4,7",3,3,6,0,2,CRITICAL,999.0,0.0,10,389.4
CASE9_0434_LINE_6_7,CASE9,434,2,"4,7",4,6,7,1,1,ALERT,65.5,0.938,0,389.4
CASE9_0434_LINE_7_8,CASE9,434,2,"4,7",5,7,8,1,1,ALERT,68.0,0.922,0,389.4
CASE9_0434_LINE_8_2,CASE9,434,2,"4,7",6,8,2,0,2,CRITICAL,999.0,0.0,10,389.4
CASE9_0434_LINE_8_9,CASE9,434,2,"4,7",7,8,9,1,2,CRITICAL,108.0,0.856,2,389.4
CASE9_0434_LINE_9_4,CASE9,434,2,"4,7",8,9,4,1,2,CRITICAL,68.1,0.803,1,389.4
CASE9_0435_LINE_1_4,CASE9,435,4,"2,9,4,8",0,1,4,0,2,CRITICAL,999.0,0.0,10,487.0
CASE9_0435_LINE_4_5,CASE9,435,4,"2,9,4,8",1,4,5,1,2,CRITICAL,104.7,0.901,1,487.0
CASE9_0435_LINE_5_6,CASE9,435,4,"2,9,4,8",2,5,6,1,2,CRITICAL,102.4,0.92,1,487.0
CASE9_0435_LINE_3_6,CASE9,435,4,"2,9,4,8",3,3,6,0,2,CRITICAL,999.0,0.0,10,487.0
CASE9_0435_LINE_6_7,CASE9,435,4,"2,9,4,8",4,6,7,1,2,CRITICAL,104.1,0.925,1,487.0
CASE9_0435_LINE_7_8,CASE9,435,4,"2,9,4,8",5,7,8,1,1,ALERT,99.8,0.937,0,487.0
CASE9_0435_LINE_8_2,CASE9,435,4,"2,9,4,8",6,8,2,0,2,CRITICAL,999.0,0.0,10,487.0
CASE9_0435_LINE_8_9,CASE9,435,4,"2,9,4,8",7,8,9,1,2,CRITICAL,102.5,0.908,1,487.0
CASE9_0435_LINE_9_4,CASE9,435,4,"2,9,4,8",8,9,4,1,2,CRITICAL,131.1,0.784,3,487.0
CASE9_0436_LINE_1_4,CASE9,436,5,"8,3,7,9,6",0,1,4,0,2,CRITICAL,999.0,0.0,10,636.2
CASE9_0436_LINE_4_5,CASE9,436,5,"8,3,7,9,6",1,4,5,0,2,CRITICAL,999.0,0.0,10,636.2
CASE9_0436_LINE_5_6,CASE9,436,5,"8,3,7,9,6",2,5,6,0,2,CRITICAL,999.0,0.0,10,636.2
CASE9_0436_LINE_3_6,CASE9,436,5,"8,3,7,9,6",3,3,6,0,2,CRITICAL,999.0,0.0,10,636.2
CASE9_0436_LINE_6_7,CASE9,436,5,"8,3,7,9,6",4,6,7,1,2,CRITICAL,185.1,0.752,4,636.2
CASE9_0436_LINE_7_8,CASE9,436,5,"8,3,7,9,6",5,7,8,0,2,CRITICAL,999.0,0.0,10,636.2
CASE9_0436_LINE_8_2,CASE9,436,5,"8,3,7,9,6",6,8,2,0,2,CRITICAL,999.0,0.0,10,636.2
CASE9_0436_LINE_8_9,CASE9,436,5,"8,3,7,9,6",7,8,9,0,2,CRITICAL,999.0,0.0,10,636.2
CASE9_0436_LINE_9_4,CASE9,436,5,"8,3,7,9,6",8,9,4,0,2,CRITICAL,999.0,0.0,10,636.2
CASE9_0437_LINE_1_4,CASE9,437,2,"9,6",0,1,4,0,2,CRITICAL,999.0,0.0,10,526.0
CASE9_0437_LINE_4_5,CASE9,437,2,"9,6",1,4,5,1,2,CRITICAL,144.1,0.809,4,526.0
CASE9_0437_LINE_5_6,CASE9,437,2,"9,6",2,5,6,1,2,CRITICAL,130.0,0.861,3,526.0
CASE9_0437_LINE_3_6,CASE9,437,2,"9,6",3,3,6,0,2,CRITICAL,999.0,0.0,10,526.0
CASE9_0437_LINE_6_7,CASE9,437,2,"9,6",4,6,7,1,2,CRITICAL,123.9,0.873,2,526.0
CASE9_0437_LINE_7_8,CASE9,437,2,"9,6",5,7,8,1,2,CRITICAL,142.5,0.841,4,526.0
CASE9_0437_LINE_8_2,CASE9,437,2,"9,6",6,8,2,0,2,CRITICAL,999.0,0.0,10,526.0
CASE9_0437_LINE_8_9,CASE9,437,2,"9,6",7,8,9,1,2,CRITICAL,157.7,0.676,4,526.0
CASE9_0437_LINE_9_4,CASE9,437,2,"9,6",8,9,4,0,2,CRITICAL,999.0,0.0,10,526.0
CASE9_0438_LINE_1_4,CASE9,438,6,"9,4,6,7,2,3",0,1,4,0,2,CRITICAL,999.0,0.0,10,549.9
CASE9_0438_LINE_4_5,CASE9,438,6,"9,4,6,7,2,3",1,4,5,1,2,CRITICAL,148.8,0.84,4,549.9
CASE9_0438_LINE_5_6,CASE9,438,6,"9,4,6,7,2,3",2,5,6,1,2,CRITICAL,135.4,0.892,3,549.9
CASE9_0438_LINE_3_6,CASE9,438,6,"9,4,6,7,2,3",3,3,6,0,2,CRITICAL,999.0,0.0,10,549.9
CASE9_0438_LINE_6_7,CASE9,438,6,"9,4,6,7,2,3",4,6,7,1,2,CRITICAL,131.2,0.898,2,549.9
CASE9_0438_LINE_7_8,CASE9,438,6,"9,4,6,7,2,3",5,7,8,1,2,CRITICAL,133.2,0.908,1,549.9
CASE9_0438_LINE_8_2,CASE9,438,6,"9,4,6,7,2,3",6,8,2,0,2,CRITICAL,999.0,0.0,10,549.9
CASE9_0438_LINE_8_9,CASE9,438,6,"9,4,6,7,2,3",7,8,9,1,2,CRITICAL,142.1,0.801,2,549.9
CASE9_0438_LINE_9_4,CASE9,438,6,"9,4,6,7,2,3",8,9,4,0,2,CRITICAL,999.0,0.0,10,549.9
CASE9_0439_LINE_1_4,CASE9,439,5,"9,6,7,8,4",0,1,4,0,2,CRITICAL,999.0,0.0,10,534.8
CASE9_0439_LINE_4_5,CASE9,439,5,"9,6,7,8,4",1,4,5,1,2,CRITICAL,142.5,0.849,4,534.8
CASE9_0439_LINE_5_6,CASE9,439,5,"9,6,7,8,4",2,5,6,1,2,CRITICAL,126.8,0.902,1,534.8
CASE9_0439_LINE_3_6,CASE9,439,5,"9,6,7,8,4",3,3,6,0,2,CRITICAL,999.0,0.0,10,534.8
CASE9_0439_LINE_6_7,CASE9,439,5,"9,6,7,8,4",4,6,7,1,2,CRITICAL,122.6,0.919,1,534.8
CASE9_0439_LINE_7_8,CASE9,439,5,"9,6,7,8,4",5,7,8,1,2,CRITICAL,128.1,0.905,1,534.8
CASE9_0439_LINE_8_2,CASE9,439,5,"9,6,7,8,4",6,8,2,0,2,CRITICAL,999.0,0.0,10,534.8
CASE9_0439_LINE_8_9,CASE9,439,5,"9,6,7,8,4",7,8,9,1,2,CRITICAL,127.5,0.871,2,534.8
CASE9_0439_LINE_9_4,CASE9,439,5,"9,6,7,8,4",8,9,4,0,2,CRITICAL,999.0,0.0,10,534.8
CASE9_0440_LINE_1_4,CASE9,440,4,"7,4,9,6",0,1,4,0,2,CRITICAL,999.0,0.0,10,640.2
CASE9_0440_LINE_4_5,CASE9,440,4,"7,4,9,6",1,4,5,0,2,CRITICAL,999.0,0.0,10,640.2
CASE9_0440_LINE_5_6,CASE9,440,4,"7,4,9,6",2,5,6,1,2,CRITICAL,187.2,0.84,4,640.2
CASE9_0440_LINE_3_6,CASE9,440,4,"7,4,9,6",3,3,6,0,2,CRITICAL,999.0,0.0,10,640.2
CASE9_0440_LINE_6_7,CASE9,440,4,"7,4,9,6",4,6,7,1,2,CRITICAL,180.5,0.839,3,640.2
CASE9_0440_LINE_7_8,CASE9,440,4,"7,4,9,6",5,7,8,0,2,CRITICAL,999.0,0.0,10,640.2
CASE9_0440_LINE_8_2,CASE9,440,4,"7,4,9,6",6,8,2,0,2,CRITICAL,999.0,0.0,10,640.2
CASE9_0440_LINE_8_9,CASE9,440,4,"7,4,9,6",7,8,9,1,2,CRITICAL,201.0,0.713,4,640.2
CASE9_0440_LINE_9_4,CASE9,440,4,"7,4,9,6",8,9,4,0,2,CRITICAL,999.0,0.0,10,640.2
CASE9_0441_LINE_1_4,CASE9,441,5,"6,4,8,9,3",0,1,4,0,2,CRITICAL,999.0,0.0,10,463.2
CASE9_0441_LINE_4_5,CASE9,441,5,"6,4,8,9,3",1,4,5,1,2,CRITICAL,96.0,0.877,1,463.2
CASE9_0441_LINE_5_6,CASE9,441,5,"6,4,8,9,3",2,5,6,1,1,ALERT,92.8,0.921,0,463.2
CASE9_0441_LINE_3_6,CASE9,441,5,"6,4,8,9,3",3,3,6,0,2,CRITICAL,999.0,0.0,10,463.2
CASE9_0441_LINE_6_7,CASE9,441,5,"6,4,8,9,3",4,6,7,1,1,ALERT,90.1,0.944,0,463.2
CASE9_0441_LINE_7_8,CASE9,441,5,"6,4,8,9,3",5,7,8,1,2,CRITICAL,104.3,0.896,2,463.2
CASE9_0441_LINE_8_2,CASE9,441,5,"6,4,8,9,3",6,8,2,0,2,CRITICAL,999.0,0.0,10,463.2
CASE9_0441_LINE_8_9,CASE9,441,5,"6,4,8,9,3",7,8,9,1,1,ALERT,94.1,0.908,0,463.2
CASE9_0441_LINE_9_4,CASE9,441,5,"6,4,8,9,3",8,9,4,1,2,CRITICAL,95.0,0.824,1,463.2
CASE9_0442_LINE_1_4,CASE9,442,8,"8,5,4,7,6,3,9,2",0,1,4,0,2,CRITICAL,999.0,0.0,10,643.8
CASE9_0442_LINE_4_5,CASE9,442,8,"8,5,4,7,6,3,9,2",1,4,5,0,2,CRITICAL,999.0,0.0,10,643.8
CASE9_0442_LINE_5_6,CASE9,442,8,"8,5,4,7,6,3,9,2",2,5,6,1,2,CRITICAL,208.1,0.779,7,643.8
CASE9_0442_LINE_3_6,CASE9,442,8,"8,5,4,7,6,3,9,2",3,3,6,0,2,CRITICAL,999.0,0.0,10,643.8
CASE9_0442_LINE_6_7,CASE9,442,8,"8,5,4,7,6,3,9,2",4,6,7,1,2,CRITICAL,187.1,0.807,5,643.8
CASE9_0442_LINE_7_8,CASE9,442,8,"8,5,4,7,6,3,9,2",5,7,8,0,2,CRITICAL,999.0,0.0,10,643.8
CASE9_0442_LINE_8_2,CASE9,442,8,"8,5,4,7,6,3,9,2",6,8,2,0,2,CRITICAL,999.0,0.0,10,643.8
CASE9_0442_LINE_8_9,CASE9,442,8,"8,5,4,7,6,3,9,2",7,8,9,1,2,CRITICAL,192.8,0.813,5,643.8
CASE9_0442_LINE_9_4,CASE9,442,8,"8,5,4,7,6,3,9,2",8,9,4,0,2,CRITICAL,999.0,0.0,10,643.8
CASE9_0443_LINE_1_4,CASE9,443,7,"5,2,4,8,6,7,9",0,1,4,0,2,CRITICAL,999.0,0.0,10,643.6
CASE9_0443_LINE_4_5,CASE9,443,7,"5,2,4,8,6,7,9",1,4,5,0,2,CRITICAL,999.0,0.0,10,643.6
CASE9_0443_LINE_5_6,CASE9,443,7,"5,2,4,8,6,7,9",2,5,6,1,2,CRITICAL,194.6,0.753,4,643.6
CASE9_0443_LINE_3_6,CASE9,443,7,"5,2,4,8,6,7,9",3,3,6,0,2,CRITICAL,999.0,0.0,10,643.6
CASE9_0443_LINE_6_7,CASE9,443,7,"5,2,4,8,6,7,9",4,6,7,1,2,CRITICAL,177.6,0.882,2,643.6
CASE9_0443_LINE_7_8,CASE9,443,7,"5,2,4,8,6,7,9",5,7,8,1,2,CRITICAL,207.9,0.75,7,643.6
CASE9_0443_LINE_8_2,CASE9,443,7,"5,2,4,8,6,7,9",6,8,2,0,2,CRITICAL,999.0,0.0,10,643.6
CASE9_0443_LINE_8_9,CASE9,443,7,"5,2,4,8,6,7,9",7,8,9,1,2,CRITICAL,193.7,0.825,5,643.6
CASE9_0443_LINE_9_4,CASE9,443,7,"5,2,4,8,6,7,9",8,9,4,0,2,CRITICAL,999.0,0.0,10,643.6
CASE9_0444_LINE_1_4,CASE9,444,7,"8,6,3,4,7,2,9",0,1,4,0,2,CRITICAL,999.0,0.0,10,699.2
CASE9_0444_LINE_4_5,CASE9,444,7,"8,6,3,4,7,2,9",1,4,5,0,2,CRITICAL,999.0,0.0,10,699.2
CASE9_0444_LINE_5_6,CASE9,444,7,"8,6,3,4,7,2,9",2,5,6,0,2,CRITICAL,999.0,0.0,10,699.2
CASE9_0444_LINE_3_6,CASE9,444,7,"8,6,3,4,7,2,9",3,3,6,0,2,CRITICAL,999.0,0.0,10,699.2
CASE9_0444_LINE_6_7,CASE9,444,7,"8,6,3,4,7,2,9",4,6,7,1,2,CRITICAL,211.9,0.833,4,699.2
CASE9_0444_LINE_7_8,CASE9,444,7,"8,6,3,4,7,2,9",5,7,8,0,2,CRITICAL,999.0,0.0,10,699.2
CASE9_0444_LINE_8_2,CASE9,444,7,"8,6,3,4,7,2,9",6,8,2,0,2,CRITICAL,999.0,0.0,10,699.2
CASE9_0444_LINE_8_9,CASE9,444,7,"8,6,3,4,7,2,9",7,8,9,1,2,CRITICAL,240.0,0.716,4,699.2
CASE9_0444_LINE_9_4,CASE9,444,7,"8,6,3,4,7,2,9",8,9,4,0,2,CRITICAL,999.0,0.0,10,699.2
CASE9_0445_LINE_1_4,CASE9,445,7,"8,2,7,5,6,4,9",0,1,4,0,2,CRITICAL,999.0,0.0,10,484.4
CASE9_0445_LINE_4_5,CASE9,445,7,"8,2,7,5,6,4,9",1,4,5,1,2,CRITICAL,111.8,0.774,2,484.4
CASE9_0445_LINE_5_6,CASE9,445,7,"8,2,7,5,6,4,9",2,5,6,1,2,CRITICAL,103.3,0.892,2,484.4
CASE9_0445_LINE_3_6,CASE9,445,7,"8,2,7,5,6,4,9",3,3,6,0,2,CRITICAL,999.0,0.0,10,484.4
CASE9_0445_LINE_6_7,CASE9,445,7,"8,2,7,5,6,4,9",4,6,7,1,1,ALERT,99.1,0.941,0,484.4
CASE9_0445_LINE_7_8,CASE9,445,7,"8,2,7,5,6,4,9",5,7,8,1,2,CRITICAL,108.0,0.901,1,484.4
CASE9_0445_LINE_8_2,CASE9,445,7,"8,2,7,5,6,4,9",6,8,2,0,2,CRITICAL,999.0,0.0,10,484.4
CASE9_0445_LINE_8_9,CASE9,445,7,"8,2,7,5,6,4,9",7,8,9,1,2,CRITICAL,101.8,0.925,1,484.4
CASE9_0445_LINE_9_4,CASE9,445,7,"8,2,7,5,6,4,9",8,9,4,1,2,CRITICAL,105.1,0.882,2,484.4
CASE9_0451_LINE_1_4,CASE9,451,3,"8,7,6",0,1,4,0,2,CRITICAL,999.0,0.0,10,409.9
CASE9_0451_LINE_4_5,CASE9,451,3,"8,7,6",1,4,5,1,2,CRITICAL,71.5,0.878,1,409.9
CASE9_0451_LINE_5_6,CASE9,451,3,"8,7,6",2,5,6,1,1,ALERT,70.2,0.928,0,409.9
CASE9_0451_LINE_3_6,CASE9,451,3,"8,7,6",3,3,6,0,2,CRITICAL,999.0,0.0,10,409.9
CASE9_0451_LINE_6_7,CASE9,451,3,"8,7,6",4,6,7,1,0,SAFE,67.4,0.952,0,409.9
CASE9_0451_LINE_7_8,CASE9,451,3,"8,7,6",5,7,8,1,1,ALERT,72.0,0.941,0,409.9
CASE9_0451_LINE_8_2,CASE9,451,3,"8,7,6",6,8,2,0,2,CRITICAL,999.0,0.0,10,409.9
CASE9_0451_LINE_8_9,CASE9,451,3,"8,7,6",7,8,9,1,1,ALERT,72.1,0.905,0,409.9
CASE9_0451_LINE_9_4,CASE9,451,3,"8,7,6",8,9,4,1,2,CRITICAL,74.2,0.762,1,409.9
CASE9_0452_LINE_1_4,CASE9,452,7,"3,7,5,9,6,8,2",0,1,4,0,2,CRITICAL,999.0,0.0,10,695.9
CASE9_0452_LINE_4_5,CASE9,452,7,"3,7,5,9,6,8,2",1,4,5,0,2,CRITICAL,999.0,0.0,10,695.9
CASE9_0452_LINE_5_6,CASE9,452,7,"3,7,5,9,6,8,2",2,5,6,0,2,CRITICAL,999.0,0.0,10,695.9
CASE9_0452_LINE_3_6,CASE9,452,7,"3,7,5,9,6,8,2",3,3,6,0,2,CRITICAL,999.0,0.0,10,695.9
CASE9_0452_LINE_6_7,CASE9,452,7,"3,7,5,9,6,8,2",4,6,7,1,2,CRITICAL,230.1,0.749,7,695.9
CASE9_0452_LINE_7_8,CASE9,452,7,"3,7,5,9,6,8,2",5,7,8,0,2,CRITICAL,999.0,0.0,10,695.9
CASE9_0452_LINE_8_2,CASE9,452,7,"3,7,5,9,6,8,2",6,8,2,0,2,CRITICAL,999.0,0.0,10,695.9
CASE9_0452_LINE_8_9,CASE9,452,7,"3,7,5,9,6,8,2",7,8,9,0,2,CRITICAL,999.0,0.0,10,695.9
CASE9_0452_LINE_9_4,CASE9,452,7,"3,7,5,9,6,8,2",8,9,4,0,2,CRITICAL,999.0,0.0,10,695.9
CASE9_0453_LINE_1_4,CASE9,453,3,"5,6,2",0,1,4,0,2,CRITICAL,999.0,0.0,10,452.3
CASE9_0453_LINE_4_5,CASE9,453,3,"5,6,2",1,4,5,1,1,ALERT,90.6,0.915,0,452.3
CASE9_0453_LINE_5_6,CASE9,453,3,"5,6,2",2,5,6,1,1,ALERT,86.2,0.94,0,452.3
CASE9_0453_LINE_3_6,CASE9,453,3,"5,6,2",3,3,6,0,2,CRITICAL,999.0,0.0,10,452.3
CASE9_0453_LINE_6_7,CASE9,453,3,"5,6,2",4,6,7,1,1,ALERT,85.7,0.94,0,452.3
CASE9_0453_LINE_7_8,CASE9,453,3,"5,6,2",5,7,8,1,1,ALERT,87.0,0.922,0,452.3
CASE9_0453_LINE_8_2,CASE9,453,3,"5,6,2",6,8,2,0,2,CRITICAL,999.0,0.0,10,452.3
CASE9_0453_LINE_8_9,CASE9,453,3,"5,6,2",7,8,9,1,1,ALERT,87.2,0.91,0,452.3
CASE9_0453_LINE_9_4,CASE9,453,3,"5,6,2",8,9,4,1,2,CRITICAL,118.8,0.754,3,452.3
CASE9_0454_LINE_1_4,CASE9,454,3,"8,2,6",0,1,4,0,2,CRITICAL,999.0,0.0,10,535.7
CASE9_0454_LINE_4_5,CASE9,454,3,"8,2,6",1,4,5,1,2,CRITICAL,157.5,0.798,7,535.7
CASE9_0454_LINE_5_6,CASE9,454,3,"8,2,6",2,5,6,1,2,CRITICAL,127.3,0.906,1,535.7
CASE9_0454_LINE_3_6,CASE9,454,3,"8,2,6",3,3,6,0,2,CRITICAL,999.0,0.0,10,535.7
CASE9_0454_LINE_6_7,CASE9,454,3,"8,2,6",4,6,7,1,2,CRITICAL,124.9,0.905,1,535.7
CASE9_0454_LINE_7_8,CASE9,454,3,"8,2,6",5,7,8,1,2,CRITICAL,125.0,0.905,1,535.7
CASE9_0454_LINE_8_2,CASE9,454,3,"8,2,6",6,8,2,0,2,CRITICAL,999.0,0.0,10,535.7
CASE9_0454_LINE_8_9,CASE9,454,3,"8,2,6",7,8,9,1,2,CRITICAL,127.7,0.89,2,535.7
CASE9_0454_LINE_9_4,CASE9,454,3,"8,2,6",8,9,4,0,2,CRITICAL,999.0,0.0,10,535.7
CASE9_0455_LINE_1_4,CASE9,455,1,3,0,1,4,0,2,CRITICAL,999.0,0.0,10,410.4
CASE9_0455_LINE_4_5,CASE9,455,1,3,1,4,5,1,2,CRITICAL,82.4,0.887,1,410.4
CASE9_0455_LINE_5_6,CASE9,455,1,3,2,5,6,1,1,ALERT,70.3,0.93,0,410.4
CASE9_0455_LINE_3_6,CASE9,455,1,3,3,3,6,0,2,CRITICAL,999.0,0.0,10,410.4
CASE9_0455_LINE_6_7,CASE9,455,1,3,4,6,7,1,1,ALERT,68.0,0.947,0,410.4
CASE9_0455_LINE_7_8,CASE9,455,1,3,5,7,8,1,1,ALERT,87.4,0.905,0,410.4
CASE9_0455_LINE_8_2,CASE9,455,1,3,6,8,2,0,2,CRITICAL,999.0,0.0,10,410.4
CASE9_0455_LINE_8_9,CASE9,455,1,3,7,8,9,1,1,ALERT,72.4,0.907,0,410.4
CASE9_0455_LINE_9_4,CASE9,455,1,3,8,9,4,1,2,CRITICAL,73.2,0.786,1,410.4
CASE9_0456_LINE_1_4,CASE9,456,1,7,0,1,4,0,2,CRITICAL,999.0,0.0,10,325.3
CASE9_0456_LINE_4_5,CASE9,456,1,7,1,4,5,1,1,ALERT,65.3,0.905,0,325.3
CASE9_0456_LINE_5_6,CASE9,456,1,7,2,5,6,1,1,ALERT,65.5,0.921,0,325.3
CASE9_0456_LINE_3_6,CASE9,456,1,7,3,3,6,0,2,CRITICAL,999.0,0.0,10,325.3
CASE9_0456_LINE_6_7,CASE9,456,1,7,4,6,7,1,1,ALERT,66.2,0.938,0,325.3
CASE9_0456_LINE_7_8,CASE9,456,1,7,5,7,8,1,1,ALERT,78.3,0.923,0,325.3
CASE9_0456_LINE_8_2,CASE9,456,1,7,6,8,2,0,2,CRITICAL,999.0,0.0,10,325.3
CASE9_0456_LINE_8_9,CASE9,456,1,7,7,8,9,1,2,CRITICAL,85.1,0.893,1,325.3
CASE9_0456_LINE_9_4,CASE9,456,1,7,8,9,4,1,2,CRITICAL,69.8,0.79,1,325.3
CASE9_0457_LINE_1_4,CASE9,457,7,"4,8,9,2,7,6,3",0,1,4,0,2,CRITICAL,999.0,0.0,10,659.4
CASE9_0457_LINE_4_5,CASE9,457,7,"4,8,9,2,7,6,3",1,4,5,0,2,CRITICAL,999.0,0.0,10,659.4
CASE9_0457_LINE_5_6,CASE9,457,7,"4,8,9,2,7,6,3",2,5,6,1,2,CRITICAL,198.1,0.831,4,659.4
CASE9_0457_LINE_3_6,CASE9,457,7,"4,8,9,2,7,6,3",3,3,6,0,2,CRITICAL,999.0,0.0,10,659.4
CASE9_0457_LINE_6_7,CASE9,457,7,"4,8,9,2,7,6,3",4,6,7,1,2,CRITICAL,185.5,0.858,2,659.4
CASE9_0457_LINE_7_8,CASE9,457,7,"4,8,9,2,7,6,3",5,7,8,1,2,CRITICAL,199.4,0.854,4,659.4
CASE9_0457_LINE_8_2,CASE9,457,7,"4,8,9,2,7,6,3",6,8,2,0,2,CRITICAL,999.0,0.0,10,659.4
CASE9_0457_LINE_8_9,CASE9,457,7,"4,8,9,2,7,6,3",7,8,9,1,2,CRITICAL,208.1,0.716,4,659.4
CASE9_0457_LINE_9_4,CASE9,457,7,"4,8,9,2,7,6,3",8,9,4,0,2,CRITICAL,999.0,0.0,10,659.4
CASE9_0458_LINE_1_4,CASE9,458,2,"5,6",0,1,4,0,2,CRITICAL,999.0,0.0,10,419.8
CASE9_0458_LINE_4_5,CASE9,458,2,"5,6",1,4,5,0,2,CRITICAL,999.0,0.0,10,419.8
CASE9_0458_LINE_5_6,CASE9,458,2,"5,6",2,5,6,1,2,CRITICAL,94.1,0.807,1,419.8
CASE9_0458_LINE_3_6,CASE9,458,2,"5,6",3,3,6,0,2,CRITICAL,999.0,0.0,10,419.8
CASE9_0458_LINE_6_7,CASE9,458,2,"5,6",4,6,7,1,1,ALERT,76.1,0.924,0,419.8
CASE9_0458_LINE_7_8,CASE9,458,2,"5,6",5,7,8,1,2,CRITICAL,90.6,0.884,1,419.8
CASE9_0458_LINE_8_2,CASE9,458,2,"5,6",6,8,2,0,2,CRITICAL,999.0,0.0,10,419.8
CASE9_0458_LINE_8_9,CASE9,458,2,"5,6",7,8,9,1,2,CRITICAL,86.8,0.877,2,419.8
CASE9_0458_LINE_9_4,CASE9,458,2,"5,6",8,9,4,1,2,CRITICAL,78.6,0.785,1,419.8
CASE9_0459_LINE_1_4,CASE9,459,2,"8,2",0,1,4,0,2,CRITICAL,999.0,0.0,10,411.5
CASE9_0459_LINE_4_5,CASE9,459,2,"8,2",1,4,5,1,1,ALERT,70.8,0.904,0,411.5
CASE9_0459_LINE_5_6,CASE9,459,2,"8,2",2,5,6,1,1,ALERT,70.7,0.929,0,411.5
CASE9_0459_LINE_3_6,CASE9,459,2,"8,2",3,3,6,0,2,CRITICAL,999.0,0.0,10,411.5
CASE9_0459_LINE_6_7,CASE9,459,2,"8,2",4,6,7,1,1,ALERT,70.6,0.935,0,411.5
CASE9_0459_LINE_7_8,CASE9,459,2,"8,2",5,7,8,1,1,ALERT,70.1,0.939,0,411.5
CASE9_0459_LINE_8_2,CASE9,459,2,"8,2",6,8,2,0,2,CRITICAL,999.0,0.0,10,411.5
CASE9_0459_LINE_8_9,CASE9,459,2,"8,2",7,8,9,1,1,ALERT,71.6,0.908,0,411.5
CASE9_0459_LINE_9_4,CASE9,459,2,"8,2",8,9,4,1,2,CRITICAL,116.4,0.762,2,411.5
CASE9_0460_LINE_1_4,CASE9,460,5,"3,4,7,6,5",0,1,4,0,2,CRITICAL,999.0,0.0,10,560.3
CASE9_0460_LINE_4_5,CASE9,460,5,"3,4,7,6,5",1,4,5,1,2,CRITICAL,145.7,0.889,3,560.3
CASE9_0460_LINE_5_6,CASE9,460,5,"3,4,7,6,5",2,5,6,1,2,CRITICAL,137.6,0.919,1,560.3
CASE9_0460_LINE_3_6,CASE9,460,5,"3,4,7,6,5",3,3,6,0,2,CRITICAL,999.0,0.0,10,560.3
CASE9_0460_LINE_6_7,CASE9,460,5,"3,4,7,6,5",4,6,7,1,2,CRITICAL,133.5,0.888,2,560.3
CASE9_0460_LINE_7_8,CASE9,460,5,"3,4,7,6,5",5,7,8,0,2,CRITICAL,999.0,0.0,10,560.3
CASE9_0460_LINE_8_2,CASE9,460,5,"3,4,7,6,5",6,8,2,0,2,CRITICAL,999.0,0.0,10,560.3
CASE9_0460_LINE_8_9,CASE9,460,5,"3,4,7,6,5",7,8,9,1,2,CRITICAL,138.2,0.879,2,560.3
CASE9_0460_LINE_9_4,CASE9,460,5,"3,4,7,6,5",8,9,4,1,2,CRITICAL,155.7,0.733,6,560.3
CASE9_0446_LINE_1_4,CASE9,446,8,"3,7,8,5,2,9,4,6",0,1,4,0,2,CRITICAL,999.0,0.0,10,697.4
CASE9_0446_LINE_4_5,CASE9,446,8,"3,7,8,5,2,9,4,6",1,4,5,0,2,CRITICAL,999.0,0.0,10,697.4
CASE9_0446_LINE_5_6,CASE9,446,8,"3,7,8,5,2,9,4,6",2,5,6,0,2,CRITICAL,999.0,0.0,10,697.4
CASE9_0446_LINE_3_6,CASE9,446,8,"3,7,8,5,2,9,4,6",3,3,6,0,2,CRITICAL,999.0,0.0,10,697.4
CASE9_0446_LINE_6_7,CASE9,446,8,"3,7,8,5,2,9,4,6",4,6,7,1,2,CRITICAL,222.6,0.784,6,697.4
CASE9_0446_LINE_7_8,CASE9,446,8,"3,7,8,5,2,9,4,6",5,7,8,0,2,CRITICAL,999.0,0.0,10,697.4
CASE9_0446_LINE_8_2,CASE9,446,8,"3,7,8,5,2,9,4,6",6,8,2,0,2,CRITICAL,999.0,0.0,10,697.4
CASE9_0446_LINE_8_9,CASE9,446,8,"3,7,8,5,2,9,4,6",7,8,9,0,2,CRITICAL,999.0,0.0,10,697.4
CASE9_0446_LINE_9_4,CASE9,446,8,"3,7,8,5,2,9,4,6",8,9,4,0,2,CRITICAL,999.0,0.0,10,697.4
CASE9_0447_LINE_1_4,CASE9,447,3,"2,7,3",0,1,4,0,2,CRITICAL,999.0,0.0,10,530.3
CASE9_0447_LINE_4_5,CASE9,447,3,"2,7,3",1,4,5,1,2,CRITICAL,156.8,0.799,8,530.3
CASE9_0447_LINE_5_6,CASE9,447,3,"2,7,3",2,5,6,1,2,CRITICAL,125.0,0.909,1,530.3
CASE9_0447_LINE_3_6,CASE9,447,3,"2,7,3",3,3,6,0,2,CRITICAL,999.0,0.0,10,530.3
CASE9_0447_LINE_6_7,CASE9,447,3,"2,7,3",4,6,7,1,2,CRITICAL,121.6,0.882,2,530.3
CASE9_0447_LINE_7_8,CASE9,447,3,"2,7,3",5,7,8,1,2,CRITICAL,143.8,0.784,7,530.3
CASE9_0447_LINE_8_2,CASE9,447,3,"2,7,3",6,8,2,0,2,CRITICAL,999.0,0.0,10,530.3
CASE9_0447_LINE_8_9,CASE9,447,3,"2,7,3",7,8,9,1,2,CRITICAL,124.7,0.893,2,530.3
CASE9_0447_LINE_9_4,CASE9,447,3,"2,7,3",8,9,4,0,2,CRITICAL,999.0,0.0,10,530.3
CASE9_0448_LINE_1_4,CASE9,448,4,"6,4,3,7",0,1,4,0,2,CRITICAL,999.0,0.0,10,461.7
CASE9_0448_LINE_4_5,CASE9,448,4,"6,4,3,7",1,4,5,1,2,CRITICAL,95.3,0.884,1,461.7
CASE9_0448_LINE_5_6,CASE9,448,4,"6,4,3,7",2,5,6,1,1,ALERT,93.6,0.916,0,461.7
CASE9_0448_LINE_3_6,CASE9,448,4,"6,4,3,7",3,3,6,0,2,CRITICAL,999.0,0.0,10,461.7
CASE9_0448_LINE_6_7,CASE9,448,4,"6,4,3,7",4,6,7,1,1,ALERT,90.4,0.945,0,461.7
CASE9_0448_LINE_7_8,CASE9,448,4,"6,4,3,7",5,7,8,1,2,CRITICAL,105.5,0.906,1,461.7
CASE9_0448_LINE_8_2,CASE9,448,4,"6,4,3,7",6,8,2,0,2,CRITICAL,999.0,0.0,10,461.7
CASE9_0448_LINE_8_9,CASE9,448,4,"6,4,3,7",7,8,9,1,2,CRITICAL,96.4,0.89,1,461.7
CASE9_0448_LINE_9_4,CASE9,448,4,"6,4,3,7",8,9,4,1,2,CRITICAL,95.2,0.786,1,461.7
CASE9_0449_LINE_1_4,CASE9,449,6,"5,3,7,6,8,2",0,1,4,0,2,CRITICAL,999.0,0.0,10,697.0
CASE9_0449_LINE_4_5,CASE9,449,6,"5,3,7,6,8,2",1,4,5,0,2,CRITICAL,999.0,0.0,10,697.0
CASE9_0449_LINE_5_6,CASE9,449,6,"5,3,7,6,8,2",2,5,6,0,2,CRITICAL,999.0,0.0,10,697.0
CASE9_0449_LINE_3_6,CASE9,449,6,"5,3,7,6,8,2",3,3,6,0,2,CRITICAL,999.0,0.0,10,697.0
CASE9_0449_LINE_6_7,CASE9,449,6,"5,3,7,6,8,2",4,6,7,1,2,CRITICAL,222.4,0.822,6,697.0
CASE9_0449_LINE_7_8,CASE9,449,6,"5,3,7,6,8,2",5,7,8,0,2,CRITICAL,999.0,0.0,10,697.0
CASE9_0449_LINE_8_2,CASE9,449,6,"5,3,7,6,8,2",6,8,2,0,2,CRITICAL,999.0,0.0,10,697.0
CASE9_0449_LINE_8_9,CASE9,449,6,"5,3,7,6,8,2",7,8,9,0,2,CRITICAL,999.0,0.0,10,697.0
CASE9_0449_LINE_9_4,CASE9,449,6,"5,3,7,6,8,2",8,9,4,0,2,CRITICAL,999.0,0.0,10,697.0
CASE9_0450_LINE_1_4,CASE9,450,6,"4,6,8,9,5,2",0,1,4,0,2,CRITICAL,999.0,0.0,10,549.9
CASE9_0450_LINE_4_5,CASE9,450,6,"4,6,8,9,5,2",1,4,5,0,2,CRITICAL,999.0,0.0,10,549.9
CASE9_0450_LINE_5_6,CASE9,450,6,"4,6,8,9,5,2",2,5,6,1,2,CRITICAL,146.6,0.786,3,549.9
CASE9_0450_LINE_3_6,CASE9,450,6,"4,6,8,9,5,2",3,3,6,0,2,CRITICAL,999.0,0.0,10,549.9
CASE9_0450_LINE_6_7,CASE9,450,6,"4,6,8,9,5,2",4,6,7,1,2,CRITICAL,133.0,0.906,1,549.9
CASE9_0450_LINE_7_8,CASE9,450,6,"4,6,8,9,5,2",5,7,8,1,2,CRITICAL,140.0,0.869,3,549.9
CASE9_0450_LINE_8_2,CASE9,450,6,"4,6,8,9,5,2",6,8,2,0,2,CRITICAL,999.0,0.0,10,549.9
CASE9_0450_LINE_8_9,CASE9,450,6,"4,6,8,9,5,2",7,8,9,1,2,CRITICAL,139.2,0.863,3,549.9
CASE9_0450_LINE_9_4,CASE9,450,6,"4,6,8,9,5,2",8,9,4,1,2,CRITICAL,162.8,0.721,6,549.9
CASE9_0461_LINE_1_4,CASE9,461,8,"7,9,6,8,2,3,5,4",0,1,4,0,2,CRITICAL,999.0,0.0,10,708.9
CASE9_0461_LINE_4_5,CASE9,461,8,"7,9,6,8,2,3,5,4",1,4,5,0,2,CRITICAL,999.0,0.0,10,708.9
CASE9_0461_LINE_5_6,CASE9,461,8,"7,9,6,8,2,3,5,4",2,5,6,0,2,CRITICAL,999.0,0.0,10,708.9
CASE9_0461_LINE_3_6,CASE9,461,8,"7,9,6,8,2,3,5,4",3,3,6,0,2,CRITICAL,999.0,0.0,10,708.9
CASE9_0461_LINE_6_7,CASE9,461,8,"7,9,6,8,2,3,5,4",4,6,7,1,2,CRITICAL,219.4,0.816,6,708.9
CASE9_0461_LINE_7_8,CASE9,461,8,"7,9,6,8,2,3,5,4",5,7,8,0,2,CRITICAL,999.0,0.0,10,708.9
CASE9_0461_LINE_8_2,CASE9,461,8,"7,9,6,8,2,3,5,4",6,8,2,0,2,CRITICAL,999.0,0.0,10,708.9
CASE9_0461_LINE_8_9,CASE9,461,8,"7,9,6,8,2,3,5,4",7,8,9,1,2,CRITICAL,251.3,0.705,5,708.9
CASE9_0461_LINE_9_4,CASE9,461,8,"7,9,6,8,2,3,5,4",8,9,4,0,2,CRITICAL,999.0,0.0,10,708.9
CASE9_0462_LINE_1_4,CASE9,462,1,4,0,1,4,0,2,CRITICAL,999.0,0.0,10,410.8
CASE9_0462_LINE_4_5,CASE9,462,1,4,1,4,5,1,1,ALERT,72.7,0.906,0,410.8
CASE9_0462_LINE_5_6,CASE9,462,1,4,2,5,6,1,2,CRITICAL,83.2,0.893,1,410.8
CASE9_0462_LINE_3_6,CASE9,462,1,4,3,3,6,0,2,CRITICAL,999.0,0.0,10,410.8
CASE9_0462_LINE_6_7,CASE9,462,1,4,4,6,7,1,1,ALERT,73.1,0.936,0,410.8
CASE9_0462_LINE_7_8,CASE9,462,1,4,5,7,8,1,1,ALERT,78.5,0.917,0,410.8
CASE9_0462_LINE_8_2,CASE9,462,1,4,6,8,2,0,2,CRITICAL,999.0,0.0,10,410.8
CASE9_0462_LINE_8_9,CASE9,462,1,4,7,8,9,1,2,CRITICAL,90.9,0.862,1,410.8
CASE9_0462_LINE_9_4,CASE9,462,1,4,8,9,4,1,2,CRITICAL,71.9,0.792,1,410.8
CASE9_0463_LINE_1_4,CASE9,463,6,"9,4,8,5,6,2",0,1,4,0,2,CRITICAL,999.0,0.0,10,691.1
CASE9_0463_LINE_4_5,CASE9,463,6,"9,4,8,5,6,2",1,4,5,0,2,CRITICAL,999.0,0.0,10,691.1
CASE9_0463_LINE_5_6,CASE9,463,6,"9,4,8,5,6,2",2,5,6,1,2,CRITICAL,230.6,0.756,5,691.1
CASE9_0463_LINE_3_6,CASE9,463,6,"9,4,8,5,6,2",3,3,6,0,2,CRITICAL,999.0,0.0,10,691.1
CASE9_0463_LINE_6_7,CASE9,463,6,"9,4,8,5,6,2",4,6,7,1,2,CRITICAL,212.4,0.823,6,691.1
CASE9_0463_LINE_7_8,CASE9,463,6,"9,4,8,5,6,2",5,7,8,1,2,CRITICAL,211.5,0.841,4,691.1
CASE9_0463_LINE_8_2,CASE9,463,6,"9,4,8,5,6,2",6,8,2,0,2,CRITICAL,999.0,0.0,10,691.1
CASE9_0463_LINE_8_9,CASE9,463,6,"9,4,8,5,6,2",7,8,9,1,2,CRITICAL,235.9,0.729,4,691.1
CASE9_0463_LINE_9_4,CASE9,463,6,"9,4,8,5,6,2",8,9,4,0,2,CRITICAL,999.0,0.0,10,691.1
CASE9_0464_LINE_1_4,CASE9,464,2,"9,8",0,1,4,0,2,CRITICAL,999.0,0.0,10,350.8
CASE9_0464_LINE_4_5,CASE9,464,2,"9,8",1,4,5,1,1,ALERT,65.6,0.904,0,350.8
CASE9_0464_LINE_5_6,CASE9,464,2,"9,8",2,5,6,1,1,ALERT,65.6,0.929,0,350.8
CASE9_0464_LINE_3_6,CASE9,464,2,"9,8",3,3,6,0,2,CRITICAL,999.0,0.0,10,350.8
CASE9_0464_LINE_6_7,CASE9,464,2,"9,8",4,6,7,1,1,ALERT,67.2,0.935,0,350.8
CASE9_0464_LINE_7_8,CASE9,464,2,"9,8",5,7,8,1,1,ALERT,70.1,0.938,0,350.8
CASE9_0464_LINE_8_2,CASE9,464,2,"9,8",6,8,2,0,2,CRITICAL,999.0,0.0,10,350.8
CASE9_0464_LINE_8_9,CASE9,464,2,"9,8",7,8,9,1,1,ALERT,65.5,0.922,0,350.8
CASE9_0464_LINE_9_4,CASE9,464,2,"9,8",8,9,4,1,2,CRITICAL,71.2,0.829,1,350.8
CASE9_0465_LINE_1_4,CASE9,465,3,"7,5,6",0,1,4,0,2,CRITICAL,999.0,0.0,10,423.0
CASE9_0465_LINE_4_5,CASE9,465,3,"7,5,6",1,4,5,1,2,CRITICAL,86.9,0.889,1,423.0
CASE9_0465_LINE_5_6,CASE9,465,3,"7,5,6",2,5,6,1,1,ALERT,75.7,0.933,0,423.0
CASE9_0465_LINE_3_6,CASE9,465,3,"7,5,6",3,3,6,0,2,CRITICAL,999.0,0.0,10,423.0
CASE9_0465_LINE_6_7,CASE9,465,3,"7,5,6",4,6,7,1,2,CRITICAL,77.4,0.86,1,423.0
CASE9_0465_LINE_7_8,CASE9,465,3,"7,5,6",5,7,8,1,2,CRITICAL,149.7,0.736,6,423.0
CASE9_0465_LINE_8_2,CASE9,465,3,"7,5,6",6,8,2,0,2,CRITICAL,999.0,0.0,10,423.0
CASE9_0465_LINE_8_9,CASE9,465,3,"7,5,6",7,8,9,1,1,ALERT,77.1,0.907,0,423.0
CASE9_0465_LINE_9_4,CASE9,465,3,"7,5,6",8,9,4,1,2,CRITICAL,108.9,0.744,3,423.0
CASE9_0471_LINE_1_4,CASE9,471,8,"7,6,5,2,9,4,3,8",0,1,4,0,2,CRITICAL,999.0,0.0,10,731.8
CASE9_0471_LINE_4_5,CASE9,471,8,"7,6,5,2,9,4,3,8",1,4,5,0,2,CRITICAL,999.0,0.0,10,731.8
CASE9_0471_LINE_5_6,CASE9,471,8,"7,6,5,2,9,4,3,8",2,5,6,0,2,CRITICAL,999.0,0.0,10,731.8
CASE9_0471_LINE_3_6,CASE9,471,8,"7,6,5,2,9,4,3,8",3,3,6,0,2,CRITICAL,999.0,0.0,10,731.8
CASE9_0471_LINE_6_7,CASE9,471,8,"7,6,5,2,9,4,3,8",4,6,7,0,2,CRITICAL,999.0,0.0,10,731.8
CASE9_0471_LINE_7_8,CASE9,471,8,"7,6,5,2,9,4,3,8",5,7,8,1,2,CRITICAL,256.6,0.772,8,731.8
CASE9_0471_LINE_8_2,CASE9,471,8,"7,6,5,2,9,4,3,8",6,8,2,0,2,CRITICAL,999.0,0.0,10,731.8
CASE9_0471_LINE_8_9,CASE9,471,8,"7,6,5,2,9,4,3,8",7,8,9,0,2,CRITICAL,999.0,0.0,10,731.8
CASE9_0471_LINE_9_4,CASE9,471,8,"7,6,5,2,9,4,3,8",8,9,4,0,2,CRITICAL,999.0,0.0,10,731.8
CASE9_0472_LINE_1_4,CASE9,472,2,"9,5",0,1,4,0,2,CRITICAL,999.0,0.0,10,411.6
CASE9_0472_LINE_4_5,CASE9,472,2,"9,5",1,4,5,1,2,CRITICAL,76.5,0.886,2,411.6
CASE9_0472_LINE_5_6,CASE9,472,2,"9,5",2,5,6,1,2,CRITICAL,84.7,0.87,2,411.6
CASE9_0472_LINE_3_6,CASE9,472,2,"9,5",3,3,6,0,2,CRITICAL,999.0,0.0,10,411.6
CASE9_0472_LINE_6_7,CASE9,472,2,"9,5",4,6,7,1,2,CRITICAL,76.3,0.89,1,411.6
CASE9_0472_LINE_7_8,CASE9,472,2,"9,5",5,7,8,1,2,CRITICAL,79.4,0.881,1,411.6
CASE9_0472_LINE_8_2,CASE9,472,2,"9,5",6,8,2,0,2,CRITICAL,999.0,0.0,10,411.6
CASE9_0472_LINE_8_9,CASE9,472,2,"9,5",7,8,9,1,2,CRITICAL,113.1,0.726,4,411.6
CASE9_0472_LINE_9_4,CASE9,472,2,"9,5",8,9,4,0,2,CRITICAL,999.0,0.0,10,411.6
CASE9_0473_LINE_1_4,CASE9,473,3,"9,3,7",0,1,4,0,2,CRITICAL,999.0,0.0,10,516.9
CASE9_0473_LINE_4_5,CASE9,473,3,"9,3,7",1,4,5,1,2,CRITICAL,137.1,0.833,5,516.9
CASE9_0473_LINE_5_6,CASE9,473,3,"9,3,7",2,5,6,1,2,CRITICAL,121.7,0.891,3,516.9
CASE9_0473_LINE_3_6,CASE9,473,3,"9,3,7",3,3,6,0,2,CRITICAL,999.0,0.0,10,516.9
CASE9_0473_LINE_6_7,CASE9,473,3,"9,3,7",4,6,7,1,2,CRITICAL,117.2,0.884,3,516.9
CASE9_0473_LINE_7_8,CASE9,473,3,"9,3,7",5,7,8,1,2,CRITICAL,152.9,0.778,8,516.9
CASE9_0473_LINE_8_2,CASE9,473,3,"9,3,7",6,8,2,0,2,CRITICAL,999.0,0.0,10,516.9
CASE9_0473_LINE_8_9,CASE9,473,3,"9,3,7",7,8,9,1,2,CRITICAL,127.9,0.808,2,516.9
CASE9_0473_LINE_9_4,CASE9,473,3,"9,3,7",8,9,4,0,2,CRITICAL,999.0,0.0,10,516.9
CASE9_0474_LINE_1_4,CASE9,474,7,"8,3,9,2,4,7,5",0,1,4,0,2,CRITICAL,999.0,0.0,10,596.0
CASE9_0474_LINE_4_5,CASE9,474,7,"8,3,9,2,4,7,5",1,4,5,0,2,CRITICAL,999.0,0.0,10,596.0
CASE9_0474_LINE_5_6,CASE9,474,7,"8,3,9,2,4,7,5",2,5,6,1,2,CRITICAL,166.4,0.84,4,596.0
CASE9_0474_LINE_3_6,CASE9,474,7,"8,3,9,2,4,7,5",3,3,6,0,2,CRITICAL,999.0,0.0,10,596.0
CASE9_0474_LINE_6_7,CASE9,474,7,"8,3,9,2,4,7,5",4,6,7,1,2,CRITICAL,160.3,0.845,4,596.0
CASE9_0474_LINE_7_8,CASE9,474,7,"8,3,9,2,4,7,5",5,7,8,1,2,CRITICAL,153.2,0.9,1,596.0
CASE9_0474_LINE_8_2,CASE9,474,7,"8,3,9,2,4,7,5",6,8,2,0,2,CRITICAL,999.0,0.0,10,596.0
CASE9_0474_LINE_8_9,CASE9,474,7,"8,3,9,2,4,7,5",7,8,9,1,2,CRITICAL,164.3,0.809,2,596.0
CASE9_0474_LINE_9_4,CASE9,474,7,"8,3,9,2,4,7,5",8,9,4,0,2,CRITICAL,999.0,0.0,10,596.0
CASE9_0475_LINE_1_4,CASE9,475,4,"7,8,9,2",0,1,4,0,2,CRITICAL,999.0,0.0,10,394.8
CASE9_0475_LINE_4_5,CASE9,475,4,"7,8,9,2",1,4,5,1,1,ALERT,63.2,0.909,0,394.8
CASE9_0475_LINE_5_6,CASE9,475,4,"7,8,9,2",2,5,6,1,1,ALERT,63.1,0.934,0,394.8
CASE9_0475_LINE_3_6,CASE9,475,4,"7,8,9,2",3,3,6,0,2,CRITICAL,999.0,0.0,10,394.8
CASE9_0475_LINE_6_7,CASE9,475,4,"7,8,9,2",4,6,7,1,0,SAFE,62.5,0.956,0,394.8
CASE9_0475_LINE_7_8,CASE9,475,4,"7,8,9,2",5,7,8,1,0,SAFE,60.4,0.969,0,394.8
CASE9_0475_LINE_8_2,CASE9,475,4,"7,8,9,2",6,8,2,0,2,CRITICAL,999.0,0.0,10,394.8
CASE9_0475_LINE_8_9,CASE9,475,4,"7,8,9,2",7,8,9,1,1,ALERT,63.1,0.926,0,394.8
CASE9_0475_LINE_9_4,CASE9,475,4,"7,8,9,2",8,9,4,1,2,CRITICAL,101.3,0.826,2,394.8
CASE9_0476_LINE_1_4,CASE9,476,4,"5,6,4,8",0,1,4,0,2,CRITICAL,999.0,0.0,10,619.4
CASE9_0476_LINE_4_5,CASE9,476,4,"5,6,4,8",1,4,5,0,2,CRITICAL,999.0,0.0,10,619.4
CASE9_0476_LINE_5_6,CASE9,476,4,"5,6,4,8",2,5,6,1,2,CRITICAL,174.1,0.814,3,619.4
CASE9_0476_LINE_3_6,CASE9,476,4,"5,6,4,8",3,3,6,0,2,CRITICAL,999.0,0.0,10,619.4
CASE9_0476_LINE_6_7,CASE9,476,4,"5,6,4,8",4,6,7,1,2,CRITICAL,163.9,0.906,1,619.4
CASE9_0476_LINE_7_8,CASE9,476,4,"5,6,4,8",5,7,8,1,2,CRITICAL,179.3,0.838,5,619.4
CASE9_0476_LINE_8_2,CASE9,476,4,"5,6,4,8",6,8,2,0,2,CRITICAL,999.0,0.0,10,619.4
CASE9_0476_LINE_8_9,CASE9,476,4,"5,6,4,8",7,8,9,1,2,CRITICAL,172.1,0.845,3,619.4
CASE9_0476_LINE_9_4,CASE9,476,4,"5,6,4,8",8,9,4,0,2,CRITICAL,999.0,0.0,10,619.4
CASE9_0477_LINE_1_4,CASE9,477,5,"3,2,6,7,9",0,1,4,0,2,CRITICAL,999.0,0.0,10,438.9
CASE9_0477_LINE_4_5,CASE9,477,5,"3,2,6,7,9",1,4,5,1,2,CRITICAL,85.5,0.883,1,438.9
CASE9_0477_LINE_5_6,CASE9,477,5,"3,2,6,7,9",2,5,6,1,1,ALERT,80.3,0.935,0,438.9
CASE9_0477_LINE_3_6,CASE9,477,5,"3,2,6,7,9",3,3,6,0,2,CRITICAL,999.0,0.0,10,438.9
CASE9_0477_LINE_6_7,CASE9,477,5,"3,2,6,7,9",4,6,7,1,0,SAFE,78.6,0.95,0,438.9
CASE9_0477_LINE_7_8,CASE9,477,5,"3,2,6,7,9",5,7,8,1,1,ALERT,84.2,0.916,0,438.9
CASE9_0477_LINE_8_2,CASE9,477,5,"3,2,6,7,9",6,8,2,0,2,CRITICAL,999.0,0.0,10,438.9
CASE9_0477_LINE_8_9,CASE9,477,5,"3,2,6,7,9",7,8,9,1,1,ALERT,80.5,0.93,0,438.9
CASE9_0477_LINE_9_4,CASE9,477,5,"3,2,6,7,9",8,9,4,1,2,CRITICAL,86.6,0.844,1,438.9
CASE9_0478_LINE_1_4,CASE9,478,2,"8,2",0,1,4,0,2,CRITICAL,999.0,0.0,10,432.8
CASE9_0478_LINE_4_5,CASE9,478,2,"8,2",1,4,5,1,1,ALERT,80.9,0.902,0,432.8
CASE9_0478_LINE_5_6,CASE9,478,2,"8,2",2,5,6,1,1,ALERT,79.2,0.929,0,432.8
CASE9_0478_LINE_3_6,CASE9,478,2,"8,2",3,3,6,0,2,CRITICAL,999.0,0.0,10,432.8
CASE9_0478_LINE_6_7,CASE9,478,2,"8,2",4,6,7,1,1,ALERT,80.6,0.928,0,432.8
CASE9_0478_LINE_7_8,CASE9,478,2,"8,2",5,7,8,1,1,ALERT,77.2,0.939,0,432.8
CASE9_0478_LINE_8_2,CASE9,478,2,"8,2",6,8,2,0,2,CRITICAL,999.0,0.0,10,432.8
CASE9_0478_LINE_8_9,CASE9,478,2,"8,2",7,8,9,1,1,ALERT,79.7,0.909,0,432.8
CASE9_0478_LINE_9_4,CASE9,478,2,"8,2",8,9,4,1,2,CRITICAL,132.4,0.744,2,432.8
CASE9_0479_LINE_1_4,CASE9,479,6,"5,9,3,8,2,4",0,1,4,0,2,CRITICAL,999.0,0.0,10,555.8
CASE9_0479_LINE_4_5,CASE9,479,6,"5,9,3,8,2,4",1,4,5,0,2,CRITICAL,999.0,0.0,10,555.8
CASE9_0479_LINE_5_6,CASE9,479,6,"5,9,3,8,2,4",2,5,6,1,2,CRITICAL,140.1,0.841,2,555.8
CASE9_0479_LINE_3_6,CASE9,479,6,"5,9,3,8,2,4",3,3,6,0,2,CRITICAL,999.0,0.0,10,555.8
CASE9_0479_LINE_6_7,CASE9,479,6,"5,9,3,8,2,4",4,6,7,1,2,CRITICAL,131.8,0.93,1,555.8
CASE9_0479_LINE_7_8,CASE9,479,6,"5,9,3,8,2,4",5,7,8,1,2,CRITICAL,146.4,0.867,4,555.8
CASE9_0479_LINE_8_2,CASE9,479,6,"5,9,3,8,2,4",6,8,2,0,2,CRITICAL,999.0,0.0,10,555.8
CASE9_0479_LINE_8_9,CASE9,479,6,"5,9,3,8,2,4",7,8,9,1,2,CRITICAL,136.9,0.891,2,555.8
CASE9_0479_LINE_9_4,CASE9,479,6,"5,9,3,8,2,4",8,9,4,1,2,CRITICAL,146.6,0.838,4,555.8
CASE9_0480_LINE_1_4,CASE9,480,5,"7,2,8,3,4",0,1,4,0,2,CRITICAL,999.0,0.0,10,631.0
CASE9_0480_LINE_4_5,CASE9,480,5,"7,2,8,3,4",1,4,5,0,2,CRITICAL,999.0,0.0,10,631.0
CASE9_0480_LINE_5_6,CASE9,480,5,"7,2,8,3,4",2,5,6,1,2,CRITICAL,175.5,0.87,3,631.0
CASE9_0480_LINE_3_6,CASE9,480,5,"7,2,8,3,4",3,3,6,0,2,CRITICAL,999.0,0.0,10,631.0
CASE9_0480_LINE_6_7,CASE9,480,5,"7,2,8,3,4",4,6,7,1,2,CRITICAL,171.2,0.887,2,631.0
CASE9_0480_LINE_7_8,CASE9,480,5,"7,2,8,3,4",5,7,8,1,2,CRITICAL,166.4,0.922,1,631.0
CASE9_0480_LINE_8_2,CASE9,480,5,"7,2,8,3,4",6,8,2,0,2,CRITICAL,999.0,0.0,10,631.0
CASE9_0480_LINE_8_9,CASE9,480,5,"7,2,8,3,4",7,8,9,1,2,CRITICAL,176.1,0.854,2,631.0
CASE9_0480_LINE_9_4,CASE9,480,5,"7,2,8,3,4",8,9,4,0,2,CRITICAL,999.0,0.0,10,631.0
CASE9_0481_LINE_1_4,CASE9,481,5,"6,7,8,2,4",0,1,4,0,2,CRITICAL,999.0,0.0,10,564.6
CASE9_0481_LINE_4_5,CASE9,481,5,"6,7,8,2,4",1,4,5,1,2,CRITICAL,149.1,0.866,4,564.6
CASE9_0481_LINE_5_6,CASE9,481,5,"6,7,8,2,4",2,5,6,1,2,CRITICAL,137.9,0.902,1,564.6
CASE9_0481_LINE_3_6,CASE9,481,5,"6,7,8,2,4",3,3,6,0,2,CRITICAL,999.0,0.0,10,564.6
CASE9_0481_LINE_6_7,CASE9,481,5,"6,7,8,2,4",4,6,7,1,2,CRITICAL,133.5,0.942,1,564.6
CASE9_0481_LINE_7_8,CASE9,481,5,"6,7,8,2,4",5,7,8,1,2,CRITICAL,137.1,0.935,1,564.6
CASE9_0481_LINE_8_2,CASE9,481,5,"6,7,8,2,4",6,8,2,0,2,CRITICAL,999.0,0.0,10,564.6
CASE9_0481_LINE_8_9,CASE9,481,5,"6,7,8,2,4",7,8,9,1,2,CRITICAL,139.0,0.88,2,564.6
CASE9_0481_LINE_9_4,CASE9,481,5,"6,7,8,2,4",8,9,4,1,2,CRITICAL,161.1,0.749,5,564.6
CASE9_0482_LINE_1_4,CASE9,482,2,"4,8",0,1,4,0,2,CRITICAL,999.0,0.0,10,427.1
CASE9_0482_LINE_4_5,CASE9,482,2,"4,8",1,4,5,1,1,ALERT,77.9,0.905,0,427.1
CASE9_0482_LINE_5_6,CASE9,482,2,"4,8",2,5,6,1,1,ALERT,84.8,0.904,0,427.1
CASE9_0482_LINE_3_6,CASE9,482,2,"4,8",3,3,6,0,2,CRITICAL,999.0,0.0,10,427.1
CASE9_0482_LINE_6_7,CASE9,482,2,"4,8",4,6,7,1,1,ALERT,78.1,0.938,0,427.1
CASE9_0482_LINE_7_8,CASE9,482,2,"4,8",5,7,8,1,1,ALERT,81.2,0.929,0,427.1
CASE9_0482_LINE_8_2,CASE9,482,2,"4,8",6,8,2,0,2,CRITICAL,999.0,0.0,10,427.1
CASE9_0482_LINE_8_9,CASE9,482,2,"4,8",7,8,9,1,2,CRITICAL,88.8,0.876,1,427.1
CASE9_0482_LINE_9_4,CASE9,482,2,"4,8",8,9,4,1,2,CRITICAL,78.3,0.782,1,427.1
CASE9_0483_LINE_1_4,CASE9,483,2,"6,9",0,1,4,0,2,CRITICAL,999.0,0.0,10,438.0
CASE9_0483_LINE_4_5,CASE9,483,2,"6,9",1,4,5,1,2,CRITICAL,87.4,0.886,2,438.0
CASE9_0483_LINE_5_6,CASE9,483,2,"6,9",2,5,6,1,2,CRITICAL,88.7,0.894,1,438.0
CASE9_0483_LINE_3_6,CASE9,483,2,"6,9",3,3,6,0,2,CRITICAL,999.0,0.0,10,438.0
CASE9_0483_LINE_6_7,CASE9,483,2,"6,9",4,6,7,1,1,ALERT,83.5,0.904,0,438.0
CASE9_0483_LINE_7_8,CASE9,483,2,"6,9",5,7,8,1,2,CRITICAL,91.8,0.885,1,438.0
CASE9_0483_LINE_8_2,CASE9,483,2,"6,9",6,8,2,0,2,CRITICAL,999.0,0.0,10,438.0
CASE9_0483_LINE_8_9,CASE9,483,2,"6,9",7,8,9,1,2,CRITICAL,105.2,0.782,2,438.0
CASE9_0483_LINE_9_4,CASE9,483,2,"6,9",8,9,4,0,2,CRITICAL,999.0,0.0,10,438.0
CASE9_0484_LINE_1_4,CASE9,484,6,"8,5,7,3,6,9",0,1,4,0,2,CRITICAL,999.0,0.0,10,529.1
CASE9_0484_LINE_4_5,CASE9,484,6,"8,5,7,3,6,9",1,4,5,0,2,CRITICAL,999.0,0.0,10,529.1
CASE9_0484_LINE_5_6,CASE9,484,6,"8,5,7,3,6,9",2,5,6,1,2,CRITICAL,128.1,0.859,2,529.1
CASE9_0484_LINE_3_6,CASE9,484,6,"8,5,7,3,6,9",3,3,6,0,2,CRITICAL,999.0,0.0,10,529.1
CASE9_0484_LINE_6_7,CASE9,484,6,"8,5,7,3,6,9",4,6,7,1,2,CRITICAL,122.3,0.921,1,529.1
CASE9_0484_LINE_7_8,CASE9,484,6,"8,5,7,3,6,9",5,7,8,1,2,CRITICAL,146.8,0.827,6,529.1
CASE9_0484_LINE_8_2,CASE9,484,6,"8,5,7,3,6,9",6,8,2,0,2,CRITICAL,999.0,0.0,10,529.1
CASE9_0484_LINE_8_9,CASE9,484,6,"8,5,7,3,6,9",7,8,9,1,2,CRITICAL,129.1,0.85,2,529.1
CASE9_0484_LINE_9_4,CASE9,484,6,"8,5,7,3,6,9",8,9,4,0,2,CRITICAL,999.0,0.0,10,529.1
CASE9_0485_LINE_1_4,CASE9,485,5,"8,4,2,6,3",0,1,4,0,2,CRITICAL,999.0,0.0,10,551.7
CASE9_0485_LINE_4_5,CASE9,485,5,"8,4,2,6,3",1,4,5,1,2,CRITICAL,148.3,0.861,4,551.7
CASE9_0485_LINE_5_6,CASE9,485,5,"8,4,2,6,3",2,5,6,1,2,CRITICAL,133.0,0.904,1,551.7
CASE9_0485_LINE_3_6,CASE9,485,5,"8,4,2,6,3",3,3,6,0,2,CRITICAL,999.0,0.0,10,551.7
CASE9_0485_LINE_6_7,CASE9,485,5,"8,4,2,6,3",4,6,7,1,2,CRITICAL,128.5,0.926,1,551.7
CASE9_0485_LINE_7_8,CASE9,485,5,"8,4,2,6,3",5,7,8,1,2,CRITICAL,139.4,0.893,2,551.7
CASE9_0485_LINE_8_2,CASE9,485,5,"8,4,2,6,3",6,8,2,0,2,CRITICAL,999.0,0.0,10,551.7
CASE9_0485_LINE_8_9,CASE9,485,5,"8,4,2,6,3",7,8,9,1,2,CRITICAL,133.0,0.886,2,551.7
CASE9_0485_LINE_9_4,CASE9,485,5,"8,4,2,6,3",8,9,4,1,2,CRITICAL,163.0,0.715,7,551.7
CASE9_0466_LINE_1_4,CASE9,466,1,5,0,1,4,0,2,CRITICAL,999.0,0.0,10,273.2
CASE9_0466_LINE_4_5,CASE9,466,1,5,1,4,5,1,0,SAFE,65.2,0.955,0,273.2
CASE9_0466_LINE_5_6,CASE9,466,1,5,2,5,6,1,1,ALERT,65.3,0.936,0,273.2
CASE9_0466_LINE_3_6,CASE9,466,1,5,3,3,6,0,2,CRITICAL,999.0,0.0,10,273.2
CASE9_0466_LINE_6_7,CASE9,466,1,5,4,6,7,1,1,ALERT,65.8,0.947,0,273.2
CASE9_0466_LINE_7_8,CASE9,466,1,5,5,7,8,1,1,ALERT,70.1,0.939,0,273.2
CASE9_0466_LINE_8_2,CASE9,466,1,5,6,8,2,0,2,CRITICAL,999.0,0.0,10,273.2
CASE9_0466_LINE_8_9,CASE9,466,1,5,7,8,9,1,2,CRITICAL,91.4,0.894,1,273.2
CASE9_0466_LINE_9_4,CASE9,466,1,5,8,9,4,1,2,CRITICAL,69.0,0.796,1,273.2
CASE9_0467_LINE_1_4,CASE9,467,6,"2,5,4,8,3,7",0,1,4,0,2,CRITICAL,999.0,0.0,10,657.1
CASE9_0467_LINE_4_5,CASE9,467,6,"2,5,4,8,3,7",1,4,5,0,2,CRITICAL,999.0,0.0,10,657.1
CASE9_0467_LINE_5_6,CASE9,467,6,"2,5,4,8,3,7",2,5,6,1,2,CRITICAL,203.8,0.773,4,657.1
CASE9_0467_LINE_3_6,CASE9,467,6,"2,5,4,8,3,7",3,3,6,0,2,CRITICAL,999.0,0.0,10,657.1
CASE9_0467_LINE_6_7,CASE9,467,6,"2,5,4,8,3,7",4,6,7,1,2,CRITICAL,192.4,0.854,5,657.1
CASE9_0467_LINE_7_8,CASE9,467,6,"2,5,4,8,3,7",5,7,8,1,2,CRITICAL,209.1,0.779,8,657.1
CASE9_0467_LINE_8_2,CASE9,467,6,"2,5,4,8,3,7",6,8,2,0,2,CRITICAL,999.0,0.0,10,657.1
CASE9_0467_LINE_8_9,CASE9,467,6,"2,5,4,8,3,7",7,8,9,1,2,CRITICAL,210.7,0.8,5,657.1
CASE9_0467_LINE_9_4,CASE9,467,6,"2,5,4,8,3,7",8,9,4,0,2,CRITICAL,999.0,0.0,10,657.1
CASE9_0468_LINE_1_4,CASE9,468,2,"9,3",0,1,4,0,2,CRITICAL,999.0,0.0,10,373.5
CASE9_0468_LINE_4_5,CASE9,468,2,"9,3",1,4,5,1,2,CRITICAL,82.4,0.889,1,373.5
CASE9_0468_LINE_5_6,CASE9,468,2,"9,3",2,5,6,1,1,ALERT,65.2,0.939,0,373.5
CASE9_0468_LINE_3_6,CASE9,468,2,"9,3",3,3,6,0,2,CRITICAL,999.0,0.0,10,373.5
CASE9_0468_LINE_6_7,CASE9,468,2,"9,3",4,6,7,1,0,SAFE,65.4,0.953,0,373.5
CASE9_0468_LINE_7_8,CASE9,468,2,"9,3",5,7,8,1,1,ALERT,87.3,0.907,0,373.5
CASE9_0468_LINE_8_2,CASE9,468,2,"9,3",6,8,2,0,2,CRITICAL,999.0,0.0,10,373.5
CASE9_0468_LINE_8_9,CASE9,468,2,"9,3",7,8,9,1,1,ALERT,65.2,0.945,0,373.5
CASE9_0468_LINE_9_4,CASE9,468,2,"9,3",8,9,4,1,2,CRITICAL,65.8,0.896,1,373.5
CASE9_0469_LINE_1_4,CASE9,469,4,"6,8,2,5",0,1,4,0,2,CRITICAL,999.0,0.0,10,550.2
CASE9_0469_LINE_4_5,CASE9,469,4,"6,8,2,5",1,4,5,0,2,CRITICAL,999.0,0.0,10,550.2
CASE9_0469_LINE_5_6,CASE9,469,4,"6,8,2,5",2,5,6,1,2,CRITICAL,136.0,0.87,2,550.2
CASE9_0469_LINE_3_6,CASE9,469,4,"6,8,2,5",3,3,6,0,2,CRITICAL,999.0,0.0,10,550.2
CASE9_0469_LINE_6_7,CASE9,469,4,"6,8,2,5",4,6,7,1,2,CRITICAL,131.2,0.912,1,550.2
CASE9_0469_LINE_7_8,CASE9,469,4,"6,8,2,5",5,7,8,1,2,CRITICAL,135.8,0.888,3,550.2
CASE9_0469_LINE_8_2,CASE9,469,4,"6,8,2,5",6,8,2,0,2,CRITICAL,999.0,0.0,10,550.2
CASE9_0469_LINE_8_9,CASE9,469,4,"6,8,2,5",7,8,9,1,2,CRITICAL,136.3,0.878,2,550.2
CASE9_0469_LINE_9_4,CASE9,469,4,"6,8,2,5",8,9,4,0,2,CRITICAL,999.0,0.0,10,550.2
CASE9_0470_LINE_1_4,CASE9,470,6,"6,8,5,7,9,3",0,1,4,0,2,CRITICAL,999.0,0.0,10,612.3
CASE9_0470_LINE_4_5,CASE9,470,6,"6,8,5,7,9,3",1,4,5,0,2,CRITICAL,999.0,0.0,10,612.3
CASE9_0470_LINE_5_6,CASE9,470,6,"6,8,5,7,9,3",2,5,6,1,2,CRITICAL,178.6,0.795,4,612.3
CASE9_0470_LINE_3_6,CASE9,470,6,"6,8,5,7,9,3",3,3,6,0,2,CRITICAL,999.0,0.0,10,612.3
CASE9_0470_LINE_6_7,CASE9,470,6,"6,8,5,7,9,3",4,6,7,1,2,CRITICAL,164.4,0.879,4,612.3
CASE9_0470_LINE_7_8,CASE9,470,6,"6,8,5,7,9,3",5,7,8,1,2,CRITICAL,191.2,0.779,8,612.3
CASE9_0470_LINE_8_2,CASE9,470,6,"6,8,5,7,9,3",6,8,2,0,2,CRITICAL,999.0,0.0,10,612.3
CASE9_0470_LINE_8_9,CASE9,470,6,"6,8,5,7,9,3",7,8,9,1,2,CRITICAL,178.2,0.799,4,612.3
CASE9_0470_LINE_9_4,CASE9,470,6,"6,8,5,7,9,3",8,9,4,0,2,CRITICAL,999.0,0.0,10,612.3
CASE9_0496_LINE_1_4,CASE9,496,4,"4,5,7,6",0,1,4,0,2,CRITICAL,999.0,0.0,10,536.4
CASE9_0496_LINE_4_5,CASE9,496,4,"4,5,7,6",1,4,5,1,2,CRITICAL,147.5,0.735,6,536.4
CASE9_0496_LINE_5_6,CASE9,496,4,"4,5,7,6",2,5,6,1,2,CRITICAL,129.3,0.875,2,536.4
CASE9_0496_LINE_3_6,CASE9,496,4,"4,5,7,6",3,3,6,0,2,CRITICAL,999.0,0.0,10,536.4
CASE9_0496_LINE_6_7,CASE9,496,4,"4,5,7,6",4,6,7,1,2,CRITICAL,125.9,0.853,2,536.4
CASE9_0496_LINE_7_8,CASE9,496,4,"4,5,7,6",5,7,8,0,2,CRITICAL,999.0,0.0,10,536.4
CASE9_0496_LINE_8_2,CASE9,496,4,"4,5,7,6",6,8,2,0,2,CRITICAL,999.0,0.0,10,536.4
CASE9_0496_LINE_8_9,CASE9,496,4,"4,5,7,6",7,8,9,1,2,CRITICAL,129.2,0.878,2,536.4
CASE9_0496_LINE_9_4,CASE9,496,4,"4,5,7,6",8,9,4,1,2,CRITICAL,143.6,0.726,6,536.4
CASE9_0497_LINE_1_4,CASE9,497,3,"2,4,8",0,1,4,0,2,CRITICAL,999.0,0.0,10,462.8
CASE9_0497_LINE_4_5,CASE9,497,3,"2,4,8",1,4,5,1,1,ALERT,93.7,0.902,0,462.8
CASE9_0497_LINE_5_6,CASE9,497,3,"2,4,8",2,5,6,1,1,ALERT,92.3,0.923,0,462.8
CASE9_0497_LINE_3_6,CASE9,497,3,"2,4,8",3,3,6,0,2,CRITICAL,999.0,0.0,10,462.8
CASE9_0497_LINE_6_7,CASE9,497,3,"2,4,8",4,6,7,1,1,ALERT,93.3,0.928,0,462.8
CASE9_0497_LINE_7_8,CASE9,497,3,"2,4,8",5,7,8,1,1,ALERT,89.9,0.938,0,462.8
CASE9_0497_LINE_8_2,CASE9,497,3,"2,4,8",6,8,2,0,2,CRITICAL,999.0,0.0,10,462.8
CASE9_0497_LINE_8_9,CASE9,497,3,"2,4,8",7,8,9,1,1,ALERT,93.0,0.902,0,462.8
CASE9_0497_LINE_9_4,CASE9,497,3,"2,4,8",8,9,4,1,2,CRITICAL,130.2,0.746,3,462.8
CASE9_0498_LINE_1_4,CASE9,498,4,"4,6,9,5",0,1,4,0,2,CRITICAL,999.0,0.0,10,436.1
CASE9_0498_LINE_4_5,CASE9,498,4,"4,6,9,5",1,4,5,1,2,CRITICAL,85.1,0.81,1,436.1
CASE9_0498_LINE_5_6,CASE9,498,4,"4,6,9,5",2,5,6,1,2,CRITICAL,85.6,0.895,1,436.1
CASE9_0498_LINE_3_6,CASE9,498,4,"4,6,9,5",3,3,6,0,2,CRITICAL,999.0,0.0,10,436.1
CASE9_0498_LINE_6_7,CASE9,498,4,"4,6,9,5",4,6,7,1,1,ALERT,80.1,0.946,0,436.1
CASE9_0498_LINE_7_8,CASE9,498,4,"4,6,9,5",5,7,8,1,2,CRITICAL,93.8,0.894,1,436.1
CASE9_0498_LINE_8_2,CASE9,498,4,"4,6,9,5",6,8,2,0,2,CRITICAL,999.0,0.0,10,436.1
CASE9_0498_LINE_8_9,CASE9,498,4,"4,6,9,5",7,8,9,1,2,CRITICAL,86.9,0.899,1,436.1
CASE9_0498_LINE_9_4,CASE9,498,4,"4,6,9,5",8,9,4,1,2,CRITICAL,82.1,0.83,1,436.1
CASE9_0499_LINE_1_4,CASE9,499,1,8,0,1,4,0,2,CRITICAL,999.0,0.0,10,377.3
CASE9_0499_LINE_4_5,CASE9,499,1,8,1,4,5,1,1,ALERT,65.7,0.904,0,377.3
CASE9_0499_LINE_5_6,CASE9,499,1,8,2,5,6,1,1,ALERT,65.6,0.927,0,377.3
CASE9_0499_LINE_3_6,CASE9,499,1,8,3,3,6,0,2,CRITICAL,999.0,0.0,10,377.3
CASE9_0499_LINE_6_7,CASE9,499,1,8,4,6,7,1,1,ALERT,67.4,0.933,0,377.3
CASE9_0499_LINE_7_8,CASE9,499,1,8,5,7,8,1,1,ALERT,70.1,0.938,0,377.3
CASE9_0499_LINE_8_2,CASE9,499,1,8,6,8,2,0,2,CRITICAL,999.0,0.0,10,377.3
CASE9_0499_LINE_8_9,CASE9,499,1,8,7,8,9,1,1,ALERT,65.4,0.904,0,377.3
CASE9_0499_LINE_9_4,CASE9,499,1,8,8,9,4,1,2,CRITICAL,92.7,0.763,1,377.3
CASE9_0500_LINE_1_4,CASE9,500,3,"3,4,2",0,1,4,0,2,CRITICAL,999.0,0.0,10,602.8
CASE9_0500_LINE_4_5,CASE9,500,3,"3,4,2",1,4,5,1,2,CRITICAL,190.2,0.797,6,602.8
CASE9_0500_LINE_5_6,CASE9,500,3,"3,4,2",2,5,6,1,2,CRITICAL,159.6,0.884,2,602.8
CASE9_0500_LINE_3_6,CASE9,500,3,"3,4,2",3,3,6,0,2,CRITICAL,999.0,0.0,10,602.8
CASE9_0500_LINE_6_7,CASE9,500,3,"3,4,2",4,6,7,1,2,CRITICAL,152.6,0.925,1,602.8
CASE9_0500_LINE_7_8,CASE9,500,3,"3,4,2",5,7,8,1,2,CRITICAL,162.0,0.896,3,602.8
CASE9_0500_LINE_8_2,CASE9,500,3,"3,4,2",6,8,2,0,2,CRITICAL,999.0,0.0,10,602.8
CASE9_0500_LINE_8_9,CASE9,500,3,"3,4,2",7,8,9,1,2,CRITICAL,159.9,0.866,2,602.8
CASE9_0500_LINE_9_4,CASE9,500,3,"3,4,2",8,9,4,0,2,CRITICAL,999.0,0.0,10,602.8
CASE9_0491_LINE_1_4,CASE9,491,1,6,0,1,4,0,2,CRITICAL,999.0,0.0,10,378.7
CASE9_0491_LINE_4_5,CASE9,491,1,6,1,4,5,1,2,CRITICAL,69.5,0.886,1,378.7
CASE9_0491_LINE_5_6,CASE9,491,1,6,2,5,6,1,1,ALERT,65.3,0.928,0,378.7
CASE9_0491_LINE_3_6,CASE9,491,1,6,3,3,6,0,2,CRITICAL,999.0,0.0,10,378.7
CASE9_0491_LINE_6_7,CASE9,491,1,6,4,6,7,1,1,ALERT,65.8,0.947,0,378.7
CASE9_0491_LINE_7_8,CASE9,491,1,6,5,7,8,1,1,ALERT,71.9,0.91,0,378.7
CASE9_0491_LINE_8_2,CASE9,491,1,6,6,8,2,0,2,CRITICAL,999.0,0.0,10,378.7
CASE9_0491_LINE_8_9,CASE9,491,1,6,7,8,9,1,1,ALERT,65.3,0.902,0,378.7
CASE9_0491_LINE_9_4,CASE9,491,1,6,8,9,4,1,2,CRITICAL,70.3,0.787,1,378.7
CASE9_0492_LINE_1_4,CASE9,492,3,"8,9,5",0,1,4,0,2,CRITICAL,999.0,0.0,10,479.8
CASE9_0492_LINE_4_5,CASE9,492,3,"8,9,5",1,4,5,0,2,CRITICAL,999.0,0.0,10,479.8
CASE9_0492_LINE_5_6,CASE9,492,3,"8,9,5",2,5,6,1,2,CRITICAL,113.6,0.827,3,479.8
CASE9_0492_LINE_3_6,CASE9,492,3,"8,9,5",3,3,6,0,2,CRITICAL,999.0,0.0,10,479.8
CASE9_0492_LINE_6_7,CASE9,492,3,"8,9,5",4,6,7,1,2,CRITICAL,103.3,0.908,1,479.8
CASE9_0492_LINE_7_8,CASE9,492,3,"8,9,5",5,7,8,1,2,CRITICAL,105.3,0.909,1,479.8
CASE9_0492_LINE_8_2,CASE9,492,3,"8,9,5",6,8,2,0,2,CRITICAL,999.0,0.0,10,479.8
CASE9_0492_LINE_8_9,CASE9,492,3,"8,9,5",7,8,9,1,2,CRITICAL,112.2,0.837,3,479.8
CASE9_0492_LINE_9_4,CASE9,492,3,"8,9,5",8,9,4,0,2,CRITICAL,999.0,0.0,10,479.8
CASE9_0493_LINE_1_4,CASE9,493,4,"2,4,6,3",0,1,4,0,2,CRITICAL,999.0,0.0,10,556.0
CASE9_0493_LINE_4_5,CASE9,493,4,"2,4,6,3",1,4,5,1,2,CRITICAL,163.5,0.816,5,556.0
CASE9_0493_LINE_5_6,CASE9,493,4,"2,4,6,3",2,5,6,1,2,CRITICAL,135.9,0.904,1,556.0
CASE9_0493_LINE_3_6,CASE9,493,4,"2,4,6,3",3,3,6,0,2,CRITICAL,999.0,0.0,10,556.0
CASE9_0493_LINE_6_7,CASE9,493,4,"2,4,6,3",4,6,7,1,2,CRITICAL,130.3,0.938,1,556.0
CASE9_0493_LINE_7_8,CASE9,493,4,"2,4,6,3",5,7,8,1,2,CRITICAL,143.1,0.882,5,556.0
CASE9_0493_LINE_8_2,CASE9,493,4,"2,4,6,3",6,8,2,0,2,CRITICAL,999.0,0.0,10,556.0
CASE9_0493_LINE_8_9,CASE9,493,4,"2,4,6,3",7,8,9,1,2,CRITICAL,135.9,0.886,2,556.0
CASE9_0493_LINE_9_4,CASE9,493,4,"2,4,6,3",8,9,4,0,2,CRITICAL,999.0,0.0,10,556.0
CASE9_0494_LINE_1_4,CASE9,494,1,2,0,1,4,0,2,CRITICAL,999.0,0.0,10,362.4
CASE9_0494_LINE_4_5,CASE9,494,1,2,1,4,5,1,1,ALERT,63.2,0.907,0,362.4
CASE9_0494_LINE_5_6,CASE9,494,1,2,2,5,6,1,1,ALERT,56.7,0.927,0,362.4
CASE9_0494_LINE_3_6,CASE9,494,1,2,3,3,6,0,2,CRITICAL,999.0,0.0,10,362.4
CASE9_0494_LINE_6_7,CASE9,494,1,2,4,6,7,1,1,ALERT,55.3,0.946,0,362.4
CASE9_0494_LINE_7_8,CASE9,494,1,2,5,7,8,1,1,ALERT,70.1,0.938,0,362.4
CASE9_0494_LINE_8_2,CASE9,494,1,2,6,8,2,0,2,CRITICAL,999.0,0.0,10,362.4
CASE9_0494_LINE_8_9,CASE9,494,1,2,7,8,9,1,1,ALERT,64.1,0.902,0,362.4
CASE9_0494_LINE_9_4,CASE9,494,1,2,8,9,4,1,2,CRITICAL,81.3,0.787,1,362.4
CASE9_0495_LINE_1_4,CASE9,495,4,"5,2,3,8",0,1,4,0,2,CRITICAL,999.0,0.0,10,482.9
CASE9_0495_LINE_4_5,CASE9,495,4,"5,2,3,8",1,4,5,1,2,CRITICAL,107.2,0.91,1,482.9
CASE9_0495_LINE_5_6,CASE9,495,4,"5,2,3,8",2,5,6,1,2,CRITICAL,100.0,0.941,1,482.9
CASE9_0495_LINE_3_6,CASE9,495,4,"5,2,3,8",3,3,6,0,2,CRITICAL,999.0,0.0,10,482.9
CASE9_0495_LINE_6_7,CASE9,495,4,"5,2,3,8",4,6,7,1,1,ALERT,99.7,0.922,0,482.9
CASE9_0495_LINE_7_8,CASE9,495,4,"5,2,3,8",5,7,8,1,1,ALERT,99.5,0.929,0,482.9
CASE9_0495_LINE_8_2,CASE9,495,4,"5,2,3,8",6,8,2,0,2,CRITICAL,999.0,0.0,10,482.9
CASE9_0495_LINE_8_9,CASE9,495,4,"5,2,3,8",7,8,9,1,2,CRITICAL,100.4,0.91,1,482.9
CASE9_0495_LINE_9_4,CASE9,495,4,"5,2,3,8",8,9,4,1,2,CRITICAL,143.2,0.698,8,482.9
CASE9_0486_LINE_1_4,CASE9,486,2,"3,7",0,1,4,0,2,CRITICAL,999.0,0.0,10,480.2
CASE9_0486_LINE_4_5,CASE9,486,2,"3,7",1,4,5,1,2,CRITICAL,114.2,0.853,6,480.2
CASE9_0486_LINE_5_6,CASE9,486,2,"3,7",2,5,6,1,2,CRITICAL,101.2,0.921,1,480.2
CASE9_0486_LINE_3_6,CASE9,486,2,"3,7",3,3,6,0,2,CRITICAL,999.0,0.0,10,480.2
CASE9_0486_LINE_6_7,CASE9,486,2,"3,7",4,6,7,1,2,CRITICAL,98.6,0.874,1,480.2
CASE9_0486_LINE_7_8,CASE9,486,2,"3,7",5,7,8,0,2,CRITICAL,999.0,0.0,10,480.2
CASE9_0486_LINE_8_2,CASE9,486,2,"3,7",6,8,2,0,2,CRITICAL,999.0,0.0,10,480.2
CASE9_0486_LINE_8_9,CASE9,486,2,"3,7",7,8,9,1,2,CRITICAL,101.1,0.903,1,480.2
CASE9_0486_LINE_9_4,CASE9,486,2,"3,7",8,9,4,1,2,CRITICAL,117.8,0.736,7,480.2
CASE9_0487_LINE_1_4,CASE9,487,8,"4,5,7,2,8,3,6,9",0,1,4,0,2,CRITICAL,999.0,0.0,10,701.8
CASE9_0487_LINE_4_5,CASE9,487,8,"4,5,7,2,8,3,6,9",1,4,5,0,2,CRITICAL,999.0,0.0,10,701.8
CASE9_0487_LINE_5_6,CASE9,487,8,"4,5,7,2,8,3,6,9",2,5,6,0,2,CRITICAL,999.0,0.0,10,701.8
CASE9_0487_LINE_3_6,CASE9,487,8,"4,5,7,2,8,3,6,9",3,3,6,0,2,CRITICAL,999.0,0.0,10,701.8
CASE9_0487_LINE_6_7,CASE9,487,8,"4,5,7,2,8,3,6,9",4,6,7,1,2,CRITICAL,225.4,0.785,7,701.8
CASE9_0487_LINE_7_8,CASE9,487,8,"4,5,7,2,8,3,6,9",5,7,8,0,2,CRITICAL,999.0,0.0,10,701.8
CASE9_0487_LINE_8_2,CASE9,487,8,"4,5,7,2,8,3,6,9",6,8,2,0,2,CRITICAL,999.0,0.0,10,701.8
CASE9_0487_LINE_8_9,CASE9,487,8,"4,5,7,2,8,3,6,9",7,8,9,0,2,CRITICAL,999.0,0.0,10,701.8
CASE9_0487_LINE_9_4,CASE9,487,8,"4,5,7,2,8,3,6,9",8,9,4,0,2,CRITICAL,999.0,0.0,10,701.8
CASE9_0488_LINE_1_4,CASE9,488,3,"5,2,3",0,1,4,0,2,CRITICAL,999.0,0.0,10,460.5
CASE9_0488_LINE_4_5,CASE9,488,3,"5,2,3",1,4,5,1,1,ALERT,95.7,0.927,0,460.5
CASE9_0488_LINE_5_6,CASE9,488,3,"5,2,3",2,5,6,1,1,ALERT,89.8,0.946,0,460.5
CASE9_0488_LINE_3_6,CASE9,488,3,"5,2,3",3,3,6,0,2,CRITICAL,999.0,0.0,10,460.5
CASE9_0488_LINE_6_7,CASE9,488,3,"5,2,3",4,6,7,1,1,ALERT,87.8,0.946,0,460.5
CASE9_0488_LINE_7_8,CASE9,488,3,"5,2,3",5,7,8,1,1,ALERT,95.4,0.913,0,460.5
CASE9_0488_LINE_8_2,CASE9,488,3,"5,2,3",6,8,2,0,2,CRITICAL,999.0,0.0,10,460.5
CASE9_0488_LINE_8_9,CASE9,488,3,"5,2,3",7,8,9,1,1,ALERT,90.4,0.912,0,460.5
CASE9_0488_LINE_9_4,CASE9,488,3,"5,2,3",8,9,4,1,2,CRITICAL,116.0,0.765,4,460.5
CASE9_0489_LINE_1_4,CASE9,489,7,"4,7,3,2,9,5,8",0,1,4,0,2,CRITICAL,999.0,0.0,10,499.4
CASE9_0489_LINE_4_5,CASE9,489,7,"4,7,3,2,9,5,8",1,4,5,1,2,CRITICAL,113.2,0.906,1,499.4
CASE9_0489_LINE_5_6,CASE9,489,7,"4,7,3,2,9,5,8",2,5,6,1,2,CRITICAL,109.6,0.916,1,499.4
CASE9_0489_LINE_3_6,CASE9,489,7,"4,7,3,2,9,5,8",3,3,6,0,2,CRITICAL,999.0,0.0,10,499.4
CASE9_0489_LINE_6_7,CASE9,489,7,"4,7,3,2,9,5,8",4,6,7,1,2,CRITICAL,108.8,0.915,1,499.4
CASE9_0489_LINE_7_8,CASE9,489,7,"4,7,3,2,9,5,8",5,7,8,1,2,CRITICAL,105.8,0.933,1,499.4
CASE9_0489_LINE_8_2,CASE9,489,7,"4,7,3,2,9,5,8",6,8,2,0,2,CRITICAL,999.0,0.0,10,499.4
CASE9_0489_LINE_8_9,CASE9,489,7,"4,7,3,2,9,5,8",7,8,9,1,2,CRITICAL,111.9,0.864,2,499.4
CASE9_0489_LINE_9_4,CASE9,489,7,"4,7,3,2,9,5,8",8,9,4,0,2,CRITICAL,999.0,0.0,10,499.4
CASE9_0490_LINE_1_4,CASE9,490,7,"3,4,9,5,2,7,6",0,1,4,0,2,CRITICAL,999.0,0.0,10,722.8
CASE9_0490_LINE_4_5,CASE9,490,7,"3,4,9,5,2,7,6",1,4,5,0,2,CRITICAL,999.0,0.0,10,722.8
CASE9_0490_LINE_5_6,CASE9,490,7,"3,4,9,5,2,7,6",2,5,6,1,2,CRITICAL,257.6,0.707,4,722.8
CASE9_0490_LINE_3_6,CASE9,490,7,"3,4,9,5,2,7,6",3,3,6,0,2,CRITICAL,999.0,0.0,10,722.8
CASE9_0490_LINE_6_7,CASE9,490,7,"3,4,9,5,2,7,6",4,6,7,1,2,CRITICAL,229.0,0.818,5,722.8
CASE9_0490_LINE_7_8,CASE9,490,7,"3,4,9,5,2,7,6",5,7,8,0,2,CRITICAL,999.0,0.0,10,722.8
CASE9_0490_LINE_8_2,CASE9,490,7,"3,4,9,5,2,7,6",6,8,2,0,2,CRITICAL,999.0,0.0,10,722.8
CASE9_0490_LINE_8_9,CASE9,490,7,"3,4,9,5,2,7,6",7,8,9,1,2,CRITICAL,265.9,0.68,4,722.8
CASE9_0490_LINE_9_4,CASE9,490,7,"3,4,9,5,2,7,6",8,9,4,0,2,CRITICAL,999.0,0.0,10,722.8
CASE9_0501_LINE_1_4,CASE9,501,5,"8,9,4,5,2",0,1,4,0,2,CRITICAL,999.0,0.0,10,666.1
CASE9_0501_LINE_4_5,CASE9,501,5,"8,9,4,5,2",1,4,5,0,2,CRITICAL,999.0,0.0,10,666.1
CASE9_0501_LINE_5_6,CASE9,501,5,"8,9,4,5,2",2,5,6,1,2,CRITICAL,225.0,0.714,4,666.1
CASE9_0501_LINE_3_6,CASE9,501,5,"8,9,4,5,2",3,3,6,0,2,CRITICAL,999.0,0.0,10,666.1
CASE9_0501_LINE_6_7,CASE9,501,5,"8,9,4,5,2",4,6,7,1,2,CRITICAL,210.4,0.772,6,666.1
CASE9_0501_LINE_7_8,CASE9,501,5,"8,9,4,5,2",5,7,8,1,2,CRITICAL,199.8,0.824,4,666.1
CASE9_0501_LINE_8_2,CASE9,501,5,"8,9,4,5,2",6,8,2,0,2,CRITICAL,999.0,0.0,10,666.1
CASE9_0501_LINE_8_9,CASE9,501,5,"8,9,4,5,2",7,8,9,0,2,CRITICAL,999.0,0.0,10,666.1
CASE9_0501_LINE_9_4,CASE9,501,5,"8,9,4,5,2",8,9,4,0,2,CRITICAL,999.0,0.0,10,666.1
CASE9_0502_LINE_1_4,CASE9,502,6,"4,7,9,8,3,6",0,1,4,0,2,CRITICAL,999.0,0.0,10,624.4
CASE9_0502_LINE_4_5,CASE9,502,6,"4,7,9,8,3,6",1,4,5,0,2,CRITICAL,999.0,0.0,10,624.4
CASE9_0502_LINE_5_6,CASE9,502,6,"4,7,9,8,3,6",2,5,6,1,2,CRITICAL,180.9,0.839,4,624.4
CASE9_0502_LINE_3_6,CASE9,502,6,"4,7,9,8,3,6",3,3,6,0,2,CRITICAL,999.0,0.0,10,624.4
CASE9_0502_LINE_6_7,CASE9,502,6,"4,7,9,8,3,6",4,6,7,1,2,CRITICAL,170.5,0.875,2,624.4
CASE9_0502_LINE_7_8,CASE9,502,6,"4,7,9,8,3,6",5,7,8,1,2,CRITICAL,193.6,0.826,7,624.4
CASE9_0502_LINE_8_2,CASE9,502,6,"4,7,9,8,3,6",6,8,2,0,2,CRITICAL,999.0,0.0,10,624.4
CASE9_0502_LINE_8_9,CASE9,502,6,"4,7,9,8,3,6",7,8,9,1,2,CRITICAL,188.7,0.736,4,624.4
CASE9_0502_LINE_9_4,CASE9,502,6,"4,7,9,8,3,6",8,9,4,0,2,CRITICAL,999.0,0.0,10,624.4
CASE9_0503_LINE_1_4,CASE9,503,1,5,0,1,4,0,2,CRITICAL,999.0,0.0,10,300.6
CASE9_0503_LINE_4_5,CASE9,503,1,5,1,4,5,1,1,ALERT,65.2,0.938,0,300.6
CASE9_0503_LINE_5_6,CASE9,503,1,5,2,5,6,1,1,ALERT,65.4,0.93,0,300.6
CASE9_0503_LINE_3_6,CASE9,503,1,5,3,3,6,0,2,CRITICAL,999.0,0.0,10,300.6
CASE9_0503_LINE_6_7,CASE9,503,1,5,4,6,7,1,1,ALERT,65.8,0.947,0,300.6
CASE9_0503_LINE_7_8,CASE9,503,1,5,5,7,8,1,1,ALERT,70.1,0.936,0,300.6
CASE9_0503_LINE_8_2,CASE9,503,1,5,6,8,2,0,2,CRITICAL,999.0,0.0,10,300.6
CASE9_0503_LINE_8_9,CASE9,503,1,5,7,8,9,1,2,CRITICAL,91.2,0.892,1,300.6
CASE9_0503_LINE_9_4,CASE9,503,1,5,8,9,4,1,2,CRITICAL,69.2,0.795,1,300.6
CASE9_0504_LINE_1_4,CASE9,504,5,"8,2,4,3,5",0,1,4,0,2,CRITICAL,999.0,0.0,10,579.8
CASE9_0504_LINE_4_5,CASE9,504,5,"8,2,4,3,5",1,4,5,0,2,CRITICAL,999.0,0.0,10,579.8
CASE9_0504_LINE_5_6,CASE9,504,5,"8,2,4,3,5",2,5,6,1,2,CRITICAL,154.9,0.819,2,579.8
CASE9_0504_LINE_3_6,CASE9,504,5,"8,2,4,3,5",3,3,6,0,2,CRITICAL,999.0,0.0,10,579.8
CASE9_0504_LINE_6_7,CASE9,504,5,"8,2,4,3,5",4,6,7,1,2,CRITICAL,145.1,0.918,1,579.8
CASE9_0504_LINE_7_8,CASE9,504,5,"8,2,4,3,5",5,7,8,1,2,CRITICAL,149.5,0.893,2,579.8
CASE9_0504_LINE_8_2,CASE9,504,5,"8,2,4,3,5",6,8,2,0,2,CRITICAL,999.0,0.0,10,579.8
CASE9_0504_LINE_8_9,CASE9,504,5,"8,2,4,3,5",7,8,9,1,2,CRITICAL,151.2,0.859,2,579.8
CASE9_0504_LINE_9_4,CASE9,504,5,"8,2,4,3,5",8,9,4,1,2,CRITICAL,167.4,0.737,5,579.8
CASE9_0505_LINE_1_4,CASE9,505,7,"2,4,5,3,7,8,9",0,1,4,0,2,CRITICAL,999.0,0.0,10,686.6
CASE9_0505_LINE_4_5,CASE9,505,7,"2,4,5,3,7,8,9",1,4,5,0,2,CRITICAL,999.0,0.0,10,686.6
CASE9_0505_LINE_5_6,CASE9,505,7,"2,4,5,3,7,8,9",2,5,6,0,2,CRITICAL,999.0,0.0,10,686.6
CASE9_0505_LINE_3_6,CASE9,505,7,"2,4,5,3,7,8,9",3,3,6,0,2,CRITICAL,999.0,0.0,10,686.6
CASE9_0505_LINE_6_7,CASE9,505,7,"2,4,5,3,7,8,9",4,6,7,0,2,CRITICAL,999.0,0.0,10,686.6
CASE9_0505_LINE_7_8,CASE9,505,7,"2,4,5,3,7,8,9",5,7,8,0,2,CRITICAL,999.0,0.0,10,686.6
CASE9_0505_LINE_8_2,CASE9,505,7,"2,4,5,3,7,8,9",6,8,2,0,2,CRITICAL,999.0,0.0,10,686.6
CASE9_0505_LINE_8_9,CASE9,505,7,"2,4,5,3,7,8,9",7,8,9,0,2,CRITICAL,999.0,0.0,10,686.6
CASE9_0505_LINE_9_4,CASE9,505,7,"2,4,5,3,7,8,9",8,9,4,0,2,CRITICAL,999.0,0.0,10,686.6
CASE9_0506_LINE_1_4,CASE9,506,5,"5,9,7,2,6",0,1,4,0,2,CRITICAL,999.0,0.0,10,560.3
CASE9_0506_LINE_4_5,CASE9,506,5,"5,9,7,2,6",1,4,5,0,2,CRITICAL,999.0,0.0,10,560.3
CASE9_0506_LINE_5_6,CASE9,506,5,"5,9,7,2,6",2,5,6,1,2,CRITICAL,141.9,0.869,2,560.3
CASE9_0506_LINE_3_6,CASE9,506,5,"5,9,7,2,6",3,3,6,0,2,CRITICAL,999.0,0.0,10,560.3
CASE9_0506_LINE_6_7,CASE9,506,5,"5,9,7,2,6",4,6,7,1,2,CRITICAL,140.0,0.844,2,560.3
CASE9_0506_LINE_7_8,CASE9,506,5,"5,9,7,2,6",5,7,8,0,2,CRITICAL,999.0,0.0,10,560.3
CASE9_0506_LINE_8_2,CASE9,506,5,"5,9,7,2,6",6,8,2,0,2,CRITICAL,999.0,0.0,10,560.3
CASE9_0506_LINE_8_9,CASE9,506,5,"5,9,7,2,6",7,8,9,1,2,CRITICAL,144.1,0.89,3,560.3
CASE9_0506_LINE_9_4,CASE9,506,5,"5,9,7,2,6",8,9,4,0,2,CRITICAL,999.0,0.0,10,560.3
CASE9_0507_LINE_1_4,CASE9,507,5,"9,8,5,3,6",0,1,4,0,2,CRITICAL,999.0,0.0,10,576.3
CASE9_0507_LINE_4_5,CASE9,507,5,"9,8,5,3,6",1,4,5,0,2,CRITICAL,999.0,0.0,10,576.3
CASE9_0507_LINE_5_6,CASE9,507,5,"9,8,5,3,6",2,5,6,1,2,CRITICAL,155.5,0.873,3,576.3
CASE9_0507_LINE_3_6,CASE9,507,5,"9,8,5,3,6",3,3,6,0,2,CRITICAL,999.0,0.0,10,576.3
CASE9_0507_LINE_6_7,CASE9,507,5,"9,8,5,3,6",4,6,7,1,2,CRITICAL,143.4,0.918,1,576.3
CASE9_0507_LINE_7_8,CASE9,507,5,"9,8,5,3,6",5,7,8,0,2,CRITICAL,999.0,0.0,10,576.3
CASE9_0507_LINE_8_2,CASE9,507,5,"9,8,5,3,6",6,8,2,0,2,CRITICAL,999.0,0.0,10,576.3
CASE9_0507_LINE_8_9,CASE9,507,5,"9,8,5,3,6",7,8,9,1,2,CRITICAL,155.1,0.879,5,576.3
CASE9_0507_LINE_9_4,CASE9,507,5,"9,8,5,3,6",8,9,4,0,2,CRITICAL,999.0,0.0,10,576.3
CASE9_0508_LINE_1_4,CASE9,508,4,"6,3,4,5",0,1,4,0,2,CRITICAL,999.0,0.0,10,496.1
CASE9_0508_LINE_4_5,CASE9,508,4,"6,3,4,5",1,4,5,1,2,CRITICAL,109.1,0.933,1,496.1
CASE9_0508_LINE_5_6,CASE9,508,4,"6,3,4,5",2,5,6,1,2,CRITICAL,107.3,0.934,1,496.1
CASE9_0508_LINE_3_6,CASE9,508,4,"6,3,4,5",3,3,6,0,2,CRITICAL,999.0,0.0,10,496.1
CASE9_0508_LINE_6_7,CASE9,508,4,"6,3,4,5",4,6,7,1,2,CRITICAL,105.0,0.941,1,496.1
CASE9_0508_LINE_7_8,CASE9,508,4,"6,3,4,5",5,7,8,1,2,CRITICAL,122.1,0.892,2,496.1
CASE9_0508_LINE_8_2,CASE9,508,4,"6,3,4,5",6,8,2,0,2,CRITICAL,999.0,0.0,10,496.1
CASE9_0508_LINE_8_9,CASE9,508,4,"6,3,4,5",7,8,9,1,2,CRITICAL,111.2,0.884,2,496.1
CASE9_0508_LINE_9_4,CASE9,508,4,"6,3,4,5",8,9,4,1,2,CRITICAL,110.8,0.782,2,496.1
CASE9_0509_LINE_1_4,CASE9,509,6,"2,5,7,4,9,6",0,1,4,0,2,CRITICAL,999.0,0.0,10,582.2
CASE9_0509_LINE_4_5,CASE9,509,6,"2,5,7,4,9,6",1,4,5,1,2,CRITICAL,181.4,0.769,6,582.2
CASE9_0509_LINE_5_6,CASE9,509,6,"2,5,7,4,9,6",2,5,6,1,2,CRITICAL,154.5,0.865,3,582.2
CASE9_0509_LINE_3_6,CASE9,509,6,"2,5,7,4,9,6",3,3,6,0,2,CRITICAL,999.0,0.0,10,582.2
CASE9_0509_LINE_6_7,CASE9,509,6,"2,5,7,4,9,6",4,6,7,1,2,CRITICAL,148.5,0.873,3,582.2
CASE9_0509_LINE_7_8,CASE9,509,6,"2,5,7,4,9,6",5,7,8,1,2,CRITICAL,166.2,0.83,4,582.2
CASE9_0509_LINE_8_2,CASE9,509,6,"2,5,7,4,9,6",6,8,2,0,2,CRITICAL,999.0,0.0,10,582.2
CASE9_0509_LINE_8_9,CASE9,509,6,"2,5,7,4,9,6",7,8,9,1,2,CRITICAL,165.7,0.75,4,582.2
CASE9_0509_LINE_9_4,CASE9,509,6,"2,5,7,4,9,6",8,9,4,0,2,CRITICAL,999.0,0.0,10,582.2
CASE9_0510_LINE_1_4,CASE9,510,1,2,0,1,4,0,2,CRITICAL,999.0,0.0,10,385.9
CASE9_0510_LINE_4_5,CASE9,510,1,2,1,4,5,1,1,ALERT,63.2,0.906,0,385.9
CASE9_0510_LINE_5_6,CASE9,510,1,2,2,5,6,1,1,ALERT,61.1,0.929,0,385.9
CASE9_0510_LINE_3_6,CASE9,510,1,2,3,3,6,0,2,CRITICAL,999.0,0.0,10,385.9
CASE9_0510_LINE_6_7,CASE9,510,1,2,4,6,7,1,1,ALERT,59.3,0.944,0,385.9
CASE9_0510_LINE_7_8,CASE9,510,1,2,5,7,8,1,1,ALERT,70.1,0.939,0,385.9
CASE9_0510_LINE_8_2,CASE9,510,1,2,6,8,2,0,2,CRITICAL,999.0,0.0,10,385.9
CASE9_0510_LINE_8_9,CASE9,510,1,2,7,8,9,1,1,ALERT,62.8,0.906,0,385.9
CASE9_0510_LINE_9_4,CASE9,510,1,2,8,9,4,1,2,CRITICAL,97.7,0.78,1,385.9
CASE9_0516_LINE_1_4,CASE9,516,1,6,0,1,4,0,2,CRITICAL,999.0,0.0,10,349.9
CASE9_0516_LINE_4_5,CASE9,516,1,6,1,4,5,1,2,CRITICAL,65.3,0.898,1,349.9
CASE9_0516_LINE_5_6,CASE9,516,1,6,2,5,6,1,1,ALERT,65.3,0.925,0,349.9
CASE9_0516_LINE_3_6,CASE9,516,1,6,3,3,6,0,2,CRITICAL,999.0,0.0,10,349.9
CASE9_0516_LINE_6_7,CASE9,516,1,6,4,6,7,1,1,ALERT,65.8,0.947,0,349.9
CASE9_0516_LINE_7_8,CASE9,516,1,6,5,7,8,1,1,ALERT,70.3,0.924,0,349.9
CASE9_0516_LINE_8_2,CASE9,516,1,6,6,8,2,0,2,CRITICAL,999.0,0.0,10,349.9
CASE9_0516_LINE_8_9,CASE9,516,1,6,7,8,9,1,2,CRITICAL,70.3,0.898,1,349.9
CASE9_0516_LINE_9_4,CASE9,516,1,6,8,9,4,1,2,CRITICAL,69.7,0.791,1,349.9
CASE9_0517_LINE_1_4,CASE9,517,1,5,0,1,4,0,2,CRITICAL,999.0,0.0,10,359.9
CASE9_0517_LINE_4_5,CASE9,517,1,5,1,4,5,1,2,CRITICAL,94.8,0.76,1,359.9
CASE9_0517_LINE_5_6,CASE9,517,1,5,2,5,6,1,2,CRITICAL,65.7,0.867,1,359.9
CASE9_0517_LINE_3_6,CASE9,517,1,5,3,3,6,0,2,CRITICAL,999.0,0.0,10,359.9
CASE9_0517_LINE_6_7,CASE9,517,1,5,4,6,7,1,1,ALERT,66.0,0.945,0,359.9
CASE9_0517_LINE_7_8,CASE9,517,1,5,5,7,8,1,1,ALERT,70.3,0.924,0,359.9
CASE9_0517_LINE_8_2,CASE9,517,1,5,6,8,2,0,2,CRITICAL,999.0,0.0,10,359.9
CASE9_0517_LINE_8_9,CASE9,517,1,5,7,8,9,1,2,CRITICAL,90.9,0.884,1,359.9
CASE9_0517_LINE_9_4,CASE9,517,1,5,8,9,4,1,2,CRITICAL,69.7,0.791,1,359.9
CASE9_0518_LINE_1_4,CASE9,518,4,"9,8,7,6",0,1,4,0,2,CRITICAL,999.0,0.0,10,450.1
CASE9_0518_LINE_4_5,CASE9,518,4,"9,8,7,6",1,4,5,1,2,CRITICAL,93.6,0.886,2,450.1
CASE9_0518_LINE_5_6,CASE9,518,4,"9,8,7,6",2,5,6,1,2,CRITICAL,96.2,0.877,2,450.1
CASE9_0518_LINE_3_6,CASE9,518,4,"9,8,7,6",3,3,6,0,2,CRITICAL,999.0,0.0,10,450.1
CASE9_0518_LINE_6_7,CASE9,518,4,"9,8,7,6",4,6,7,1,2,CRITICAL,91.2,0.886,1,450.1
CASE9_0518_LINE_7_8,CASE9,518,4,"9,8,7,6",5,7,8,1,2,CRITICAL,91.0,0.89,1,450.1
CASE9_0518_LINE_8_2,CASE9,518,4,"9,8,7,6",6,8,2,0,2,CRITICAL,999.0,0.0,10,450.1
CASE9_0518_LINE_8_9,CASE9,518,4,"9,8,7,6",7,8,9,1,2,CRITICAL,118.5,0.736,4,450.1
CASE9_0518_LINE_9_4,CASE9,518,4,"9,8,7,6",8,9,4,0,2,CRITICAL,999.0,0.0,10,450.1
CASE9_0519_LINE_1_4,CASE9,519,1,8,0,1,4,0,2,CRITICAL,999.0,0.0,10,332.5
CASE9_0519_LINE_4_5,CASE9,519,1,8,1,4,5,1,1,ALERT,65.3,0.906,0,332.5
CASE9_0519_LINE_5_6,CASE9,519,1,8,2,5,6,1,1,ALERT,65.5,0.922,0,332.5
CASE9_0519_LINE_3_6,CASE9,519,1,8,3,3,6,0,2,CRITICAL,999.0,0.0,10,332.5
CASE9_0519_LINE_6_7,CASE9,519,1,8,4,6,7,1,1,ALERT,66.3,0.942,0,332.5
CASE9_0519_LINE_7_8,CASE9,519,1,8,5,7,8,1,1,ALERT,70.2,0.937,0,332.5
CASE9_0519_LINE_8_2,CASE9,519,1,8,6,8,2,0,2,CRITICAL,999.0,0.0,10,332.5
CASE9_0519_LINE_8_9,CASE9,519,1,8,7,8,9,1,2,CRITICAL,81.2,0.895,1,332.5
CASE9_0519_LINE_9_4,CASE9,519,1,8,8,9,4,1,2,CRITICAL,70.5,0.785,1,332.5
CASE9_0520_LINE_1_4,CASE9,520,6,"8,7,9,4,2,6",0,1,4,0,2,CRITICAL,999.0,0.0,10,482.3
CASE9_0520_LINE_4_5,CASE9,520,6,"8,7,9,4,2,6",1,4,5,1,2,CRITICAL,108.2,0.87,2,482.3
CASE9_0520_LINE_5_6,CASE9,520,6,"8,7,9,4,2,6",2,5,6,1,1,ALERT,99.5,0.93,0,482.3
CASE9_0520_LINE_3_6,CASE9,520,6,"8,7,9,4,2,6",3,3,6,0,2,CRITICAL,999.0,0.0,10,482.3
CASE9_0520_LINE_6_7,CASE9,520,6,"8,7,9,4,2,6",4,6,7,1,2,CRITICAL,104.7,0.83,2,482.3
CASE9_0520_LINE_7_8,CASE9,520,6,"8,7,9,4,2,6",5,7,8,1,2,CRITICAL,155.1,0.74,5,482.3
CASE9_0520_LINE_8_2,CASE9,520,6,"8,7,9,4,2,6",6,8,2,0,2,CRITICAL,999.0,0.0,10,482.3
CASE9_0520_LINE_8_9,CASE9,520,6,"8,7,9,4,2,6",7,8,9,1,1,ALERT,99.4,0.939,0,482.3
CASE9_0520_LINE_9_4,CASE9,520,6,"8,7,9,4,2,6",8,9,4,1,2,CRITICAL,123.6,0.905,2,482.3
CASE9_0526_LINE_1_4,CASE9,526,2,"9,4",0,1,4,0,2,CRITICAL,999.0,0.0,10,326.3
CASE9_0526_LINE_4_5,CASE9,526,2,"9,4",1,4,5,1,1,ALERT,65.2,0.909,0,326.3
CASE9_0526_LINE_5_6,CASE9,526,2,"9,4",2,5,6,1,1,ALERT,65.4,0.917,0,326.3
CASE9_0526_LINE_3_6,CASE9,526,2,"9,4",3,3,6,0,2,CRITICAL,999.0,0.0,10,326.3
CASE9_0526_LINE_6_7,CASE9,526,2,"9,4",4,6,7,1,1,ALERT,65.6,0.95,0,326.3
CASE9_0526_LINE_7_8,CASE9,526,2,"9,4",5,7,8,1,1,ALERT,70.2,0.936,0,326.3
CASE9_0526_LINE_8_2,CASE9,526,2,"9,4",6,8,2,0,2,CRITICAL,999.0,0.0,10,326.3
CASE9_0526_LINE_8_9,CASE9,526,2,"9,4",7,8,9,1,1,ALERT,91.2,0.915,0,326.3
CASE9_0526_LINE_9_4,CASE9,526,2,"9,4",8,9,4,1,2,CRITICAL,66.0,0.883,1,326.3
CASE9_0527_LINE_1_4,CASE9,527,3,"2,5,3",0,1,4,0,2,CRITICAL,999.0,0.0,10,439.6
CASE9_0527_LINE_4_5,CASE9,527,3,"2,5,3",1,4,5,1,2,CRITICAL,97.0,0.708,1,439.6
CASE9_0527_LINE_5_6,CASE9,527,3,"2,5,3",2,5,6,1,2,CRITICAL,88.1,0.873,1,439.6
CASE9_0527_LINE_3_6,CASE9,527,3,"2,5,3",3,3,6,0,2,CRITICAL,999.0,0.0,10,439.6
CASE9_0527_LINE_6_7,CASE9,527,3,"2,5,3",4,6,7,1,1,ALERT,81.2,0.945,0,439.6
CASE9_0527_LINE_7_8,CASE9,527,3,"2,5,3",5,7,8,1,1,ALERT,90.0,0.913,0,439.6
CASE9_0527_LINE_8_2,CASE9,527,3,"2,5,3",6,8,2,0,2,CRITICAL,999.0,0.0,10,439.6
CASE9_0527_LINE_8_9,CASE9,527,3,"2,5,3",7,8,9,1,2,CRITICAL,87.0,0.894,1,439.6
CASE9_0527_LINE_9_4,CASE9,527,3,"2,5,3",8,9,4,1,2,CRITICAL,87.9,0.782,1,439.6
CASE9_0528_LINE_1_4,CASE9,528,2,"8,9",0,1,4,0,2,CRITICAL,999.0,0.0,10,467.7
CASE9_0528_LINE_4_5,CASE9,528,2,"8,9",1,4,5,1,2,CRITICAL,102.3,0.878,3,467.7
CASE9_0528_LINE_5_6,CASE9,528,2,"8,9",2,5,6,1,2,CRITICAL,103.0,0.878,3,467.7
CASE9_0528_LINE_3_6,CASE9,528,2,"8,9",3,3,6,0,2,CRITICAL,999.0,0.0,10,467.7
CASE9_0528_LINE_6_7,CASE9,528,2,"8,9",4,6,7,1,2,CRITICAL,101.6,0.872,2,467.7
CASE9_0528_LINE_7_8,CASE9,528,2,"8,9",5,7,8,1,2,CRITICAL,98.1,0.892,1,467.7
CASE9_0528_LINE_8_2,CASE9,528,2,"8,9",6,8,2,0,2,CRITICAL,999.0,0.0,10,467.7
CASE9_0528_LINE_8_9,CASE9,528,2,"8,9",7,8,9,1,2,CRITICAL,122.0,0.742,3,467.7
CASE9_0528_LINE_9_4,CASE9,528,2,"8,9",8,9,4,0,2,CRITICAL,999.0,0.0,10,467.7
CASE9_0529_LINE_1_4,CASE9,529,1,9,0,1,4,0,2,CRITICAL,999.0,0.0,10,439.8
CASE9_0529_LINE_4_5,CASE9,529,1,9,1,4,5,1,2,CRITICAL,92.3,0.866,2,439.8
CASE9_0529_LINE_5_6,CASE9,529,1,9,2,5,6,1,2,CRITICAL,99.5,0.843,2,439.8
CASE9_0529_LINE_3_6,CASE9,529,1,9,3,3,6,0,2,CRITICAL,999.0,0.0,10,439.8
CASE9_0529_LINE_6_7,CASE9,529,1,9,4,6,7,1,2,CRITICAL,92.0,0.859,1,439.8
CASE9_0529_LINE_7_8,CASE9,529,1,9,5,7,8,1,2,CRITICAL,93.4,0.855,1,439.8
CASE9_0529_LINE_8_2,CASE9,529,1,9,6,8,2,0,2,CRITICAL,999.0,0.0,10,439.8
CASE9_0529_LINE_8_9,CASE9,529,1,9,7,8,9,0,2,CRITICAL,999.0,0.0,10,439.8
CASE9_0529_LINE_9_4,CASE9,529,1,9,8,9,4,0,2,CRITICAL,999.0,0.0,10,439.8
CASE9_0530_LINE_1_4,CASE9,530,2,"8,6",0,1,4,0,2,CRITICAL,999.0,0.0,10,423.3
CASE9_0530_LINE_4_5,CASE9,530,2,"8,6",1,4,5,1,2,CRITICAL,78.4,0.872,1,423.3
CASE9_0530_LINE_5_6,CASE9,530,2,"8,6",2,5,6,1,1,ALERT,75.6,0.927,0,423.3
CASE9_0530_LINE_3_6,CASE9,530,2,"8,6",3,3,6,0,2,CRITICAL,999.0,0.0,10,423.3
CASE9_0530_LINE_6_7,CASE9,530,2,"8,6",4,6,7,1,1,ALERT,73.2,0.934,0,423.3
CASE9_0530_LINE_7_8,CASE9,530,2,"8,6",5,7,8,1,1,ALERT,80.9,0.903,0,423.3
CASE9_0530_LINE_8_2,CASE9,530,2,"8,6",6,8,2,0,2,CRITICAL,999.0,0.0,10,423.3
CASE9_0530_LINE_8_9,CASE9,530,2,"8,6",7,8,9,1,1,ALERT,77.2,0.905,0,423.3
CASE9_0530_LINE_9_4,CASE9,530,2,"8,6",8,9,4,1,2,CRITICAL,81.1,0.754,1,423.3
CASE9_0511_LINE_1_4,CASE9,511,8,"3,9,2,8,5,7,4,6",0,1,4,0,2,CRITICAL,999.0,0.0,10,747.5
CASE9_0511_LINE_4_5,CASE9,511,8,"3,9,2,8,5,7,4,6",1,4,5,0,2,CRITICAL,999.0,0.0,10,747.5
CASE9_0511_LINE_5_6,CASE9,511,8,"3,9,2,8,5,7,4,6",2,5,6,0,2,CRITICAL,999.0,0.0,10,747.5
CASE9_0511_LINE_3_6,CASE9,511,8,"3,9,2,8,5,7,4,6",3,3,6,0,2,CRITICAL,999.0,0.0,10,747.5
CASE9_0511_LINE_6_7,CASE9,511,8,"3,9,2,8,5,7,4,6",4,6,7,0,2,CRITICAL,999.0,0.0,10,747.5
CASE9_0511_LINE_7_8,CASE9,511,8,"3,9,2,8,5,7,4,6",5,7,8,0,2,CRITICAL,999.0,0.0,10,747.5
CASE9_0511_LINE_8_2,CASE9,511,8,"3,9,2,8,5,7,4,6",6,8,2,0,2,CRITICAL,999.0,0.0,10,747.5
CASE9_0511_LINE_8_9,CASE9,511,8,"3,9,2,8,5,7,4,6",7,8,9,0,2,CRITICAL,999.0,0.0,10,747.5
CASE9_0511_LINE_9_4,CASE9,511,8,"3,9,2,8,5,7,4,6",8,9,4,0,2,CRITICAL,999.0,0.0,10,747.5
CASE9_0512_LINE_1_4,CASE9,512,7,"5,2,7,3,4,8,9",0,1,4,0,2,CRITICAL,999.0,0.0,10,692.0
CASE9_0512_LINE_4_5,CASE9,512,7,"5,2,7,3,4,8,9",1,4,5,0,2,CRITICAL,999.0,0.0,10,692.0
CASE9_0512_LINE_5_6,CASE9,512,7,"5,2,7,3,4,8,9",2,5,6,1,2,CRITICAL,240.1,0.699,4,692.0
CASE9_0512_LINE_3_6,CASE9,512,7,"5,2,7,3,4,8,9",3,3,6,0,2,CRITICAL,999.0,0.0,10,692.0
CASE9_0512_LINE_6_7,CASE9,512,7,"5,2,7,3,4,8,9",4,6,7,1,2,CRITICAL,214.9,0.811,6,692.0
CASE9_0512_LINE_7_8,CASE9,512,7,"5,2,7,3,4,8,9",5,7,8,0,2,CRITICAL,999.0,0.0,10,692.0
CASE9_0512_LINE_8_2,CASE9,512,7,"5,2,7,3,4,8,9",6,8,2,0,2,CRITICAL,999.0,0.0,10,692.0
CASE9_0512_LINE_8_9,CASE9,512,7,"5,2,7,3,4,8,9",7,8,9,0,2,CRITICAL,999.0,0.0,10,692.0
CASE9_0512_LINE_9_4,CASE9,512,7,"5,2,7,3,4,8,9",8,9,4,0,2,CRITICAL,999.0,0.0,10,692.0
CASE9_0513_LINE_1_4,CASE9,513,4,"6,5,9,7",0,1,4,0,2,CRITICAL,999.0,0.0,10,416.6
CASE9_0513_LINE_4_5,CASE9,513,4,"6,5,9,7",1,4,5,1,2,CRITICAL,90.2,0.84,1,416.6
CASE9_0513_LINE_5_6,CASE9,513,4,"6,5,9,7",2,5,6,1,1,ALERT,74.1,0.916,0,416.6
CASE9_0513_LINE_3_6,CASE9,513,4,"6,5,9,7",3,3,6,0,2,CRITICAL,999.0,0.0,10,416.6
CASE9_0513_LINE_6_7,CASE9,513,4,"6,5,9,7",4,6,7,1,2,CRITICAL,74.1,0.873,1,416.6
CASE9_0513_LINE_7_8,CASE9,513,4,"6,5,9,7",5,7,8,1,2,CRITICAL,139.7,0.766,5,416.6
CASE9_0513_LINE_8_2,CASE9,513,4,"6,5,9,7",6,8,2,0,2,CRITICAL,999.0,0.0,10,416.6
CASE9_0513_LINE_8_9,CASE9,513,4,"6,5,9,7",7,8,9,1,1,ALERT,74.4,0.915,0,416.6
CASE9_0513_LINE_9_4,CASE9,513,4,"6,5,9,7",8,9,4,1,2,CRITICAL,92.3,0.8,1,416.6
CASE9_0514_LINE_1_4,CASE9,514,5,"7,9,3,6,2",0,1,4,0,2,CRITICAL,999.0,0.0,10,418.5
CASE9_0514_LINE_4_5,CASE9,514,5,"7,9,3,6,2",1,4,5,1,2,CRITICAL,77.1,0.885,1,418.5
CASE9_0514_LINE_5_6,CASE9,514,5,"7,9,3,6,2",2,5,6,1,1,ALERT,71.3,0.94,0,418.5
CASE9_0514_LINE_3_6,CASE9,514,5,"7,9,3,6,2",3,3,6,0,2,CRITICAL,999.0,0.0,10,418.5
CASE9_0514_LINE_6_7,CASE9,514,5,"7,9,3,6,2",4,6,7,1,1,ALERT,70.4,0.929,0,418.5
CASE9_0514_LINE_7_8,CASE9,514,5,"7,9,3,6,2",5,7,8,1,2,CRITICAL,91.4,0.881,1,418.5
CASE9_0514_LINE_8_2,CASE9,514,5,"7,9,3,6,2",6,8,2,0,2,CRITICAL,999.0,0.0,10,418.5
CASE9_0514_LINE_8_9,CASE9,514,5,"7,9,3,6,2",7,8,9,1,0,SAFE,70.9,0.951,0,418.5
CASE9_0514_LINE_9_4,CASE9,514,5,"7,9,3,6,2",8,9,4,1,2,CRITICAL,75.4,0.895,1,418.5
CASE9_0515_LINE_1_4,CASE9,515,4,"9,3,5,2",0,1,4,0,2,CRITICAL,999.0,0.0,10,554.5
CASE9_0515_LINE_4_5,CASE9,515,4,"9,3,5,2",1,4,5,0,2,CRITICAL,999.0,0.0,10,554.5
CASE9_0515_LINE_5_6,CASE9,515,4,"9,3,5,2",2,5,6,1,2,CRITICAL,138.6,0.878,3,554.5
CASE9_0515_LINE_3_6,CASE9,515,4,"9,3,5,2",3,3,6,0,2,CRITICAL,999.0,0.0,10,554.5
CASE9_0515_LINE_6_7,CASE9,515,4,"9,3,5,2",4,6,7,1,2,CRITICAL,132.1,0.913,1,554.5
CASE9_0515_LINE_7_8,CASE9,515,4,"9,3,5,2",5,7,8,1,2,CRITICAL,141.4,0.896,3,554.5
CASE9_0515_LINE_8_2,CASE9,515,4,"9,3,5,2",6,8,2,0,2,CRITICAL,999.0,0.0,10,554.5
CASE9_0515_LINE_8_9,CASE9,515,4,"9,3,5,2",7,8,9,1,2,CRITICAL,140.3,0.838,2,554.5
CASE9_0515_LINE_9_4,CASE9,515,4,"9,3,5,2",8,9,4,0,2,CRITICAL,999.0,0.0,10,554.5
CASE9_0521_LINE_1_4,CASE9,521,7,"9,4,3,6,2,5,8",0,1,4,0,2,CRITICAL,999.0,0.0,10,591.8
CASE9_0521_LINE_4_5,CASE9,521,7,"9,4,3,6,2,5,8",1,4,5,1,2,CRITICAL,172.6,0.842,3,591.8
CASE9_0521_LINE_5_6,CASE9,521,7,"9,4,3,6,2,5,8",2,5,6,1,2,CRITICAL,153.3,0.908,1,591.8
CASE9_0521_LINE_3_6,CASE9,521,7,"9,4,3,6,2,5,8",3,3,6,0,2,CRITICAL,999.0,0.0,10,591.8
CASE9_0521_LINE_6_7,CASE9,521,7,"9,4,3,6,2,5,8",4,6,7,1,2,CRITICAL,149.7,0.902,1,591.8
CASE9_0521_LINE_7_8,CASE9,521,7,"9,4,3,6,2,5,8",5,7,8,1,2,CRITICAL,149.7,0.902,1,591.8
CASE9_0521_LINE_8_2,CASE9,521,7,"9,4,3,6,2,5,8",6,8,2,0,2,CRITICAL,999.0,0.0,10,591.8
CASE9_0521_LINE_8_9,CASE9,521,7,"9,4,3,6,2,5,8",7,8,9,1,2,CRITICAL,153.9,0.9,2,591.8
CASE9_0521_LINE_9_4,CASE9,521,7,"9,4,3,6,2,5,8",8,9,4,0,2,CRITICAL,999.0,0.0,10,591.8
CASE9_0522_LINE_1_4,CASE9,522,7,"9,6,7,8,4,2,5",0,1,4,0,2,CRITICAL,999.0,0.0,10,669.9
CASE9_0522_LINE_4_5,CASE9,522,7,"9,6,7,8,4,2,5",1,4,5,0,2,CRITICAL,999.0,0.0,10,669.9
CASE9_0522_LINE_5_6,CASE9,522,7,"9,6,7,8,4,2,5",2,5,6,1,2,CRITICAL,239.5,0.726,6,669.9
CASE9_0522_LINE_3_6,CASE9,522,7,"9,6,7,8,4,2,5",3,3,6,0,2,CRITICAL,999.0,0.0,10,669.9
CASE9_0522_LINE_6_7,CASE9,522,7,"9,6,7,8,4,2,5",4,6,7,1,2,CRITICAL,206.9,0.794,7,669.9
CASE9_0522_LINE_7_8,CASE9,522,7,"9,6,7,8,4,2,5",5,7,8,0,2,CRITICAL,999.0,0.0,10,669.9
CASE9_0522_LINE_8_2,CASE9,522,7,"9,6,7,8,4,2,5",6,8,2,0,2,CRITICAL,999.0,0.0,10,669.9
CASE9_0522_LINE_8_9,CASE9,522,7,"9,6,7,8,4,2,5",7,8,9,1,2,CRITICAL,237.9,0.675,4,669.9
CASE9_0522_LINE_9_4,CASE9,522,7,"9,6,7,8,4,2,5",8,9,4,0,2,CRITICAL,999.0,0.0,10,669.9
CASE9_0523_LINE_1_4,CASE9,523,4,"2,6,7,4",0,1,4,0,2,CRITICAL,999.0,0.0,10,483.4
CASE9_0523_LINE_4_5,CASE9,523,4,"2,6,7,4",1,4,5,1,2,CRITICAL,107.1,0.88,2,483.4
CASE9_0523_LINE_5_6,CASE9,523,4,"2,6,7,4",2,5,6,1,2,CRITICAL,101.4,0.92,1,483.4
CASE9_0523_LINE_3_6,CASE9,523,4,"2,6,7,4",3,3,6,0,2,CRITICAL,999.0,0.0,10,483.4
CASE9_0523_LINE_6_7,CASE9,523,4,"2,6,7,4",4,6,7,1,2,CRITICAL,103.0,0.875,2,483.4
CASE9_0523_LINE_7_8,CASE9,523,4,"2,6,7,4",5,7,8,1,2,CRITICAL,124.0,0.821,3,483.4
CASE9_0523_LINE_8_2,CASE9,523,4,"2,6,7,4",6,8,2,0,2,CRITICAL,999.0,0.0,10,483.4
CASE9_0523_LINE_8_9,CASE9,523,4,"2,6,7,4",7,8,9,1,2,CRITICAL,102.1,0.9,2,483.4
CASE9_0523_LINE_9_4,CASE9,523,4,"2,6,7,4",8,9,4,1,2,CRITICAL,134.6,0.733,5,483.4
CASE9_0524_LINE_1_4,CASE9,524,7,"3,5,7,6,9,8,4",0,1,4,0,2,CRITICAL,999.0,0.0,10,585.3
CASE9_0524_LINE_4_5,CASE9,524,7,"3,5,7,6,9,8,4",1,4,5,0,2,CRITICAL,999.0,0.0,10,585.3
CASE9_0524_LINE_5_6,CASE9,524,7,"3,5,7,6,9,8,4",2,5,6,1,2,CRITICAL,157.0,0.827,2,585.3
CASE9_0524_LINE_3_6,CASE9,524,7,"3,5,7,6,9,8,4",3,3,6,0,2,CRITICAL,999.0,0.0,10,585.3
CASE9_0524_LINE_6_7,CASE9,524,7,"3,5,7,6,9,8,4",4,6,7,1,2,CRITICAL,148.3,0.859,2,585.3
CASE9_0524_LINE_7_8,CASE9,524,7,"3,5,7,6,9,8,4",5,7,8,0,2,CRITICAL,999.0,0.0,10,585.3
CASE9_0524_LINE_8_2,CASE9,524,7,"3,5,7,6,9,8,4",6,8,2,0,2,CRITICAL,999.0,0.0,10,585.3
CASE9_0524_LINE_8_9,CASE9,524,7,"3,5,7,6,9,8,4",7,8,9,1,2,CRITICAL,155.6,0.878,3,585.3
CASE9_0524_LINE_9_4,CASE9,524,7,"3,5,7,6,9,8,4",8,9,4,0,2,CRITICAL,999.0,0.0,10,585.3
CASE9_0525_LINE_1_4,CASE9,525,8,"7,3,9,5,2,6,8,4",0,1,4,0,2,CRITICAL,999.0,0.0,10,697.8
CASE9_0525_LINE_4_5,CASE9,525,8,"7,3,9,5,2,6,8,4",1,4,5,0,2,CRITICAL,999.0,0.0,10,697.8
CASE9_0525_LINE_5_6,CASE9,525,8,"7,3,9,5,2,6,8,4",2,5,6,0,2,CRITICAL,999.0,0.0,10,697.8
CASE9_0525_LINE_3_6,CASE9,525,8,"7,3,9,5,2,6,8,4",3,3,6,0,2,CRITICAL,999.0,0.0,10,697.8
CASE9_0525_LINE_6_7,CASE9,525,8,"7,3,9,5,2,6,8,4",4,6,7,1,2,CRITICAL,211.8,0.824,4,697.8
CASE9_0525_LINE_7_8,CASE9,525,8,"7,3,9,5,2,6,8,4",5,7,8,0,2,CRITICAL,999.0,0.0,10,697.8
CASE9_0525_LINE_8_2,CASE9,525,8,"7,3,9,5,2,6,8,4",6,8,2,0,2,CRITICAL,999.0,0.0,10,697.8
CASE9_0525_LINE_8_9,CASE9,525,8,"7,3,9,5,2,6,8,4",7,8,9,1,2,CRITICAL,245.1,0.683,5,697.8
CASE9_0525_LINE_9_4,CASE9,525,8,"7,3,9,5,2,6,8,4",8,9,4,0,2,CRITICAL,999.0,0.0,10,697.8
CASE9_0536_LINE_1_4,CASE9,536,1,5,0,1,4,0,2,CRITICAL,999.0,0.0,10,322.0
CASE9_0536_LINE_4_5,CASE9,536,1,5,1,4,5,1,2,CRITICAL,68.1,0.891,1,322.0
CASE9_0536_LINE_5_6,CASE9,536,1,5,2,5,6,1,1,ALERT,65.5,0.912,0,322.0
CASE9_0536_LINE_3_6,CASE9,536,1,5,3,3,6,0,2,CRITICAL,999.0,0.0,10,322.0
CASE9_0536_LINE_6_7,CASE9,536,1,5,4,6,7,1,1,ALERT,65.9,0.946,0,322.0
CASE9_0536_LINE_7_8,CASE9,536,1,5,5,7,8,1,1,ALERT,70.2,0.932,0,322.0
CASE9_0536_LINE_8_2,CASE9,536,1,5,6,8,2,0,2,CRITICAL,999.0,0.0,10,322.0
CASE9_0536_LINE_8_9,CASE9,536,1,5,7,8,9,1,2,CRITICAL,91.1,0.89,1,322.0
CASE9_0536_LINE_9_4,CASE9,536,1,5,8,9,4,1,2,CRITICAL,69.3,0.794,1,322.0
CASE9_0537_LINE_1_4,CASE9,537,7,"6,2,9,5,3,7,4",0,1,4,0,2,CRITICAL,999.0,0.0,10,574.1
CASE9_0537_LINE_4_5,CASE9,537,7,"6,2,9,5,3,7,4",1,4,5,1,2,CRITICAL,173.3,0.823,8,574.1
CASE9_0537_LINE_5_6,CASE9,537,7,"6,2,9,5,3,7,4",2,5,6,1,2,CRITICAL,146.7,0.91,1,574.1
CASE9_0537_LINE_3_6,CASE9,537,7,"6,2,9,5,3,7,4",3,3,6,0,2,CRITICAL,999.0,0.0,10,574.1
CASE9_0537_LINE_6_7,CASE9,537,7,"6,2,9,5,3,7,4",4,6,7,1,2,CRITICAL,138.7,0.901,1,574.1
CASE9_0537_LINE_7_8,CASE9,537,7,"6,2,9,5,3,7,4",5,7,8,0,2,CRITICAL,999.0,0.0,10,574.1
CASE9_0537_LINE_8_2,CASE9,537,7,"6,2,9,5,3,7,4",6,8,2,0,2,CRITICAL,999.0,0.0,10,574.1
CASE9_0537_LINE_8_9,CASE9,537,7,"6,2,9,5,3,7,4",7,8,9,1,2,CRITICAL,144.3,0.926,1,574.1
CASE9_0537_LINE_9_4,CASE9,537,7,"6,2,9,5,3,7,4",8,9,4,1,2,CRITICAL,174.9,0.811,7,574.1
CASE9_0538_LINE_1_4,CASE9,538,4,"8,5,3,6",0,1,4,0,2,CRITICAL,999.0,0.0,10,507.8
CASE9_0538_LINE_4_5,CASE9,538,4,"8,5,3,6",1,4,5,1,2,CRITICAL,129.1,0.86,4,507.8
CASE9_0538_LINE_5_6,CASE9,538,4,"8,5,3,6",2,5,6,1,2,CRITICAL,113.7,0.922,1,507.8
CASE9_0538_LINE_3_6,CASE9,538,4,"8,5,3,6",3,3,6,0,2,CRITICAL,999.0,0.0,10,507.8
CASE9_0538_LINE_6_7,CASE9,538,4,"8,5,3,6",4,6,7,1,2,CRITICAL,109.5,0.911,1,507.8
CASE9_0538_LINE_7_8,CASE9,538,4,"8,5,3,6",5,7,8,1,2,CRITICAL,118.0,0.896,2,507.8
CASE9_0538_LINE_8_2,CASE9,538,4,"8,5,3,6",6,8,2,0,2,CRITICAL,999.0,0.0,10,507.8
CASE9_0538_LINE_8_9,CASE9,538,4,"8,5,3,6",7,8,9,1,2,CRITICAL,112.7,0.902,1,507.8
CASE9_0538_LINE_9_4,CASE9,538,4,"8,5,3,6",8,9,4,0,2,CRITICAL,999.0,0.0,10,507.8
CASE9_0539_LINE_1_4,CASE9,539,5,"8,9,2,4,7",0,1,4,0,2,CRITICAL,999.0,0.0,10,456.5
CASE9_0539_LINE_4_5,CASE9,539,5,"8,9,2,4,7",1,4,5,1,1,ALERT,89.1,0.912,0,456.5
CASE9_0539_LINE_5_6,CASE9,539,5,"8,9,2,4,7",2,5,6,1,1,ALERT,93.3,0.91,0,456.5
CASE9_0539_LINE_3_6,CASE9,539,5,"8,9,2,4,7",3,3,6,0,2,CRITICAL,999.0,0.0,10,456.5
CASE9_0539_LINE_6_7,CASE9,539,5,"8,9,2,4,7",4,6,7,1,0,SAFE,88.9,0.954,0,456.5
CASE9_0539_LINE_7_8,CASE9,539,5,"8,9,2,4,7",5,7,8,1,0,SAFE,87.3,0.959,0,456.5
CASE9_0539_LINE_8_2,CASE9,539,5,"8,9,2,4,7",6,8,2,0,2,CRITICAL,999.0,0.0,10,456.5
CASE9_0539_LINE_8_9,CASE9,539,5,"8,9,2,4,7",7,8,9,1,1,ALERT,93.1,0.907,0,456.5
CASE9_0539_LINE_9_4,CASE9,539,5,"8,9,2,4,7",8,9,4,1,2,CRITICAL,89.5,0.856,1,456.5
CASE9_0540_LINE_1_4,CASE9,540,8,"3,6,2,5,4,8,9,7",0,1,4,0,2,CRITICAL,999.0,0.0,10,605.6
CASE9_0540_LINE_4_5,CASE9,540,8,"3,6,2,5,4,8,9,7",1,4,5,1,2,CRITICAL,189.8,0.776,4,605.6
CASE9_0540_LINE_5_6,CASE9,540,8,"3,6,2,5,4,8,9,7",2,5,6,1,2,CRITICAL,165.6,0.861,4,605.6
CASE9_0540_LINE_3_6,CASE9,540,8,"3,6,2,5,4,8,9,7",3,3,6,0,2,CRITICAL,999.0,0.0,10,605.6
CASE9_0540_LINE_6_7,CASE9,540,8,"3,6,2,5,4,8,9,7",4,6,7,1,2,CRITICAL,158.9,0.876,2,605.6
CASE9_0540_LINE_7_8,CASE9,540,8,"3,6,2,5,4,8,9,7",5,7,8,1,2,CRITICAL,155.4,0.909,1,605.6
CASE9_0540_LINE_8_2,CASE9,540,8,"3,6,2,5,4,8,9,7",6,8,2,0,2,CRITICAL,999.0,0.0,10,605.6
CASE9_0540_LINE_8_9,CASE9,540,8,"3,6,2,5,4,8,9,7",7,8,9,1,2,CRITICAL,165.3,0.819,2,605.6
CASE9_0540_LINE_9_4,CASE9,540,8,"3,6,2,5,4,8,9,7",8,9,4,0,2,CRITICAL,999.0,0.0,10,605.6
CASE9_0531_LINE_1_4,CASE9,531,2,"7,5",0,1,4,0,2,CRITICAL,999.0,0.0,10,284.1
CASE9_0531_LINE_4_5,CASE9,531,2,"7,5",1,4,5,1,1,ALERT,66.4,0.904,0,284.1
CASE9_0531_LINE_5_6,CASE9,531,2,"7,5",2,5,6,1,1,ALERT,73.5,0.906,0,284.1
CASE9_0531_LINE_3_6,CASE9,531,2,"7,5",3,3,6,0,2,CRITICAL,999.0,0.0,10,284.1
CASE9_0531_LINE_6_7,CASE9,531,2,"7,5",4,6,7,1,0,SAFE,65.3,0.95,0,284.1
CASE9_0531_LINE_7_8,CASE9,531,2,"7,5",5,7,8,1,1,ALERT,65.3,0.934,0,284.1
CASE9_0531_LINE_8_2,CASE9,531,2,"7,5",6,8,2,0,2,CRITICAL,999.0,0.0,10,284.1
CASE9_0531_LINE_8_9,CASE9,531,2,"7,5",7,8,9,1,2,CRITICAL,111.4,0.879,2,284.1
CASE9_0531_LINE_9_4,CASE9,531,2,"7,5",8,9,4,1,2,CRITICAL,67.8,0.806,1,284.1
CASE9_0532_LINE_1_4,CASE9,532,7,"3,8,6,9,2,5,7",0,1,4,0,2,CRITICAL,999.0,0.0,10,657.8
CASE9_0532_LINE_4_5,CASE9,532,7,"3,8,6,9,2,5,7",1,4,5,0,2,CRITICAL,999.0,0.0,10,657.8
CASE9_0532_LINE_5_6,CASE9,532,7,"3,8,6,9,2,5,7",2,5,6,1,2,CRITICAL,225.7,0.73,5,657.8
CASE9_0532_LINE_3_6,CASE9,532,7,"3,8,6,9,2,5,7",3,3,6,0,2,CRITICAL,999.0,0.0,10,657.8
CASE9_0532_LINE_6_7,CASE9,532,7,"3,8,6,9,2,5,7",4,6,7,1,2,CRITICAL,194.8,0.845,4,657.8
CASE9_0532_LINE_7_8,CASE9,532,7,"3,8,6,9,2,5,7",5,7,8,0,2,CRITICAL,999.0,0.0,10,657.8
CASE9_0532_LINE_8_2,CASE9,532,7,"3,8,6,9,2,5,7",6,8,2,0,2,CRITICAL,999.0,0.0,10,657.8
CASE9_0532_LINE_8_9,CASE9,532,7,"3,8,6,9,2,5,7",7,8,9,1,2,CRITICAL,228.9,0.727,5,657.8
CASE9_0532_LINE_9_4,CASE9,532,7,"3,8,6,9,2,5,7",8,9,4,0,2,CRITICAL,999.0,0.0,10,657.8
CASE9_0533_LINE_1_4,CASE9,533,5,"2,5,6,3,7",0,1,4,0,2,CRITICAL,999.0,0.0,10,641.4
CASE9_0533_LINE_4_5,CASE9,533,5,"2,5,6,3,7",1,4,5,0,2,CRITICAL,999.0,0.0,10,641.4
CASE9_0533_LINE_5_6,CASE9,533,5,"2,5,6,3,7",2,5,6,1,2,CRITICAL,203.6,0.772,5,641.4
CASE9_0533_LINE_3_6,CASE9,533,5,"2,5,6,3,7",3,3,6,0,2,CRITICAL,999.0,0.0,10,641.4
CASE9_0533_LINE_6_7,CASE9,533,5,"2,5,6,3,7",4,6,7,1,2,CRITICAL,183.1,0.835,4,641.4
CASE9_0533_LINE_7_8,CASE9,533,5,"2,5,6,3,7",5,7,8,0,2,CRITICAL,999.0,0.0,10,641.4
CASE9_0533_LINE_8_2,CASE9,533,5,"2,5,6,3,7",6,8,2,0,2,CRITICAL,999.0,0.0,10,641.4
CASE9_0533_LINE_8_9,CASE9,533,5,"2,5,6,3,7",7,8,9,1,2,CRITICAL,228.0,0.728,6,641.4
CASE9_0533_LINE_9_4,CASE9,533,5,"2,5,6,3,7",8,9,4,0,2,CRITICAL,999.0,0.0,10,641.4
CASE9_0534_LINE_1_4,CASE9,534,2,"9,7",0,1,4,0,2,CRITICAL,999.0,0.0,10,420.7
CASE9_0534_LINE_4_5,CASE9,534,2,"9,7",1,4,5,1,2,CRITICAL,79.6,0.897,1,420.7
CASE9_0534_LINE_5_6,CASE9,534,2,"9,7",2,5,6,1,2,CRITICAL,84.4,0.883,2,420.7
CASE9_0534_LINE_3_6,CASE9,534,2,"9,7",3,3,6,0,2,CRITICAL,999.0,0.0,10,420.7
CASE9_0534_LINE_6_7,CASE9,534,2,"9,7",4,6,7,1,2,CRITICAL,79.8,0.891,1,420.7
CASE9_0534_LINE_7_8,CASE9,534,2,"9,7",5,7,8,1,2,CRITICAL,90.2,0.884,2,420.7
CASE9_0534_LINE_8_2,CASE9,534,2,"9,7",6,8,2,0,2,CRITICAL,999.0,0.0,10,420.7
CASE9_0534_LINE_8_9,CASE9,534,2,"9,7",7,8,9,1,2,CRITICAL,104.8,0.762,2,420.7
CASE9_0534_LINE_9_4,CASE9,534,2,"9,7",8,9,4,0,2,CRITICAL,999.0,0.0,10,420.7
CASE9_0535_LINE_1_4,CASE9,535,3,"8,2,3",0,1,4,0,2,CRITICAL,999.0,0.0,10,474.9
CASE9_0535_LINE_4_5,CASE9,535,3,"8,2,3",1,4,5,1,2,CRITICAL,106.5,0.878,2,474.9
CASE9_0535_LINE_5_6,CASE9,535,3,"8,2,3",2,5,6,1,1,ALERT,97.4,0.923,0,474.9
CASE9_0535_LINE_3_6,CASE9,535,3,"8,2,3",3,3,6,0,2,CRITICAL,999.0,0.0,10,474.9
CASE9_0535_LINE_6_7,CASE9,535,3,"8,2,3",4,6,7,1,1,ALERT,94.6,0.931,0,474.9
CASE9_0535_LINE_7_8,CASE9,535,3,"8,2,3",5,7,8,1,2,CRITICAL,102.7,0.91,1,474.9
CASE9_0535_LINE_8_2,CASE9,535,3,"8,2,3",6,8,2,0,2,CRITICAL,999.0,0.0,10,474.9
CASE9_0535_LINE_8_9,CASE9,535,3,"8,2,3",7,8,9,1,1,ALERT,97.5,0.906,0,474.9
CASE9_0535_LINE_9_4,CASE9,535,3,"8,2,3",8,9,4,1,2,CRITICAL,113.3,0.737,5,474.9
CASE9_0541_LINE_1_4,CASE9,541,3,"4,3,6",0,1,4,0,2,CRITICAL,999.0,0.0,10,448.5
CASE9_0541_LINE_4_5,CASE9,541,3,"4,3,6",1,4,5,1,2,CRITICAL,88.5,0.892,1,448.5
CASE9_0541_LINE_5_6,CASE9,541,3,"4,3,6",2,5,6,1,1,ALERT,89.7,0.911,0,448.5
CASE9_0541_LINE_3_6,CASE9,541,3,"4,3,6",3,3,6,0,2,CRITICAL,999.0,0.0,10,448.5
CASE9_0541_LINE_6_7,CASE9,541,3,"4,3,6",4,6,7,1,1,ALERT,85.1,0.944,0,448.5
CASE9_0541_LINE_7_8,CASE9,541,3,"4,3,6",5,7,8,1,1,ALERT,97.4,0.911,0,448.5
CASE9_0541_LINE_8_2,CASE9,541,3,"4,3,6",6,8,2,0,2,CRITICAL,999.0,0.0,10,448.5
CASE9_0541_LINE_8_9,CASE9,541,3,"4,3,6",7,8,9,1,2,CRITICAL,93.2,0.885,1,448.5
CASE9_0541_LINE_9_4,CASE9,541,3,"4,3,6",8,9,4,1,2,CRITICAL,88.5,0.787,1,448.5
CASE9_0542_LINE_1_4,CASE9,542,7,"8,6,7,3,5,9,4",0,1,4,0,2,CRITICAL,999.0,0.0,10,702.5
CASE9_0542_LINE_4_5,CASE9,542,7,"8,6,7,3,5,9,4",1,4,5,0,2,CRITICAL,999.0,0.0,10,702.5
CASE9_0542_LINE_5_6,CASE9,542,7,"8,6,7,3,5,9,4",2,5,6,0,2,CRITICAL,999.0,0.0,10,702.5
CASE9_0542_LINE_3_6,CASE9,542,7,"8,6,7,3,5,9,4",3,3,6,0,2,CRITICAL,999.0,0.0,10,702.5
CASE9_0542_LINE_6_7,CASE9,542,7,"8,6,7,3,5,9,4",4,6,7,1,2,CRITICAL,222.4,0.782,7,702.5
CASE9_0542_LINE_7_8,CASE9,542,7,"8,6,7,3,5,9,4",5,7,8,0,2,CRITICAL,999.0,0.0,10,702.5
CASE9_0542_LINE_8_2,CASE9,542,7,"8,6,7,3,5,9,4",6,8,2,0,2,CRITICAL,999.0,0.0,10,702.5
CASE9_0542_LINE_8_9,CASE9,542,7,"8,6,7,3,5,9,4",7,8,9,0,2,CRITICAL,999.0,0.0,10,702.5
CASE9_0542_LINE_9_4,CASE9,542,7,"8,6,7,3,5,9,4",8,9,4,0,2,CRITICAL,999.0,0.0,10,702.5
CASE9_0543_LINE_1_4,CASE9,543,3,"3,2,5",0,1,4,0,2,CRITICAL,999.0,0.0,10,407.4
CASE9_0543_LINE_4_5,CASE9,543,3,"3,2,5",1,4,5,1,2,CRITICAL,72.8,0.887,1,407.4
CASE9_0543_LINE_5_6,CASE9,543,3,"3,2,5",2,5,6,1,1,ALERT,69.2,0.927,0,407.4
CASE9_0543_LINE_3_6,CASE9,543,3,"3,2,5",3,3,6,0,2,CRITICAL,999.0,0.0,10,407.4
CASE9_0543_LINE_6_7,CASE9,543,3,"3,2,5",4,6,7,1,1,ALERT,66.3,0.948,0,407.4
CASE9_0543_LINE_7_8,CASE9,543,3,"3,2,5",5,7,8,1,1,ALERT,75.5,0.918,0,407.4
CASE9_0543_LINE_8_2,CASE9,543,3,"3,2,5",6,8,2,0,2,CRITICAL,999.0,0.0,10,407.4
CASE9_0543_LINE_8_9,CASE9,543,3,"3,2,5",7,8,9,1,1,ALERT,71.2,0.906,0,407.4
CASE9_0543_LINE_9_4,CASE9,543,3,"3,2,5",8,9,4,1,2,CRITICAL,71.9,0.786,1,407.4
CASE9_0544_LINE_1_4,CASE9,544,1,5,0,1,4,0,2,CRITICAL,999.0,0.0,10,278.8
CASE9_0544_LINE_4_5,CASE9,544,1,5,1,4,5,1,0,SAFE,65.2,0.957,0,278.8
CASE9_0544_LINE_5_6,CASE9,544,1,5,2,5,6,1,1,ALERT,65.4,0.935,0,278.8
CASE9_0544_LINE_3_6,CASE9,544,1,5,3,3,6,0,2,CRITICAL,999.0,0.0,10,278.8
CASE9_0544_LINE_6_7,CASE9,544,1,5,4,6,7,1,1,ALERT,65.8,0.947,0,278.8
CASE9_0544_LINE_7_8,CASE9,544,1,5,5,7,8,1,1,ALERT,70.1,0.939,0,278.8
CASE9_0544_LINE_8_2,CASE9,544,1,5,6,8,2,0,2,CRITICAL,999.0,0.0,10,278.8
CASE9_0544_LINE_8_9,CASE9,544,1,5,7,8,9,1,2,CRITICAL,91.4,0.893,1,278.8
CASE9_0544_LINE_9_4,CASE9,544,1,5,8,9,4,1,2,CRITICAL,69.0,0.796,1,278.8
CASE9_0545_LINE_1_4,CASE9,545,2,"8,2",0,1,4,0,2,CRITICAL,999.0,0.0,10,486.0
CASE9_0545_LINE_4_5,CASE9,545,2,"8,2",1,4,5,1,2,CRITICAL,109.6,0.895,2,486.0
CASE9_0545_LINE_5_6,CASE9,545,2,"8,2",2,5,6,1,2,CRITICAL,102.4,0.922,1,486.0
CASE9_0545_LINE_3_6,CASE9,545,2,"8,2",3,3,6,0,2,CRITICAL,999.0,0.0,10,486.0
CASE9_0545_LINE_6_7,CASE9,545,2,"8,2",4,6,7,1,2,CRITICAL,108.4,0.902,1,486.0
CASE9_0545_LINE_7_8,CASE9,545,2,"8,2",5,7,8,1,1,ALERT,99.4,0.938,0,486.0
CASE9_0545_LINE_8_2,CASE9,545,2,"8,2",6,8,2,0,2,CRITICAL,999.0,0.0,10,486.0
CASE9_0545_LINE_8_9,CASE9,545,2,"8,2",7,8,9,1,2,CRITICAL,102.8,0.904,1,486.0
CASE9_0545_LINE_9_4,CASE9,545,2,"8,2",8,9,4,1,2,CRITICAL,179.2,0.625,9,486.0
CASE9_0566_LINE_1_4,CASE9,566,1,3,0,1,4,0,2,CRITICAL,999.0,0.0,10,390.9
CASE9_0566_LINE_4_5,CASE9,566,1,3,1,4,5,1,2,CRITICAL,74.4,0.893,1,390.9
CASE9_0566_LINE_5_6,CASE9,566,1,3,2,5,6,1,1,ALERT,65.2,0.93,0,390.9
CASE9_0566_LINE_3_6,CASE9,566,1,3,3,3,6,0,2,CRITICAL,999.0,0.0,10,390.9
CASE9_0566_LINE_6_7,CASE9,566,1,3,4,6,7,1,1,ALERT,65.8,0.947,0,390.9
CASE9_0566_LINE_7_8,CASE9,566,1,3,5,7,8,1,1,ALERT,77.6,0.915,0,390.9
CASE9_0566_LINE_8_2,CASE9,566,1,3,6,8,2,0,2,CRITICAL,999.0,0.0,10,390.9
CASE9_0566_LINE_8_9,CASE9,566,1,3,7,8,9,1,1,ALERT,65.6,0.905,0,390.9
CASE9_0566_LINE_9_4,CASE9,566,1,3,8,9,4,1,2,CRITICAL,70.0,0.789,1,390.9
CASE9_0567_LINE_1_4,CASE9,567,3,"3,6,5",0,1,4,0,2,CRITICAL,999.0,0.0,10,396.3
CASE9_0567_LINE_4_5,CASE9,567,3,"3,6,5",1,4,5,1,2,CRITICAL,77.9,0.836,1,396.3
CASE9_0567_LINE_5_6,CASE9,567,3,"3,6,5",2,5,6,1,1,ALERT,67.7,0.907,0,396.3
CASE9_0567_LINE_3_6,CASE9,567,3,"3,6,5",3,3,6,0,2,CRITICAL,999.0,0.0,10,396.3
CASE9_0567_LINE_6_7,CASE9,567,3,"3,6,5",4,6,7,1,1,ALERT,65.9,0.946,0,396.3
CASE9_0567_LINE_7_8,CASE9,567,3,"3,6,5",5,7,8,1,1,ALERT,79.7,0.911,0,396.3
CASE9_0567_LINE_8_2,CASE9,567,3,"3,6,5",6,8,2,0,2,CRITICAL,999.0,0.0,10,396.3
CASE9_0567_LINE_8_9,CASE9,567,3,"3,6,5",7,8,9,1,2,CRITICAL,69.7,0.899,1,396.3
CASE9_0567_LINE_9_4,CASE9,567,3,"3,6,5",8,9,4,1,2,CRITICAL,70.2,0.787,1,396.3
CASE9_0568_LINE_1_4,CASE9,568,5,"4,9,8,6,2",0,1,4,0,2,CRITICAL,999.0,0.0,10,686.5
CASE9_0568_LINE_4_5,CASE9,568,5,"4,9,8,6,2",1,4,5,0,2,CRITICAL,999.0,0.0,10,686.5
CASE9_0568_LINE_5_6,CASE9,568,5,"4,9,8,6,2",2,5,6,0,2,CRITICAL,999.0,0.0,10,686.5
CASE9_0568_LINE_3_6,CASE9,568,5,"4,9,8,6,2",3,3,6,0,2,CRITICAL,999.0,0.0,10,686.5
CASE9_0568_LINE_6_7,CASE9,568,5,"4,9,8,6,2",4,6,7,1,2,CRITICAL,213.2,0.788,6,686.5
CASE9_0568_LINE_7_8,CASE9,568,5,"4,9,8,6,2",5,7,8,1,2,CRITICAL,216.1,0.825,5,686.5
CASE9_0568_LINE_8_2,CASE9,568,5,"4,9,8,6,2",6,8,2,0,2,CRITICAL,999.0,0.0,10,686.5
CASE9_0568_LINE_8_9,CASE9,568,5,"4,9,8,6,2",7,8,9,0,2,CRITICAL,999.0,0.0,10,686.5
CASE9_0568_LINE_9_4,CASE9,568,5,"4,9,8,6,2",8,9,4,0,2,CRITICAL,999.0,0.0,10,686.5
CASE9_0569_LINE_1_4,CASE9,569,8,"4,6,7,2,3,8,9,5",0,1,4,0,2,CRITICAL,999.0,0.0,10,640.6
CASE9_0569_LINE_4_5,CASE9,569,8,"4,6,7,2,3,8,9,5",1,4,5,0,2,CRITICAL,999.0,0.0,10,640.6
CASE9_0569_LINE_5_6,CASE9,569,8,"4,6,7,2,3,8,9,5",2,5,6,1,2,CRITICAL,197.5,0.759,4,640.6
CASE9_0569_LINE_3_6,CASE9,569,8,"4,6,7,2,3,8,9,5",3,3,6,0,2,CRITICAL,999.0,0.0,10,640.6
CASE9_0569_LINE_6_7,CASE9,569,8,"4,6,7,2,3,8,9,5",4,6,7,1,2,CRITICAL,182.7,0.858,3,640.6
CASE9_0569_LINE_7_8,CASE9,569,8,"4,6,7,2,3,8,9,5",5,7,8,0,2,CRITICAL,999.0,0.0,10,640.6
CASE9_0569_LINE_8_2,CASE9,569,8,"4,6,7,2,3,8,9,5",6,8,2,0,2,CRITICAL,999.0,0.0,10,640.6
CASE9_0569_LINE_8_9,CASE9,569,8,"4,6,7,2,3,8,9,5",7,8,9,1,2,CRITICAL,197.8,0.769,4,640.6
CASE9_0569_LINE_9_4,CASE9,569,8,"4,6,7,2,3,8,9,5",8,9,4,0,2,CRITICAL,999.0,0.0,10,640.6
CASE9_0570_LINE_1_4,CASE9,570,2,"8,9",0,1,4,0,2,CRITICAL,999.0,0.0,10,344.6
CASE9_0570_LINE_4_5,CASE9,570,2,"8,9",1,4,5,1,1,ALERT,65.5,0.905,0,344.6
CASE9_0570_LINE_5_6,CASE9,570,2,"8,9",2,5,6,1,1,ALERT,65.4,0.939,0,344.6
CASE9_0570_LINE_3_6,CASE9,570,2,"8,9",3,3,6,0,2,CRITICAL,999.0,0.0,10,344.6
CASE9_0570_LINE_6_7,CASE9,570,2,"8,9",4,6,7,1,1,ALERT,67.0,0.936,0,344.6
CASE9_0570_LINE_7_8,CASE9,570,2,"8,9",5,7,8,1,1,ALERT,70.1,0.94,0,344.6
CASE9_0570_LINE_8_2,CASE9,570,2,"8,9",6,8,2,0,2,CRITICAL,999.0,0.0,10,344.6
CASE9_0570_LINE_8_9,CASE9,570,2,"8,9",7,8,9,1,0,SAFE,65.5,0.957,0,344.6
CASE9_0570_LINE_9_4,CASE9,570,2,"8,9",8,9,4,1,1,ALERT,66.6,0.907,0,344.6
CASE9_0556_LINE_1_4,CASE9,556,5,"4,2,9,5,7",0,1,4,0,2,CRITICAL,999.0,0.0,10,635.6
CASE9_0556_LINE_4_5,CASE9,556,5,"4,2,9,5,7",1,4,5,0,2,CRITICAL,999.0,0.0,10,635.6
CASE9_0556_LINE_5_6,CASE9,556,5,"4,2,9,5,7",2,5,6,1,2,CRITICAL,203.1,0.715,4,635.6
CASE9_0556_LINE_3_6,CASE9,556,5,"4,2,9,5,7",3,3,6,0,2,CRITICAL,999.0,0.0,10,635.6
CASE9_0556_LINE_6_7,CASE9,556,5,"4,2,9,5,7",4,6,7,1,2,CRITICAL,185.4,0.84,4,635.6
CASE9_0556_LINE_7_8,CASE9,556,5,"4,2,9,5,7",5,7,8,1,2,CRITICAL,221.8,0.721,8,635.6
CASE9_0556_LINE_8_2,CASE9,556,5,"4,2,9,5,7",6,8,2,0,2,CRITICAL,999.0,0.0,10,635.6
CASE9_0556_LINE_8_9,CASE9,556,5,"4,2,9,5,7",7,8,9,1,2,CRITICAL,199.5,0.742,4,635.6
CASE9_0556_LINE_9_4,CASE9,556,5,"4,2,9,5,7",8,9,4,0,2,CRITICAL,999.0,0.0,10,635.6
CASE9_0557_LINE_1_4,CASE9,557,4,"2,9,4,7",0,1,4,0,2,CRITICAL,999.0,0.0,10,574.7
CASE9_0557_LINE_4_5,CASE9,557,4,"2,9,4,7",1,4,5,1,2,CRITICAL,151.0,0.879,3,574.7
CASE9_0557_LINE_5_6,CASE9,557,4,"2,9,4,7",2,5,6,1,2,CRITICAL,145.3,0.89,2,574.7
CASE9_0557_LINE_3_6,CASE9,557,4,"2,9,4,7",3,3,6,0,2,CRITICAL,999.0,0.0,10,574.7
CASE9_0557_LINE_6_7,CASE9,557,4,"2,9,4,7",4,6,7,1,2,CRITICAL,149.4,0.873,3,574.7
CASE9_0557_LINE_7_8,CASE9,557,4,"2,9,4,7",5,7,8,1,2,CRITICAL,145.1,0.862,3,574.7
CASE9_0557_LINE_8_2,CASE9,557,4,"2,9,4,7",6,8,2,0,2,CRITICAL,999.0,0.0,10,574.7
CASE9_0557_LINE_8_9,CASE9,557,4,"2,9,4,7",7,8,9,1,2,CRITICAL,149.2,0.832,2,574.7
CASE9_0557_LINE_9_4,CASE9,557,4,"2,9,4,7",8,9,4,0,2,CRITICAL,999.0,0.0,10,574.7
CASE9_0558_LINE_1_4,CASE9,558,7,"6,9,7,8,2,4,3",0,1,4,0,2,CRITICAL,999.0,0.0,10,678.8
CASE9_0558_LINE_4_5,CASE9,558,7,"6,9,7,8,2,4,3",1,4,5,0,2,CRITICAL,999.0,0.0,10,678.8
CASE9_0558_LINE_5_6,CASE9,558,7,"6,9,7,8,2,4,3",2,5,6,0,2,CRITICAL,999.0,0.0,10,678.8
CASE9_0558_LINE_3_6,CASE9,558,7,"6,9,7,8,2,4,3",3,3,6,0,2,CRITICAL,999.0,0.0,10,678.8
CASE9_0558_LINE_6_7,CASE9,558,7,"6,9,7,8,2,4,3",4,6,7,1,2,CRITICAL,205.3,0.822,5,678.8
CASE9_0558_LINE_7_8,CASE9,558,7,"6,9,7,8,2,4,3",5,7,8,0,2,CRITICAL,999.0,0.0,10,678.8
CASE9_0558_LINE_8_2,CASE9,558,7,"6,9,7,8,2,4,3",6,8,2,0,2,CRITICAL,999.0,0.0,10,678.8
CASE9_0558_LINE_8_9,CASE9,558,7,"6,9,7,8,2,4,3",7,8,9,1,2,CRITICAL,228.7,0.744,5,678.8
CASE9_0558_LINE_9_4,CASE9,558,7,"6,9,7,8,2,4,3",8,9,4,0,2,CRITICAL,999.0,0.0,10,678.8
CASE9_0559_LINE_1_4,CASE9,559,2,"7,9",0,1,4,0,2,CRITICAL,999.0,0.0,10,350.0
CASE9_0559_LINE_4_5,CASE9,559,2,"7,9",1,4,5,1,2,CRITICAL,70.7,0.893,1,350.0
CASE9_0559_LINE_5_6,CASE9,559,2,"7,9",2,5,6,1,1,ALERT,65.5,0.934,0,350.0
CASE9_0559_LINE_3_6,CASE9,559,2,"7,9",3,3,6,0,2,CRITICAL,999.0,0.0,10,350.0
CASE9_0559_LINE_6_7,CASE9,559,2,"7,9",4,6,7,1,2,CRITICAL,70.6,0.888,1,350.0
CASE9_0559_LINE_7_8,CASE9,559,2,"7,9",5,7,8,1,2,CRITICAL,128.4,0.825,2,350.0
CASE9_0559_LINE_8_2,CASE9,559,2,"7,9",6,8,2,0,2,CRITICAL,999.0,0.0,10,350.0
CASE9_0559_LINE_8_9,CASE9,559,2,"7,9",7,8,9,1,1,ALERT,65.7,0.936,0,350.0
CASE9_0559_LINE_9_4,CASE9,559,2,"7,9",8,9,4,1,2,CRITICAL,70.8,0.868,1,350.0
CASE9_0560_LINE_1_4,CASE9,560,3,"5,6,2",0,1,4,0,2,CRITICAL,999.0,0.0,10,398.2
CASE9_0560_LINE_4_5,CASE9,560,3,"5,6,2",1,4,5,1,1,ALERT,64.9,0.923,0,398.2
CASE9_0560_LINE_5_6,CASE9,560,3,"5,6,2",2,5,6,1,1,ALERT,63.8,0.946,0,398.2
CASE9_0560_LINE_3_6,CASE9,560,3,"5,6,2",3,3,6,0,2,CRITICAL,999.0,0.0,10,398.2
CASE9_0560_LINE_6_7,CASE9,560,3,"5,6,2",4,6,7,1,1,ALERT,62.1,0.948,0,398.2
CASE9_0560_LINE_7_8,CASE9,560,3,"5,6,2",5,7,8,1,1,ALERT,70.5,0.915,0,398.2
CASE9_0560_LINE_8_2,CASE9,560,3,"5,6,2",6,8,2,0,2,CRITICAL,999.0,0.0,10,398.2
CASE9_0560_LINE_8_9,CASE9,560,3,"5,6,2",7,8,9,1,1,ALERT,66.4,0.91,0,398.2
CASE9_0560_LINE_9_4,CASE9,560,3,"5,6,2",8,9,4,1,2,CRITICAL,73.0,0.781,1,398.2
CASE9_0546_LINE_1_4,CASE9,546,4,"6,3,5,4",0,1,4,0,2,CRITICAL,999.0,0.0,10,593.1
CASE9_0546_LINE_4_5,CASE9,546,4,"6,3,5,4",1,4,5,0,2,CRITICAL,999.0,0.0,10,593.1
CASE9_0546_LINE_5_6,CASE9,546,4,"6,3,5,4",2,5,6,1,2,CRITICAL,164.9,0.795,3,593.1
CASE9_0546_LINE_3_6,CASE9,546,4,"6,3,5,4",3,3,6,0,2,CRITICAL,999.0,0.0,10,593.1
CASE9_0546_LINE_6_7,CASE9,546,4,"6,3,5,4",4,6,7,1,2,CRITICAL,156.9,0.881,2,593.1
CASE9_0546_LINE_7_8,CASE9,546,4,"6,3,5,4",5,7,8,0,2,CRITICAL,999.0,0.0,10,593.1
CASE9_0546_LINE_8_2,CASE9,546,4,"6,3,5,4",6,8,2,0,2,CRITICAL,999.0,0.0,10,593.1
CASE9_0546_LINE_8_9,CASE9,546,4,"6,3,5,4",7,8,9,1,2,CRITICAL,161.4,0.848,3,593.1
CASE9_0546_LINE_9_4,CASE9,546,4,"6,3,5,4",8,9,4,1,2,CRITICAL,185.0,0.756,6,593.1
CASE9_0547_LINE_1_4,CASE9,547,1,8,0,1,4,0,2,CRITICAL,999.0,0.0,10,377.1
CASE9_0547_LINE_4_5,CASE9,547,1,8,1,4,5,1,1,ALERT,66.0,0.903,0,377.1
CASE9_0547_LINE_5_6,CASE9,547,1,8,2,5,6,1,1,ALERT,65.9,0.926,0,377.1
CASE9_0547_LINE_3_6,CASE9,547,1,8,3,3,6,0,2,CRITICAL,999.0,0.0,10,377.1
CASE9_0547_LINE_6_7,CASE9,547,1,8,4,6,7,1,1,ALERT,68.1,0.928,0,377.1
CASE9_0547_LINE_7_8,CASE9,547,1,8,5,7,8,1,1,ALERT,70.1,0.938,0,377.1
CASE9_0547_LINE_8_2,CASE9,547,1,8,6,8,2,0,2,CRITICAL,999.0,0.0,10,377.1
CASE9_0547_LINE_8_9,CASE9,547,1,8,7,8,9,1,1,ALERT,65.6,0.904,0,377.1
CASE9_0547_LINE_9_4,CASE9,547,1,8,8,9,4,1,2,CRITICAL,93.0,0.756,1,377.1
CASE9_0548_LINE_1_4,CASE9,548,3,"5,9,4",0,1,4,0,2,CRITICAL,999.0,0.0,10,371.8
CASE9_0548_LINE_4_5,CASE9,548,3,"5,9,4",1,4,5,1,1,ALERT,65.2,0.934,0,371.8
CASE9_0548_LINE_5_6,CASE9,548,3,"5,9,4",2,5,6,1,1,ALERT,65.5,0.916,0,371.8
CASE9_0548_LINE_3_6,CASE9,548,3,"5,9,4",3,3,6,0,2,CRITICAL,999.0,0.0,10,371.8
CASE9_0548_LINE_6_7,CASE9,548,3,"5,9,4",4,6,7,1,1,ALERT,65.9,0.946,0,371.8
CASE9_0548_LINE_7_8,CASE9,548,3,"5,9,4",5,7,8,1,1,ALERT,70.2,0.931,0,371.8
CASE9_0548_LINE_8_2,CASE9,548,3,"5,9,4",6,8,2,0,2,CRITICAL,999.0,0.0,10,371.8
CASE9_0548_LINE_8_9,CASE9,548,3,"5,9,4",7,8,9,1,2,CRITICAL,91.1,0.892,1,371.8
CASE9_0548_LINE_9_4,CASE9,548,3,"5,9,4",8,9,4,1,2,CRITICAL,66.8,0.852,1,371.8
CASE9_0549_LINE_1_4,CASE9,549,4,"7,8,5,3",0,1,4,0,2,CRITICAL,999.0,0.0,10,513.8
CASE9_0549_LINE_4_5,CASE9,549,4,"7,8,5,3",1,4,5,0,2,CRITICAL,999.0,0.0,10,513.8
CASE9_0549_LINE_5_6,CASE9,549,4,"7,8,5,3",2,5,6,1,2,CRITICAL,123.1,0.835,2,513.8
CASE9_0549_LINE_3_6,CASE9,549,4,"7,8,5,3",3,3,6,0,2,CRITICAL,999.0,0.0,10,513.8
CASE9_0549_LINE_6_7,CASE9,549,4,"7,8,5,3",4,6,7,1,2,CRITICAL,114.7,0.91,1,513.8
CASE9_0549_LINE_7_8,CASE9,549,4,"7,8,5,3",5,7,8,1,2,CRITICAL,137.9,0.829,5,513.8
CASE9_0549_LINE_8_2,CASE9,549,4,"7,8,5,3",6,8,2,0,2,CRITICAL,999.0,0.0,10,513.8
CASE9_0549_LINE_8_9,CASE9,549,4,"7,8,5,3",7,8,9,1,2,CRITICAL,119.6,0.882,2,513.8
CASE9_0549_LINE_9_4,CASE9,549,4,"7,8,5,3",8,9,4,1,2,CRITICAL,138.9,0.733,5,513.8
CASE9_0550_LINE_1_4,CASE9,550,5,"7,3,5,8,2",0,1,4,0,2,CRITICAL,999.0,0.0,10,687.8
CASE9_0550_LINE_4_5,CASE9,550,5,"7,3,5,8,2",1,4,5,0,2,CRITICAL,999.0,0.0,10,687.8
CASE9_0550_LINE_5_6,CASE9,550,5,"7,3,5,8,2",2,5,6,0,2,CRITICAL,999.0,0.0,10,687.8
CASE9_0550_LINE_3_6,CASE9,550,5,"7,3,5,8,2",3,3,6,0,2,CRITICAL,999.0,0.0,10,687.8
CASE9_0550_LINE_6_7,CASE9,550,5,"7,3,5,8,2",4,6,7,0,2,CRITICAL,999.0,0.0,10,687.8
CASE9_0550_LINE_7_8,CASE9,550,5,"7,3,5,8,2",5,7,8,0,2,CRITICAL,999.0,0.0,10,687.8
CASE9_0550_LINE_8_2,CASE9,550,5,"7,3,5,8,2",6,8,2,0,2,CRITICAL,999.0,0.0,10,687.8
CASE9_0550_LINE_8_9,CASE9,550,5,"7,3,5,8,2",7,8,9,0,2,CRITICAL,999.0,0.0,10,687.8
CASE9_0550_LINE_9_4,CASE9,550,5,"7,3,5,8,2",8,9,4,0,2,CRITICAL,999.0,0.0,10,687.8
CASE9_0551_LINE_1_4,CASE9,551,2,"3,5",0,1,4,0,2,CRITICAL,999.0,0.0,10,344.9
CASE9_0551_LINE_4_5,CASE9,551,2,"3,5",1,4,5,1,1,ALERT,65.3,0.901,0,344.9
CASE9_0551_LINE_5_6,CASE9,551,2,"3,5",2,5,6,1,1,ALERT,65.3,0.923,0,344.9
CASE9_0551_LINE_3_6,CASE9,551,2,"3,5",3,3,6,0,2,CRITICAL,999.0,0.0,10,344.9
CASE9_0551_LINE_6_7,CASE9,551,2,"3,5",4,6,7,1,1,ALERT,65.8,0.947,0,344.9
CASE9_0551_LINE_7_8,CASE9,551,2,"3,5",5,7,8,1,1,ALERT,70.2,0.93,0,344.9
CASE9_0551_LINE_8_2,CASE9,551,2,"3,5",6,8,2,0,2,CRITICAL,999.0,0.0,10,344.9
CASE9_0551_LINE_8_9,CASE9,551,2,"3,5",7,8,9,1,2,CRITICAL,74.2,0.897,1,344.9
CASE9_0551_LINE_9_4,CASE9,551,2,"3,5",8,9,4,1,2,CRITICAL,69.4,0.793,1,344.9
CASE9_0552_LINE_1_4,CASE9,552,6,"3,5,2,8,6,4",0,1,4,0,2,CRITICAL,999.0,0.0,10,619.1
CASE9_0552_LINE_4_5,CASE9,552,6,"3,5,2,8,6,4",1,4,5,0,2,CRITICAL,999.0,0.0,10,619.1
CASE9_0552_LINE_5_6,CASE9,552,6,"3,5,2,8,6,4",2,5,6,1,2,CRITICAL,180.7,0.771,4,619.1
CASE9_0552_LINE_3_6,CASE9,552,6,"3,5,2,8,6,4",3,3,6,0,2,CRITICAL,999.0,0.0,10,619.1
CASE9_0552_LINE_6_7,CASE9,552,6,"3,5,2,8,6,4",4,6,7,1,2,CRITICAL,166.0,0.884,2,619.1
CASE9_0552_LINE_7_8,CASE9,552,6,"3,5,2,8,6,4",5,7,8,0,2,CRITICAL,999.0,0.0,10,619.1
CASE9_0552_LINE_8_2,CASE9,552,6,"3,5,2,8,6,4",6,8,2,0,2,CRITICAL,999.0,0.0,10,619.1
CASE9_0552_LINE_8_9,CASE9,552,6,"3,5,2,8,6,4",7,8,9,1,2,CRITICAL,178.0,0.835,3,619.1
CASE9_0552_LINE_9_4,CASE9,552,6,"3,5,2,8,6,4",8,9,4,0,2,CRITICAL,999.0,0.0,10,619.1
CASE9_0553_LINE_1_4,CASE9,553,8,"6,2,3,5,4,8,9,7",0,1,4,0,2,CRITICAL,999.0,0.0,10,734.9
CASE9_0553_LINE_4_5,CASE9,553,8,"6,2,3,5,4,8,9,7",1,4,5,0,2,CRITICAL,999.0,0.0,10,734.9
CASE9_0553_LINE_5_6,CASE9,553,8,"6,2,3,5,4,8,9,7",2,5,6,0,2,CRITICAL,999.0,0.0,10,734.9
CASE9_0553_LINE_3_6,CASE9,553,8,"6,2,3,5,4,8,9,7",3,3,6,0,2,CRITICAL,999.0,0.0,10,734.9
CASE9_0553_LINE_6_7,CASE9,553,8,"6,2,3,5,4,8,9,7",4,6,7,1,2,CRITICAL,240.8,0.8,5,734.9
CASE9_0553_LINE_7_8,CASE9,553,8,"6,2,3,5,4,8,9,7",5,7,8,0,2,CRITICAL,999.0,0.0,10,734.9
CASE9_0553_LINE_8_2,CASE9,553,8,"6,2,3,5,4,8,9,7",6,8,2,0,2,CRITICAL,999.0,0.0,10,734.9
CASE9_0553_LINE_8_9,CASE9,553,8,"6,2,3,5,4,8,9,7",7,8,9,0,2,CRITICAL,999.0,0.0,10,734.9
CASE9_0553_LINE_9_4,CASE9,553,8,"6,2,3,5,4,8,9,7",8,9,4,0,2,CRITICAL,999.0,0.0,10,734.9
CASE9_0554_LINE_1_4,CASE9,554,8,"4,8,5,7,9,3,2,6",0,1,4,0,2,CRITICAL,999.0,0.0,10,744.9
CASE9_0554_LINE_4_5,CASE9,554,8,"4,8,5,7,9,3,2,6",1,4,5,0,2,CRITICAL,999.0,0.0,10,744.9
CASE9_0554_LINE_5_6,CASE9,554,8,"4,8,5,7,9,3,2,6",2,5,6,0,2,CRITICAL,999.0,0.0,10,744.9
CASE9_0554_LINE_3_6,CASE9,554,8,"4,8,5,7,9,3,2,6",3,3,6,0,2,CRITICAL,999.0,0.0,10,744.9
CASE9_0554_LINE_6_7,CASE9,554,8,"4,8,5,7,9,3,2,6",4,6,7,0,2,CRITICAL,999.0,0.0,10,744.9
CASE9_0554_LINE_7_8,CASE9,554,8,"4,8,5,7,9,3,2,6",5,7,8,0,2,CRITICAL,999.0,0.0,10,744.9
CASE9_0554_LINE_8_2,CASE9,554,8,"4,8,5,7,9,3,2,6",6,8,2,0,2,CRITICAL,999.0,0.0,10,744.9
CASE9_0554_LINE_8_9,CASE9,554,8,"4,8,5,7,9,3,2,6",7,8,9,0,2,CRITICAL,999.0,0.0,10,744.9
CASE9_0554_LINE_9_4,CASE9,554,8,"4,8,5,7,9,3,2,6",8,9,4,0,2,CRITICAL,999.0,0.0,10,744.9
CASE9_0555_LINE_1_4,CASE9,555,5,"8,7,4,3,9",0,1,4,0,2,CRITICAL,999.0,0.0,10,560.6
CASE9_0555_LINE_4_5,CASE9,555,5,"8,7,4,3,9",1,4,5,1,2,CRITICAL,148.5,0.849,3,560.6
CASE9_0555_LINE_5_6,CASE9,555,5,"8,7,4,3,9",2,5,6,1,2,CRITICAL,146.2,0.86,3,560.6
CASE9_0555_LINE_3_6,CASE9,555,5,"8,7,4,3,9",3,3,6,0,2,CRITICAL,999.0,0.0,10,560.6
CASE9_0555_LINE_6_7,CASE9,555,5,"8,7,4,3,9",4,6,7,1,2,CRITICAL,141.6,0.862,2,560.6
CASE9_0555_LINE_7_8,CASE9,555,5,"8,7,4,3,9",5,7,8,1,2,CRITICAL,141.2,0.873,2,560.6
CASE9_0555_LINE_8_2,CASE9,555,5,"8,7,4,3,9",6,8,2,0,2,CRITICAL,999.0,0.0,10,560.6
CASE9_0555_LINE_8_9,CASE9,555,5,"8,7,4,3,9",7,8,9,1,2,CRITICAL,170.8,0.69,4,560.6
CASE9_0555_LINE_9_4,CASE9,555,5,"8,7,4,3,9",8,9,4,0,2,CRITICAL,999.0,0.0,10,560.6
CASE9_0576_LINE_1_4,CASE9,576,5,"3,8,4,5,7",0,1,4,0,2,CRITICAL,999.0,0.0,10,473.9
CASE9_0576_LINE_4_5,CASE9,576,5,"3,8,4,5,7",1,4,5,1,1,ALERT,97.8,0.933,0,473.9
CASE9_0576_LINE_5_6,CASE9,576,5,"3,8,4,5,7",2,5,6,1,1,ALERT,96.0,0.939,0,473.9
CASE9_0576_LINE_3_6,CASE9,576,5,"3,8,4,5,7",3,3,6,0,2,CRITICAL,999.0,0.0,10,473.9
CASE9_0576_LINE_6_7,CASE9,576,5,"3,8,4,5,7",4,6,7,1,1,ALERT,96.1,0.912,0,473.9
CASE9_0576_LINE_7_8,CASE9,576,5,"3,8,4,5,7",5,7,8,1,1,ALERT,96.2,0.932,0,473.9
CASE9_0576_LINE_8_2,CASE9,576,5,"3,8,4,5,7",6,8,2,0,2,CRITICAL,999.0,0.0,10,473.9
CASE9_0576_LINE_8_9,CASE9,576,5,"3,8,4,5,7",7,8,9,1,1,ALERT,97.3,0.901,0,473.9
CASE9_0576_LINE_9_4,CASE9,576,5,"3,8,4,5,7",8,9,4,1,2,CRITICAL,118.5,0.717,3,473.9
CASE9_0577_LINE_1_4,CASE9,577,5,"2,9,7,3,4",0,1,4,0,2,CRITICAL,999.0,0.0,10,564.2
CASE9_0577_LINE_4_5,CASE9,577,5,"2,9,7,3,4",1,4,5,1,2,CRITICAL,152.4,0.858,4,564.2
CASE9_0577_LINE_5_6,CASE9,577,5,"2,9,7,3,4",2,5,6,1,2,CRITICAL,141.0,0.892,2,564.2
CASE9_0577_LINE_3_6,CASE9,577,5,"2,9,7,3,4",3,3,6,0,2,CRITICAL,999.0,0.0,10,564.2
CASE9_0577_LINE_6_7,CASE9,577,5,"2,9,7,3,4",4,6,7,1,2,CRITICAL,136.5,0.9,2,564.2
CASE9_0577_LINE_7_8,CASE9,577,5,"2,9,7,3,4",5,7,8,1,2,CRITICAL,156.8,0.835,6,564.2
CASE9_0577_LINE_8_2,CASE9,577,5,"2,9,7,3,4",6,8,2,0,2,CRITICAL,999.0,0.0,10,564.2
CASE9_0577_LINE_8_9,CASE9,577,5,"2,9,7,3,4",7,8,9,1,2,CRITICAL,145.2,0.828,2,564.2
CASE9_0577_LINE_9_4,CASE9,577,5,"2,9,7,3,4",8,9,4,0,2,CRITICAL,999.0,0.0,10,564.2
CASE9_0578_LINE_1_4,CASE9,578,1,4,0,1,4,0,2,CRITICAL,999.0,0.0,10,353.6
CASE9_0578_LINE_4_5,CASE9,578,1,4,1,4,5,1,1,ALERT,65.2,0.907,0,353.6
CASE9_0578_LINE_5_6,CASE9,578,1,4,2,5,6,1,1,ALERT,65.6,0.909,0,353.6
CASE9_0578_LINE_3_6,CASE9,578,1,4,3,3,6,0,2,CRITICAL,999.0,0.0,10,353.6
CASE9_0578_LINE_6_7,CASE9,578,1,4,4,6,7,1,1,ALERT,66.0,0.945,0,353.6
CASE9_0578_LINE_7_8,CASE9,578,1,4,5,7,8,1,1,ALERT,70.2,0.927,0,353.6
CASE9_0578_LINE_8_2,CASE9,578,1,4,6,8,2,0,2,CRITICAL,999.0,0.0,10,353.6
CASE9_0578_LINE_8_9,CASE9,578,1,4,7,8,9,1,2,CRITICAL,91.0,0.879,1,353.6
CASE9_0578_LINE_9_4,CASE9,578,1,4,8,9,4,1,2,CRITICAL,69.4,0.793,1,353.6
CASE9_0579_LINE_1_4,CASE9,579,3,"8,6,7",0,1,4,0,2,CRITICAL,999.0,0.0,10,600.1
CASE9_0579_LINE_4_5,CASE9,579,3,"8,6,7",1,4,5,0,2,CRITICAL,999.0,0.0,10,600.1
CASE9_0579_LINE_5_6,CASE9,579,3,"8,6,7",2,5,6,1,2,CRITICAL,179.0,0.82,7,600.1
CASE9_0579_LINE_3_6,CASE9,579,3,"8,6,7",3,3,6,0,2,CRITICAL,999.0,0.0,10,600.1
CASE9_0579_LINE_6_7,CASE9,579,3,"8,6,7",4,6,7,1,2,CRITICAL,167.7,0.757,5,600.1
CASE9_0579_LINE_7_8,CASE9,579,3,"8,6,7",5,7,8,0,2,CRITICAL,999.0,0.0,10,600.1
CASE9_0579_LINE_8_2,CASE9,579,3,"8,6,7",6,8,2,0,2,CRITICAL,999.0,0.0,10,600.1
CASE9_0579_LINE_8_9,CASE9,579,3,"8,6,7",7,8,9,1,2,CRITICAL,175.6,0.84,6,600.1
CASE9_0579_LINE_9_4,CASE9,579,3,"8,6,7",8,9,4,0,2,CRITICAL,999.0,0.0,10,600.1
CASE9_0580_LINE_1_4,CASE9,580,1,9,0,1,4,0,2,CRITICAL,999.0,0.0,10,315.2
CASE9_0580_LINE_4_5,CASE9,580,1,9,1,4,5,1,1,ALERT,65.2,0.908,0,315.2
CASE9_0580_LINE_5_6,CASE9,580,1,9,2,5,6,1,1,ALERT,65.5,0.919,0,315.2
CASE9_0580_LINE_3_6,CASE9,580,1,9,3,3,6,0,2,CRITICAL,999.0,0.0,10,315.2
CASE9_0580_LINE_6_7,CASE9,580,1,9,4,6,7,1,1,ALERT,65.9,0.946,0,315.2
CASE9_0580_LINE_7_8,CASE9,580,1,9,5,7,8,1,1,ALERT,70.2,0.933,0,315.2
CASE9_0580_LINE_8_2,CASE9,580,1,9,6,8,2,0,2,CRITICAL,999.0,0.0,10,315.2
CASE9_0580_LINE_8_9,CASE9,580,1,9,7,8,9,1,2,CRITICAL,91.1,0.89,1,315.2
CASE9_0580_LINE_9_4,CASE9,580,1,9,8,9,4,1,2,CRITICAL,69.3,0.793,1,315.2
CASE9_0561_LINE_1_4,CASE9,561,1,5,0,1,4,0,2,CRITICAL,999.0,0.0,10,356.7
CASE9_0561_LINE_4_5,CASE9,561,1,5,1,4,5,1,2,CRITICAL,92.5,0.776,1,356.7
CASE9_0561_LINE_5_6,CASE9,561,1,5,2,5,6,1,2,CRITICAL,65.7,0.871,1,356.7
CASE9_0561_LINE_3_6,CASE9,561,1,5,3,3,6,0,2,CRITICAL,999.0,0.0,10,356.7
CASE9_0561_LINE_6_7,CASE9,561,1,5,4,6,7,1,1,ALERT,66.0,0.945,0,356.7
CASE9_0561_LINE_7_8,CASE9,561,1,5,5,7,8,1,1,ALERT,70.3,0.925,0,356.7
CASE9_0561_LINE_8_2,CASE9,561,1,5,6,8,2,0,2,CRITICAL,999.0,0.0,10,356.7
CASE9_0561_LINE_8_9,CASE9,561,1,5,7,8,9,1,2,CRITICAL,90.9,0.884,1,356.7
CASE9_0561_LINE_9_4,CASE9,561,1,5,8,9,4,1,2,CRITICAL,69.6,0.791,1,356.7
CASE9_0562_LINE_1_4,CASE9,562,3,"3,6,8",0,1,4,0,2,CRITICAL,999.0,0.0,10,488.7
CASE9_0562_LINE_4_5,CASE9,562,3,"3,6,8",1,4,5,1,2,CRITICAL,118.9,0.832,5,488.7
CASE9_0562_LINE_5_6,CASE9,562,3,"3,6,8",2,5,6,1,2,CRITICAL,104.5,0.919,1,488.7
CASE9_0562_LINE_3_6,CASE9,562,3,"3,6,8",3,3,6,0,2,CRITICAL,999.0,0.0,10,488.7
CASE9_0562_LINE_6_7,CASE9,562,3,"3,6,8",4,6,7,1,2,CRITICAL,101.7,0.933,1,488.7
CASE9_0562_LINE_7_8,CASE9,562,3,"3,6,8",5,7,8,1,2,CRITICAL,120.1,0.857,5,488.7
CASE9_0562_LINE_8_2,CASE9,562,3,"3,6,8",6,8,2,0,2,CRITICAL,999.0,0.0,10,488.7
CASE9_0562_LINE_8_9,CASE9,562,3,"3,6,8",7,8,9,1,2,CRITICAL,104.8,0.899,2,488.7
CASE9_0562_LINE_9_4,CASE9,562,3,"3,6,8",8,9,4,1,2,CRITICAL,125.3,0.729,6,488.7
CASE9_0563_LINE_1_4,CASE9,563,5,"4,6,8,7,9",0,1,4,0,2,CRITICAL,999.0,0.0,10,515.5
CASE9_0563_LINE_4_5,CASE9,563,5,"4,6,8,7,9",1,4,5,1,2,CRITICAL,128.4,0.859,4,515.5
CASE9_0563_LINE_5_6,CASE9,563,5,"4,6,8,7,9",2,5,6,1,2,CRITICAL,119.5,0.9,1,515.5
CASE9_0563_LINE_3_6,CASE9,563,5,"4,6,8,7,9",3,3,6,0,2,CRITICAL,999.0,0.0,10,515.5
CASE9_0563_LINE_6_7,CASE9,563,5,"4,6,8,7,9",4,6,7,1,2,CRITICAL,119.2,0.85,3,515.5
CASE9_0563_LINE_7_8,CASE9,563,5,"4,6,8,7,9",5,7,8,1,2,CRITICAL,141.5,0.742,8,515.5
CASE9_0563_LINE_8_2,CASE9,563,5,"4,6,8,7,9",6,8,2,0,2,CRITICAL,999.0,0.0,10,515.5
CASE9_0563_LINE_8_9,CASE9,563,5,"4,6,8,7,9",7,8,9,1,2,CRITICAL,122.7,0.847,2,515.5
CASE9_0563_LINE_9_4,CASE9,563,5,"4,6,8,7,9",8,9,4,0,2,CRITICAL,999.0,0.0,10,515.5
CASE9_0564_LINE_1_4,CASE9,564,4,"3,6,4,2",0,1,4,0,2,CRITICAL,999.0,0.0,10,580.0
CASE9_0564_LINE_4_5,CASE9,564,4,"3,6,4,2",1,4,5,1,2,CRITICAL,173.2,0.821,6,580.0
CASE9_0564_LINE_5_6,CASE9,564,4,"3,6,4,2",2,5,6,1,2,CRITICAL,147.9,0.893,2,580.0
CASE9_0564_LINE_3_6,CASE9,564,4,"3,6,4,2",3,3,6,0,2,CRITICAL,999.0,0.0,10,580.0
CASE9_0564_LINE_6_7,CASE9,564,4,"3,6,4,2",4,6,7,1,2,CRITICAL,141.6,0.933,1,580.0
CASE9_0564_LINE_7_8,CASE9,564,4,"3,6,4,2",5,7,8,1,2,CRITICAL,154.9,0.883,3,580.0
CASE9_0564_LINE_8_2,CASE9,564,4,"3,6,4,2",6,8,2,0,2,CRITICAL,999.0,0.0,10,580.0
CASE9_0564_LINE_8_9,CASE9,564,4,"3,6,4,2",7,8,9,1,2,CRITICAL,148.1,0.875,2,580.0
CASE9_0564_LINE_9_4,CASE9,564,4,"3,6,4,2",8,9,4,0,2,CRITICAL,999.0,0.0,10,580.0
CASE9_0565_LINE_1_4,CASE9,565,3,"2,4,7",0,1,4,0,2,CRITICAL,999.0,0.0,10,434.6
CASE9_0565_LINE_4_5,CASE9,565,3,"2,4,7",1,4,5,1,2,CRITICAL,81.4,0.899,1,434.6
CASE9_0565_LINE_5_6,CASE9,565,3,"2,4,7",2,5,6,1,1,ALERT,80.7,0.925,0,434.6
CASE9_0565_LINE_3_6,CASE9,565,3,"2,4,7",3,3,6,0,2,CRITICAL,999.0,0.0,10,434.6
CASE9_0565_LINE_6_7,CASE9,565,3,"2,4,7",4,6,7,1,1,ALERT,81.3,0.916,0,434.6
CASE9_0565_LINE_7_8,CASE9,565,3,"2,4,7",5,7,8,1,1,ALERT,91.2,0.902,0,434.6
CASE9_0565_LINE_8_2,CASE9,565,3,"2,4,7",6,8,2,0,2,CRITICAL,999.0,0.0,10,434.6
CASE9_0565_LINE_8_9,CASE9,565,3,"2,4,7",7,8,9,1,1,ALERT,81.8,0.903,0,434.6
CASE9_0565_LINE_9_4,CASE9,565,3,"2,4,7",8,9,4,1,2,CRITICAL,119.9,0.761,2,434.6
CASE9_0571_LINE_1_4,CASE9,571,6,"7,8,4,5,2,9",0,1,4,0,2,CRITICAL,999.0,0.0,10,625.9
CASE9_0571_LINE_4_5,CASE9,571,6,"7,8,4,5,2,9",1,4,5,0,2,CRITICAL,999.0,0.0,10,625.9
CASE9_0571_LINE_5_6,CASE9,571,6,"7,8,4,5,2,9",2,5,6,1,2,CRITICAL,179.8,0.792,2,625.9
CASE9_0571_LINE_3_6,CASE9,571,6,"7,8,4,5,2,9",3,3,6,0,2,CRITICAL,999.0,0.0,10,625.9
CASE9_0571_LINE_6_7,CASE9,571,6,"7,8,4,5,2,9",4,6,7,1,2,CRITICAL,182.1,0.795,5,625.9
CASE9_0571_LINE_7_8,CASE9,571,6,"7,8,4,5,2,9",5,7,8,0,2,CRITICAL,999.0,0.0,10,625.9
CASE9_0571_LINE_8_2,CASE9,571,6,"7,8,4,5,2,9",6,8,2,0,2,CRITICAL,999.0,0.0,10,625.9
CASE9_0571_LINE_8_9,CASE9,571,6,"7,8,4,5,2,9",7,8,9,1,2,CRITICAL,178.0,0.862,3,625.9
CASE9_0571_LINE_9_4,CASE9,571,6,"7,8,4,5,2,9",8,9,4,0,2,CRITICAL,999.0,0.0,10,625.9
CASE9_0572_LINE_1_4,CASE9,572,8,"5,4,7,8,9,2,3,6",0,1,4,0,2,CRITICAL,999.0,0.0,10,677.9
CASE9_0572_LINE_4_5,CASE9,572,8,"5,4,7,8,9,2,3,6",1,4,5,0,2,CRITICAL,999.0,0.0,10,677.9
CASE9_0572_LINE_5_6,CASE9,572,8,"5,4,7,8,9,2,3,6",2,5,6,1,2,CRITICAL,217.7,0.792,5,677.9
CASE9_0572_LINE_3_6,CASE9,572,8,"5,4,7,8,9,2,3,6",3,3,6,0,2,CRITICAL,999.0,0.0,10,677.9
CASE9_0572_LINE_6_7,CASE9,572,8,"5,4,7,8,9,2,3,6",4,6,7,1,2,CRITICAL,197.4,0.879,3,677.9
CASE9_0572_LINE_7_8,CASE9,572,8,"5,4,7,8,9,2,3,6",5,7,8,0,2,CRITICAL,999.0,0.0,10,677.9
CASE9_0572_LINE_8_2,CASE9,572,8,"5,4,7,8,9,2,3,6",6,8,2,0,2,CRITICAL,999.0,0.0,10,677.9
CASE9_0572_LINE_8_9,CASE9,572,8,"5,4,7,8,9,2,3,6",7,8,9,1,2,CRITICAL,216.2,0.769,4,677.9
CASE9_0572_LINE_9_4,CASE9,572,8,"5,4,7,8,9,2,3,6",8,9,4,0,2,CRITICAL,999.0,0.0,10,677.9
CASE9_0573_LINE_1_4,CASE9,573,7,"5,9,6,8,4,3,7",0,1,4,0,2,CRITICAL,999.0,0.0,10,675.2
CASE9_0573_LINE_4_5,CASE9,573,7,"5,9,6,8,4,3,7",1,4,5,0,2,CRITICAL,999.0,0.0,10,675.2
CASE9_0573_LINE_5_6,CASE9,573,7,"5,9,6,8,4,3,7",2,5,6,1,2,CRITICAL,251.2,0.705,7,675.2
CASE9_0573_LINE_3_6,CASE9,573,7,"5,9,6,8,4,3,7",3,3,6,0,2,CRITICAL,999.0,0.0,10,675.2
CASE9_0573_LINE_6_7,CASE9,573,7,"5,9,6,8,4,3,7",4,6,7,1,2,CRITICAL,200.9,0.844,4,675.2
CASE9_0573_LINE_7_8,CASE9,573,7,"5,9,6,8,4,3,7",5,7,8,0,2,CRITICAL,999.0,0.0,10,675.2
CASE9_0573_LINE_8_2,CASE9,573,7,"5,9,6,8,4,3,7",6,8,2,0,2,CRITICAL,999.0,0.0,10,675.2
CASE9_0573_LINE_8_9,CASE9,573,7,"5,9,6,8,4,3,7",7,8,9,1,2,CRITICAL,238.3,0.701,5,675.2
CASE9_0573_LINE_9_4,CASE9,573,7,"5,9,6,8,4,3,7",8,9,4,0,2,CRITICAL,999.0,0.0,10,675.2
CASE9_0574_LINE_1_4,CASE9,574,4,"4,5,7,6",0,1,4,0,2,CRITICAL,999.0,0.0,10,489.4
CASE9_0574_LINE_4_5,CASE9,574,4,"4,5,7,6",1,4,5,1,2,CRITICAL,111.7,0.785,2,489.4
CASE9_0574_LINE_5_6,CASE9,574,4,"4,5,7,6",2,5,6,1,2,CRITICAL,107.4,0.89,2,489.4
CASE9_0574_LINE_3_6,CASE9,574,4,"4,5,7,6",3,3,6,0,2,CRITICAL,999.0,0.0,10,489.4
CASE9_0574_LINE_6_7,CASE9,574,4,"4,5,7,6",4,6,7,1,2,CRITICAL,103.2,0.939,1,489.4
CASE9_0574_LINE_7_8,CASE9,574,4,"4,5,7,6",5,7,8,1,2,CRITICAL,120.7,0.881,3,489.4
CASE9_0574_LINE_8_2,CASE9,574,4,"4,5,7,6",6,8,2,0,2,CRITICAL,999.0,0.0,10,489.4
CASE9_0574_LINE_8_9,CASE9,574,4,"4,5,7,6",7,8,9,1,2,CRITICAL,109.5,0.882,2,489.4
CASE9_0574_LINE_9_4,CASE9,574,4,"4,5,7,6",8,9,4,1,2,CRITICAL,108.7,0.778,2,489.4
CASE9_0575_LINE_1_4,CASE9,575,3,"4,9,3",0,1,4,0,2,CRITICAL,999.0,0.0,10,487.5
CASE9_0575_LINE_4_5,CASE9,575,3,"4,9,3",1,4,5,1,2,CRITICAL,108.7,0.886,2,487.5
CASE9_0575_LINE_5_6,CASE9,575,3,"4,9,3",2,5,6,1,2,CRITICAL,106.7,0.904,1,487.5
CASE9_0575_LINE_3_6,CASE9,575,3,"4,9,3",3,3,6,0,2,CRITICAL,999.0,0.0,10,487.5
CASE9_0575_LINE_6_7,CASE9,575,3,"4,9,3",4,6,7,1,2,CRITICAL,102.4,0.931,1,487.5
CASE9_0575_LINE_7_8,CASE9,575,3,"4,9,3",5,7,8,1,2,CRITICAL,118.3,0.897,2,487.5
CASE9_0575_LINE_8_2,CASE9,575,3,"4,9,3",6,8,2,0,2,CRITICAL,999.0,0.0,10,487.5
CASE9_0575_LINE_8_9,CASE9,575,3,"4,9,3",7,8,9,1,2,CRITICAL,111.0,0.862,2,487.5
CASE9_0575_LINE_9_4,CASE9,575,3,"4,9,3",8,9,4,1,2,CRITICAL,112.9,0.682,2,487.5
CASE9_0581_LINE_1_4,CASE9,581,5,"7,9,4,8,6",0,1,4,0,2,CRITICAL,999.0,0.0,10,660.0
CASE9_0581_LINE_4_5,CASE9,581,5,"7,9,4,8,6",1,4,5,0,2,CRITICAL,999.0,0.0,10,660.0
CASE9_0581_LINE_5_6,CASE9,581,5,"7,9,4,8,6",2,5,6,1,2,CRITICAL,200.2,0.833,4,660.0
CASE9_0581_LINE_3_6,CASE9,581,5,"7,9,4,8,6",3,3,6,0,2,CRITICAL,999.0,0.0,10,660.0
CASE9_0581_LINE_6_7,CASE9,581,5,"7,9,4,8,6",4,6,7,1,2,CRITICAL,198.4,0.783,6,660.0
CASE9_0581_LINE_7_8,CASE9,581,5,"7,9,4,8,6",5,7,8,0,2,CRITICAL,999.0,0.0,10,660.0
CASE9_0581_LINE_8_2,CASE9,581,5,"7,9,4,8,6",6,8,2,0,2,CRITICAL,999.0,0.0,10,660.0
CASE9_0581_LINE_8_9,CASE9,581,5,"7,9,4,8,6",7,8,9,1,2,CRITICAL,199.6,0.791,4,660.0
CASE9_0581_LINE_9_4,CASE9,581,5,"7,9,4,8,6",8,9,4,0,2,CRITICAL,999.0,0.0,10,660.0
CASE9_0582_LINE_1_4,CASE9,582,5,"4,9,8,5,3",0,1,4,0,2,CRITICAL,999.0,0.0,10,529.1
CASE9_0582_LINE_4_5,CASE9,582,5,"4,9,8,5,3",1,4,5,0,2,CRITICAL,999.0,0.0,10,529.1
CASE9_0582_LINE_5_6,CASE9,582,5,"4,9,8,5,3",2,5,6,1,2,CRITICAL,138.6,0.797,3,529.1
CASE9_0582_LINE_3_6,CASE9,582,5,"4,9,8,5,3",3,3,6,0,2,CRITICAL,999.0,0.0,10,529.1
CASE9_0582_LINE_6_7,CASE9,582,5,"4,9,8,5,3",4,6,7,1,2,CRITICAL,123.1,0.916,1,529.1
CASE9_0582_LINE_7_8,CASE9,582,5,"4,9,8,5,3",5,7,8,1,2,CRITICAL,131.8,0.882,2,529.1
CASE9_0582_LINE_8_2,CASE9,582,5,"4,9,8,5,3",6,8,2,0,2,CRITICAL,999.0,0.0,10,529.1
CASE9_0582_LINE_8_9,CASE9,582,5,"4,9,8,5,3",7,8,9,1,2,CRITICAL,133.0,0.848,3,529.1
CASE9_0582_LINE_9_4,CASE9,582,5,"4,9,8,5,3",8,9,4,1,2,CRITICAL,135.4,0.672,4,529.1
CASE9_0583_LINE_1_4,CASE9,583,3,"4,9,8",0,1,4,0,2,CRITICAL,999.0,0.0,10,470.8
CASE9_0583_LINE_4_5,CASE9,583,3,"4,9,8",1,4,5,1,2,CRITICAL,102.0,0.891,3,470.8
CASE9_0583_LINE_5_6,CASE9,583,3,"4,9,8",2,5,6,1,2,CRITICAL,105.4,0.88,3,470.8
CASE9_0583_LINE_3_6,CASE9,583,3,"4,9,8",3,3,6,0,2,CRITICAL,999.0,0.0,10,470.8
CASE9_0583_LINE_6_7,CASE9,583,3,"4,9,8",4,6,7,1,2,CRITICAL,101.6,0.884,2,470.8
CASE9_0583_LINE_7_8,CASE9,583,3,"4,9,8",5,7,8,1,2,CRITICAL,100.5,0.893,2,470.8
CASE9_0583_LINE_8_2,CASE9,583,3,"4,9,8",6,8,2,0,2,CRITICAL,999.0,0.0,10,470.8
CASE9_0583_LINE_8_9,CASE9,583,3,"4,9,8",7,8,9,1,2,CRITICAL,121.6,0.765,2,470.8
CASE9_0583_LINE_9_4,CASE9,583,3,"4,9,8",8,9,4,0,2,CRITICAL,999.0,0.0,10,470.8
CASE9_0584_LINE_1_4,CASE9,584,3,"2,6,3",0,1,4,0,2,CRITICAL,999.0,0.0,10,480.0
CASE9_0584_LINE_4_5,CASE9,584,3,"2,6,3",1,4,5,1,2,CRITICAL,108.1,0.881,2,480.0
CASE9_0584_LINE_5_6,CASE9,584,3,"2,6,3",2,5,6,1,1,ALERT,99.1,0.925,0,480.0
CASE9_0584_LINE_3_6,CASE9,584,3,"2,6,3",3,3,6,0,2,CRITICAL,999.0,0.0,10,480.0
CASE9_0584_LINE_6_7,CASE9,584,3,"2,6,3",4,6,7,1,1,ALERT,96.7,0.942,0,480.0
CASE9_0584_LINE_7_8,CASE9,584,3,"2,6,3",5,7,8,1,2,CRITICAL,102.2,0.913,1,480.0
CASE9_0584_LINE_8_2,CASE9,584,3,"2,6,3",6,8,2,0,2,CRITICAL,999.0,0.0,10,480.0
CASE9_0584_LINE_8_9,CASE9,584,3,"2,6,3",7,8,9,1,1,ALERT,99.7,0.905,0,480.0
CASE9_0584_LINE_9_4,CASE9,584,3,"2,6,3",8,9,4,1,2,CRITICAL,117.9,0.753,6,480.0
CASE9_0585_LINE_1_4,CASE9,585,6,"4,8,6,2,3,7",0,1,4,0,2,CRITICAL,999.0,0.0,10,564.2
CASE9_0585_LINE_4_5,CASE9,585,6,"4,8,6,2,3,7",1,4,5,0,2,CRITICAL,999.0,0.0,10,564.2
CASE9_0585_LINE_5_6,CASE9,585,6,"4,8,6,2,3,7",2,5,6,1,2,CRITICAL,144.0,0.893,3,564.2
CASE9_0585_LINE_3_6,CASE9,585,6,"4,8,6,2,3,7",3,3,6,0,2,CRITICAL,999.0,0.0,10,564.2
CASE9_0585_LINE_6_7,CASE9,585,6,"4,8,6,2,3,7",4,6,7,1,2,CRITICAL,138.3,0.855,2,564.2
CASE9_0585_LINE_7_8,CASE9,585,6,"4,8,6,2,3,7",5,7,8,0,2,CRITICAL,999.0,0.0,10,564.2
CASE9_0585_LINE_8_2,CASE9,585,6,"4,8,6,2,3,7",6,8,2,0,2,CRITICAL,999.0,0.0,10,564.2
CASE9_0585_LINE_8_9,CASE9,585,6,"4,8,6,2,3,7",7,8,9,1,2,CRITICAL,142.7,0.88,2,564.2
CASE9_0585_LINE_9_4,CASE9,585,6,"4,8,6,2,3,7",8,9,4,0,2,CRITICAL,999.0,0.0,10,564.2
CASE9_0591_LINE_1_4,CASE9,591,5,"9,7,2,4,3",0,1,4,0,2,CRITICAL,999.0,0.0,10,647.9
CASE9_0591_LINE_4_5,CASE9,591,5,"9,7,2,4,3",1,4,5,0,2,CRITICAL,999.0,0.0,10,647.9
CASE9_0591_LINE_5_6,CASE9,591,5,"9,7,2,4,3",2,5,6,1,2,CRITICAL,194.2,0.824,4,647.9
CASE9_0591_LINE_3_6,CASE9,591,5,"9,7,2,4,3",3,3,6,0,2,CRITICAL,999.0,0.0,10,647.9
CASE9_0591_LINE_6_7,CASE9,591,5,"9,7,2,4,3",4,6,7,1,2,CRITICAL,191.3,0.808,5,647.9
CASE9_0591_LINE_7_8,CASE9,591,5,"9,7,2,4,3",5,7,8,0,2,CRITICAL,999.0,0.0,10,647.9
CASE9_0591_LINE_8_2,CASE9,591,5,"9,7,2,4,3",6,8,2,0,2,CRITICAL,999.0,0.0,10,647.9
CASE9_0591_LINE_8_9,CASE9,591,5,"9,7,2,4,3",7,8,9,1,2,CRITICAL,209.6,0.685,4,647.9
CASE9_0591_LINE_9_4,CASE9,591,5,"9,7,2,4,3",8,9,4,0,2,CRITICAL,999.0,0.0,10,647.9
CASE9_0592_LINE_1_4,CASE9,592,1,3,0,1,4,0,2,CRITICAL,999.0,0.0,10,403.4
CASE9_0592_LINE_4_5,CASE9,592,1,3,1,4,5,1,2,CRITICAL,79.6,0.889,1,403.4
CASE9_0592_LINE_5_6,CASE9,592,1,3,2,5,6,1,1,ALERT,67.5,0.93,0,403.4
CASE9_0592_LINE_3_6,CASE9,592,1,3,3,3,6,0,2,CRITICAL,999.0,0.0,10,403.4
CASE9_0592_LINE_6_7,CASE9,592,1,3,4,6,7,1,1,ALERT,65.8,0.947,0,403.4
CASE9_0592_LINE_7_8,CASE9,592,1,3,5,7,8,1,1,ALERT,83.8,0.909,0,403.4
CASE9_0592_LINE_8_2,CASE9,592,1,3,6,8,2,0,2,CRITICAL,999.0,0.0,10,403.4
CASE9_0592_LINE_8_9,CASE9,592,1,3,7,8,9,1,1,ALERT,69.9,0.906,0,403.4
CASE9_0592_LINE_9_4,CASE9,592,1,3,8,9,4,1,2,CRITICAL,70.2,0.787,1,403.4
CASE9_0593_LINE_1_4,CASE9,593,7,"8,6,7,4,2,3,9",0,1,4,0,2,CRITICAL,999.0,0.0,10,682.4
CASE9_0593_LINE_4_5,CASE9,593,7,"8,6,7,4,2,3,9",1,4,5,0,2,CRITICAL,999.0,0.0,10,682.4
CASE9_0593_LINE_5_6,CASE9,593,7,"8,6,7,4,2,3,9",2,5,6,1,2,CRITICAL,225.9,0.763,5,682.4
CASE9_0593_LINE_3_6,CASE9,593,7,"8,6,7,4,2,3,9",3,3,6,0,2,CRITICAL,999.0,0.0,10,682.4
CASE9_0593_LINE_6_7,CASE9,593,7,"8,6,7,4,2,3,9",4,6,7,1,2,CRITICAL,207.2,0.799,4,682.4
CASE9_0593_LINE_7_8,CASE9,593,7,"8,6,7,4,2,3,9",5,7,8,1,2,CRITICAL,202.2,0.831,2,682.4
CASE9_0593_LINE_8_2,CASE9,593,7,"8,6,7,4,2,3,9",6,8,2,0,2,CRITICAL,999.0,0.0,10,682.4
CASE9_0593_LINE_8_9,CASE9,593,7,"8,6,7,4,2,3,9",7,8,9,0,2,CRITICAL,999.0,0.0,10,682.4
CASE9_0593_LINE_9_4,CASE9,593,7,"8,6,7,4,2,3,9",8,9,4,0,2,CRITICAL,999.0,0.0,10,682.4
CASE9_0594_LINE_1_4,CASE9,594,5,"3,5,9,2,4",0,1,4,0,2,CRITICAL,999.0,0.0,10,547.0
CASE9_0594_LINE_4_5,CASE9,594,5,"3,5,9,2,4",1,4,5,1,2,CRITICAL,142.8,0.856,4,547.0
CASE9_0594_LINE_5_6,CASE9,594,5,"3,5,9,2,4",2,5,6,1,2,CRITICAL,138.8,0.867,3,547.0
CASE9_0594_LINE_3_6,CASE9,594,5,"3,5,9,2,4",3,3,6,0,2,CRITICAL,999.0,0.0,10,547.0
CASE9_0594_LINE_6_7,CASE9,594,5,"3,5,9,2,4",4,6,7,1,2,CRITICAL,133.2,0.88,2,547.0
CASE9_0594_LINE_7_8,CASE9,594,5,"3,5,9,2,4",5,7,8,1,2,CRITICAL,135.3,0.885,2,547.0
CASE9_0594_LINE_8_2,CASE9,594,5,"3,5,9,2,4",6,8,2,0,2,CRITICAL,999.0,0.0,10,547.0
CASE9_0594_LINE_8_9,CASE9,594,5,"3,5,9,2,4",7,8,9,1,2,CRITICAL,154.8,0.739,4,547.0
CASE9_0594_LINE_9_4,CASE9,594,5,"3,5,9,2,4",8,9,4,0,2,CRITICAL,999.0,0.0,10,547.0
CASE9_0595_LINE_1_4,CASE9,595,8,"9,7,3,2,5,6,4,8",0,1,4,0,2,CRITICAL,999.0,0.0,10,675.1
CASE9_0595_LINE_4_5,CASE9,595,8,"9,7,3,2,5,6,4,8",1,4,5,0,2,CRITICAL,999.0,0.0,10,675.1
CASE9_0595_LINE_5_6,CASE9,595,8,"9,7,3,2,5,6,4,8",2,5,6,1,2,CRITICAL,219.4,0.763,4,675.1
CASE9_0595_LINE_3_6,CASE9,595,8,"9,7,3,2,5,6,4,8",3,3,6,0,2,CRITICAL,999.0,0.0,10,675.1
CASE9_0595_LINE_6_7,CASE9,595,8,"9,7,3,2,5,6,4,8",4,6,7,1,2,CRITICAL,201.3,0.849,4,675.1
CASE9_0595_LINE_7_8,CASE9,595,8,"9,7,3,2,5,6,4,8",5,7,8,1,2,CRITICAL,218.7,0.776,8,675.1
CASE9_0595_LINE_8_2,CASE9,595,8,"9,7,3,2,5,6,4,8",6,8,2,0,2,CRITICAL,999.0,0.0,10,675.1
CASE9_0595_LINE_8_9,CASE9,595,8,"9,7,3,2,5,6,4,8",7,8,9,1,2,CRITICAL,234.1,0.762,6,675.1
CASE9_0595_LINE_9_4,CASE9,595,8,"9,7,3,2,5,6,4,8",8,9,4,0,2,CRITICAL,999.0,0.0,10,675.1
CASE9_0586_LINE_1_4,CASE9,586,7,"8,2,3,4,7,5,6",0,1,4,0,2,CRITICAL,999.0,0.0,10,708.1
CASE9_0586_LINE_4_5,CASE9,586,7,"8,2,3,4,7,5,6",1,4,5,0,2,CRITICAL,999.0,0.0,10,708.1
CASE9_0586_LINE_5_6,CASE9,586,7,"8,2,3,4,7,5,6",2,5,6,0,2,CRITICAL,999.0,0.0,10,708.1
CASE9_0586_LINE_3_6,CASE9,586,7,"8,2,3,4,7,5,6",3,3,6,0,2,CRITICAL,999.0,0.0,10,708.1
CASE9_0586_LINE_6_7,CASE9,586,7,"8,2,3,4,7,5,6",4,6,7,0,2,CRITICAL,999.0,0.0,10,708.1
CASE9_0586_LINE_7_8,CASE9,586,7,"8,2,3,4,7,5,6",5,7,8,0,2,CRITICAL,999.0,0.0,10,708.1
CASE9_0586_LINE_8_2,CASE9,586,7,"8,2,3,4,7,5,6",6,8,2,0,2,CRITICAL,999.0,0.0,10,708.1
CASE9_0586_LINE_8_9,CASE9,586,7,"8,2,3,4,7,5,6",7,8,9,0,2,CRITICAL,999.0,0.0,10,708.1
CASE9_0586_LINE_9_4,CASE9,586,7,"8,2,3,4,7,5,6",8,9,4,0,2,CRITICAL,999.0,0.0,10,708.1
CASE9_0587_LINE_1_4,CASE9,587,3,"2,3,4",0,1,4,0,2,CRITICAL,999.0,0.0,10,587.0
CASE9_0587_LINE_4_5,CASE9,587,3,"2,3,4",1,4,5,1,2,CRITICAL,170.6,0.839,4,587.0
CASE9_0587_LINE_5_6,CASE9,587,3,"2,3,4",2,5,6,1,2,CRITICAL,149.3,0.898,2,587.0
CASE9_0587_LINE_3_6,CASE9,587,3,"2,3,4",3,3,6,0,2,CRITICAL,999.0,0.0,10,587.0
CASE9_0587_LINE_6_7,CASE9,587,3,"2,3,4",4,6,7,1,2,CRITICAL,144.0,0.933,1,587.0
CASE9_0587_LINE_7_8,CASE9,587,3,"2,3,4",5,7,8,1,2,CRITICAL,151.7,0.903,1,587.0
CASE9_0587_LINE_8_2,CASE9,587,3,"2,3,4",6,8,2,0,2,CRITICAL,999.0,0.0,10,587.0
CASE9_0587_LINE_8_9,CASE9,587,3,"2,3,4",7,8,9,1,2,CRITICAL,149.6,0.879,2,587.0
CASE9_0587_LINE_9_4,CASE9,587,3,"2,3,4",8,9,4,0,2,CRITICAL,999.0,0.0,10,587.0
CASE9_0588_LINE_1_4,CASE9,588,6,"4,9,3,8,5,6",0,1,4,0,2,CRITICAL,999.0,0.0,10,557.3
CASE9_0588_LINE_4_5,CASE9,588,6,"4,9,3,8,5,6",1,4,5,0,2,CRITICAL,999.0,0.0,10,557.3
CASE9_0588_LINE_5_6,CASE9,588,6,"4,9,3,8,5,6",2,5,6,1,2,CRITICAL,138.6,0.875,2,557.3
CASE9_0588_LINE_3_6,CASE9,588,6,"4,9,3,8,5,6",3,3,6,0,2,CRITICAL,999.0,0.0,10,557.3
CASE9_0588_LINE_6_7,CASE9,588,6,"4,9,3,8,5,6",4,6,7,1,2,CRITICAL,133.3,0.931,1,557.3
CASE9_0588_LINE_7_8,CASE9,588,6,"4,9,3,8,5,6",5,7,8,1,2,CRITICAL,161.7,0.814,7,557.3
CASE9_0588_LINE_8_2,CASE9,588,6,"4,9,3,8,5,6",6,8,2,0,2,CRITICAL,999.0,0.0,10,557.3
CASE9_0588_LINE_8_9,CASE9,588,6,"4,9,3,8,5,6",7,8,9,1,2,CRITICAL,138.3,0.877,2,557.3
CASE9_0588_LINE_9_4,CASE9,588,6,"4,9,3,8,5,6",8,9,4,0,2,CRITICAL,999.0,0.0,10,557.3
CASE9_0589_LINE_1_4,CASE9,589,6,"2,9,4,3,7,8",0,1,4,0,2,CRITICAL,999.0,0.0,10,635.8
CASE9_0589_LINE_4_5,CASE9,589,6,"2,9,4,3,7,8",1,4,5,0,2,CRITICAL,999.0,0.0,10,635.8
CASE9_0589_LINE_5_6,CASE9,589,6,"2,9,4,3,7,8",2,5,6,1,2,CRITICAL,183.0,0.861,3,635.8
CASE9_0589_LINE_3_6,CASE9,589,6,"2,9,4,3,7,8",3,3,6,0,2,CRITICAL,999.0,0.0,10,635.8
CASE9_0589_LINE_6_7,CASE9,589,6,"2,9,4,3,7,8",4,6,7,1,2,CRITICAL,181.3,0.802,5,635.8
CASE9_0589_LINE_7_8,CASE9,589,6,"2,9,4,3,7,8",5,7,8,0,2,CRITICAL,999.0,0.0,10,635.8
CASE9_0589_LINE_8_2,CASE9,589,6,"2,9,4,3,7,8",6,8,2,0,2,CRITICAL,999.0,0.0,10,635.8
CASE9_0589_LINE_8_9,CASE9,589,6,"2,9,4,3,7,8",7,8,9,1,2,CRITICAL,182.1,0.843,3,635.8
CASE9_0589_LINE_9_4,CASE9,589,6,"2,9,4,3,7,8",8,9,4,0,2,CRITICAL,999.0,0.0,10,635.8
CASE9_0590_LINE_1_4,CASE9,590,4,"5,7,2,6",0,1,4,0,2,CRITICAL,999.0,0.0,10,555.8
CASE9_0590_LINE_4_5,CASE9,590,4,"5,7,2,6",1,4,5,0,2,CRITICAL,999.0,0.0,10,555.8
CASE9_0590_LINE_5_6,CASE9,590,4,"5,7,2,6",2,5,6,1,2,CRITICAL,145.6,0.802,2,555.8
CASE9_0590_LINE_3_6,CASE9,590,4,"5,7,2,6",3,3,6,0,2,CRITICAL,999.0,0.0,10,555.8
CASE9_0590_LINE_6_7,CASE9,590,4,"5,7,2,6",4,6,7,1,2,CRITICAL,134.9,0.906,1,555.8
CASE9_0590_LINE_7_8,CASE9,590,4,"5,7,2,6",5,7,8,1,2,CRITICAL,164.6,0.777,7,555.8
CASE9_0590_LINE_8_2,CASE9,590,4,"5,7,2,6",6,8,2,0,2,CRITICAL,999.0,0.0,10,555.8
CASE9_0590_LINE_8_9,CASE9,590,4,"5,7,2,6",7,8,9,1,2,CRITICAL,142.1,0.865,3,555.8
CASE9_0590_LINE_9_4,CASE9,590,4,"5,7,2,6",8,9,4,0,2,CRITICAL,999.0,0.0,10,555.8
CASE9_0596_LINE_1_4,CASE9,596,3,"6,4,9",0,1,4,0,2,CRITICAL,999.0,0.0,10,400.0
CASE9_0596_LINE_4_5,CASE9,596,3,"6,4,9",1,4,5,1,2,CRITICAL,73.0,0.876,1,400.0
CASE9_0596_LINE_5_6,CASE9,596,3,"6,4,9",2,5,6,1,1,ALERT,67.2,0.926,0,400.0
CASE9_0596_LINE_3_6,CASE9,596,3,"6,4,9",3,3,6,0,2,CRITICAL,999.0,0.0,10,400.0
CASE9_0596_LINE_6_7,CASE9,596,3,"6,4,9",4,6,7,1,1,ALERT,65.7,0.949,0,400.0
CASE9_0596_LINE_7_8,CASE9,596,3,"6,4,9",5,7,8,1,2,CRITICAL,76.6,0.897,1,400.0
CASE9_0596_LINE_8_2,CASE9,596,3,"6,4,9",6,8,2,0,2,CRITICAL,999.0,0.0,10,400.0
CASE9_0596_LINE_8_9,CASE9,596,3,"6,4,9",7,8,9,1,1,ALERT,69.3,0.916,0,400.0
CASE9_0596_LINE_9_4,CASE9,596,3,"6,4,9",8,9,4,1,2,CRITICAL,67.4,0.853,1,400.0
CASE9_0597_LINE_1_4,CASE9,597,5,"4,7,2,6,5",0,1,4,0,2,CRITICAL,999.0,0.0,10,550.9
CASE9_0597_LINE_4_5,CASE9,597,5,"4,7,2,6,5",1,4,5,1,2,CRITICAL,138.3,0.901,1,550.9
CASE9_0597_LINE_5_6,CASE9,597,5,"4,7,2,6,5",2,5,6,1,2,CRITICAL,132.3,0.921,1,550.9
CASE9_0597_LINE_3_6,CASE9,597,5,"4,7,2,6,5",3,3,6,0,2,CRITICAL,999.0,0.0,10,550.9
CASE9_0597_LINE_6_7,CASE9,597,5,"4,7,2,6,5",4,6,7,1,2,CRITICAL,136.3,0.871,3,550.9
CASE9_0597_LINE_7_8,CASE9,597,5,"4,7,2,6,5",5,7,8,1,2,CRITICAL,135.0,0.844,3,550.9
CASE9_0597_LINE_8_2,CASE9,597,5,"4,7,2,6,5",6,8,2,0,2,CRITICAL,999.0,0.0,10,550.9
CASE9_0597_LINE_8_9,CASE9,597,5,"4,7,2,6,5",7,8,9,1,2,CRITICAL,133.5,0.881,2,550.9
CASE9_0597_LINE_9_4,CASE9,597,5,"4,7,2,6,5",8,9,4,1,2,CRITICAL,162.4,0.697,9,550.9
CASE9_0598_LINE_1_4,CASE9,598,4,"8,5,9,4",0,1,4,0,2,CRITICAL,999.0,0.0,10,397.7
CASE9_0598_LINE_4_5,CASE9,598,4,"8,5,9,4",1,4,5,1,1,ALERT,65.3,0.924,0,397.7
CASE9_0598_LINE_5_6,CASE9,598,4,"8,5,9,4",2,5,6,1,1,ALERT,70.5,0.919,0,397.7
CASE9_0598_LINE_3_6,CASE9,598,4,"8,5,9,4",3,3,6,0,2,CRITICAL,999.0,0.0,10,397.7
CASE9_0598_LINE_6_7,CASE9,598,4,"8,5,9,4",4,6,7,1,1,ALERT,66.5,0.94,0,397.7
CASE9_0598_LINE_7_8,CASE9,598,4,"8,5,9,4",5,7,8,1,1,ALERT,70.2,0.936,0,397.7
CASE9_0598_LINE_8_2,CASE9,598,4,"8,5,9,4",6,8,2,0,2,CRITICAL,999.0,0.0,10,397.7
CASE9_0598_LINE_8_9,CASE9,598,4,"8,5,9,4",7,8,9,1,1,ALERT,72.9,0.902,0,397.7
CASE9_0598_LINE_9_4,CASE9,598,4,"8,5,9,4",8,9,4,1,2,CRITICAL,68.0,0.842,1,397.7
CASE9_0599_LINE_1_4,CASE9,599,8,"2,7,9,5,3,8,6,4",0,1,4,0,2,CRITICAL,999.0,0.0,10,700.1
CASE9_0599_LINE_4_5,CASE9,599,8,"2,7,9,5,3,8,6,4",1,4,5,0,2,CRITICAL,999.0,0.0,10,700.1
CASE9_0599_LINE_5_6,CASE9,599,8,"2,7,9,5,3,8,6,4",2,5,6,1,2,CRITICAL,237.6,0.72,4,700.1
CASE9_0599_LINE_3_6,CASE9,599,8,"2,7,9,5,3,8,6,4",3,3,6,0,2,CRITICAL,999.0,0.0,10,700.1
CASE9_0599_LINE_6_7,CASE9,599,8,"2,7,9,5,3,8,6,4",4,6,7,1,2,CRITICAL,211.7,0.847,4,700.1
CASE9_0599_LINE_7_8,CASE9,599,8,"2,7,9,5,3,8,6,4",5,7,8,1,2,CRITICAL,236.8,0.774,6,700.1
CASE9_0599_LINE_8_2,CASE9,599,8,"2,7,9,5,3,8,6,4",6,8,2,0,2,CRITICAL,999.0,0.0,10,700.1
CASE9_0599_LINE_8_9,CASE9,599,8,"2,7,9,5,3,8,6,4",7,8,9,1,2,CRITICAL,254.2,0.637,4,700.1
CASE9_0599_LINE_9_4,CASE9,599,8,"2,7,9,5,3,8,6,4",8,9,4,0,2,CRITICAL,999.0,0.0,10,700.1
CASE9_0600_LINE_1_4,CASE9,600,4,"7,2,4,3",0,1,4,0,2,CRITICAL,999.0,0.0,10,516.2
CASE9_0600_LINE_4_5,CASE9,600,4,"7,2,4,3",1,4,5,1,2,CRITICAL,122.1,0.887,2,516.2
CASE9_0600_LINE_5_6,CASE9,600,4,"7,2,4,3",2,5,6,1,2,CRITICAL,115.9,0.913,1,516.2
CASE9_0600_LINE_3_6,CASE9,600,4,"7,2,4,3",3,3,6,0,2,CRITICAL,999.0,0.0,10,516.2
CASE9_0600_LINE_6_7,CASE9,600,4,"7,2,4,3",4,6,7,1,2,CRITICAL,113.8,0.916,1,516.2
CASE9_0600_LINE_7_8,CASE9,600,4,"7,2,4,3",5,7,8,1,2,CRITICAL,120.4,0.883,2,516.2
CASE9_0600_LINE_8_2,CASE9,600,4,"7,2,4,3",6,8,2,0,2,CRITICAL,999.0,0.0,10,516.2
CASE9_0600_LINE_8_9,CASE9,600,4,"7,2,4,3",7,8,9,1,2,CRITICAL,116.7,0.892,2,516.2
CASE9_0600_LINE_9_4,CASE9,600,4,"7,2,4,3",8,9,4,1,2,CRITICAL,129.2,0.753,4,516.2
CASE9_0606_LINE_1_4,CASE9,606,4,"6,5,9,4",0,1,4,0,2,CRITICAL,999.0,0.0,10,385.7
CASE9_0606_LINE_4_5,CASE9,606,4,"6,5,9,4",1,4,5,1,1,ALERT,65.2,0.918,0,385.7
CASE9_0606_LINE_5_6,CASE9,606,4,"6,5,9,4",2,5,6,1,1,ALERT,65.2,0.929,0,385.7
CASE9_0606_LINE_3_6,CASE9,606,4,"6,5,9,4",3,3,6,0,2,CRITICAL,999.0,0.0,10,385.7
CASE9_0606_LINE_6_7,CASE9,606,4,"6,5,9,4",4,6,7,1,0,SAFE,65.4,0.954,0,385.7
CASE9_0606_LINE_7_8,CASE9,606,4,"6,5,9,4",5,7,8,1,1,ALERT,70.4,0.921,0,385.7
CASE9_0606_LINE_8_2,CASE9,606,4,"6,5,9,4",6,8,2,0,2,CRITICAL,999.0,0.0,10,385.7
CASE9_0606_LINE_8_9,CASE9,606,4,"6,5,9,4",7,8,9,1,1,ALERT,65.6,0.944,0,385.7
CASE9_0606_LINE_9_4,CASE9,606,4,"6,5,9,4",8,9,4,1,1,ALERT,65.2,0.946,0,385.7
CASE9_0607_LINE_1_4,CASE9,607,4,"4,3,9,5",0,1,4,0,2,CRITICAL,999.0,0.0,10,374.8
CASE9_0607_LINE_4_5,CASE9,607,4,"4,3,9,5",1,4,5,1,1,ALERT,65.2,0.944,0,374.8
CASE9_0607_LINE_5_6,CASE9,607,4,"4,3,9,5",2,5,6,1,1,ALERT,65.4,0.924,0,374.8
CASE9_0607_LINE_3_6,CASE9,607,4,"4,3,9,5",3,3,6,0,2,CRITICAL,999.0,0.0,10,374.8
CASE9_0607_LINE_6_7,CASE9,607,4,"4,3,9,5",4,6,7,1,1,ALERT,66.2,0.939,0,374.8
CASE9_0607_LINE_7_8,CASE9,607,4,"4,3,9,5",5,7,8,1,1,ALERT,70.2,0.921,0,374.8
CASE9_0607_LINE_8_2,CASE9,607,4,"4,3,9,5",6,8,2,0,2,CRITICAL,999.0,0.0,10,374.8
CASE9_0607_LINE_8_9,CASE9,607,4,"4,3,9,5",7,8,9,1,2,CRITICAL,78.5,0.865,1,374.8
CASE9_0607_LINE_9_4,CASE9,607,4,"4,3,9,5",8,9,4,1,2,CRITICAL,78.4,0.691,1,374.8
CASE9_0608_LINE_1_4,CASE9,608,8,"4,6,8,9,2,3,7,5",0,1,4,0,2,CRITICAL,999.0,0.0,10,735.6
CASE9_0608_LINE_4_5,CASE9,608,8,"4,6,8,9,2,3,7,5",1,4,5,0,2,CRITICAL,999.0,0.0,10,735.6
CASE9_0608_LINE_5_6,CASE9,608,8,"4,6,8,9,2,3,7,5",2,5,6,0,2,CRITICAL,999.0,0.0,10,735.6
CASE9_0608_LINE_3_6,CASE9,608,8,"4,6,8,9,2,3,7,5",3,3,6,0,2,CRITICAL,999.0,0.0,10,735.6
CASE9_0608_LINE_6_7,CASE9,608,8,"4,6,8,9,2,3,7,5",4,6,7,1,2,CRITICAL,236.3,0.831,7,735.6
CASE9_0608_LINE_7_8,CASE9,608,8,"4,6,8,9,2,3,7,5",5,7,8,0,2,CRITICAL,999.0,0.0,10,735.6
CASE9_0608_LINE_8_2,CASE9,608,8,"4,6,8,9,2,3,7,5",6,8,2,0,2,CRITICAL,999.0,0.0,10,735.6
CASE9_0608_LINE_8_9,CASE9,608,8,"4,6,8,9,2,3,7,5",7,8,9,0,2,CRITICAL,999.0,0.0,10,735.6
CASE9_0608_LINE_9_4,CASE9,608,8,"4,6,8,9,2,3,7,5",8,9,4,0,2,CRITICAL,999.0,0.0,10,735.6
CASE9_0609_LINE_1_4,CASE9,609,6,"5,7,2,6,8,4",0,1,4,0,2,CRITICAL,999.0,0.0,10,650.1
CASE9_0609_LINE_4_5,CASE9,609,6,"5,7,2,6,8,4",1,4,5,0,2,CRITICAL,999.0,0.0,10,650.1
CASE9_0609_LINE_5_6,CASE9,609,6,"5,7,2,6,8,4",2,5,6,1,2,CRITICAL,185.4,0.836,3,650.1
CASE9_0609_LINE_3_6,CASE9,609,6,"5,7,2,6,8,4",3,3,6,0,2,CRITICAL,999.0,0.0,10,650.1
CASE9_0609_LINE_6_7,CASE9,609,6,"5,7,2,6,8,4",4,6,7,1,2,CRITICAL,176.3,0.909,1,650.1
CASE9_0609_LINE_7_8,CASE9,609,6,"5,7,2,6,8,4",5,7,8,1,2,CRITICAL,179.3,0.893,2,650.1
CASE9_0609_LINE_8_2,CASE9,609,6,"5,7,2,6,8,4",6,8,2,0,2,CRITICAL,999.0,0.0,10,650.1
CASE9_0609_LINE_8_9,CASE9,609,6,"5,7,2,6,8,4",7,8,9,1,2,CRITICAL,186.1,0.844,3,650.1
CASE9_0609_LINE_9_4,CASE9,609,6,"5,7,2,6,8,4",8,9,4,0,2,CRITICAL,999.0,0.0,10,650.1
CASE9_0610_LINE_1_4,CASE9,610,5,"2,3,4,8,6",0,1,4,0,2,CRITICAL,999.0,0.0,10,697.3
CASE9_0610_LINE_4_5,CASE9,610,5,"2,3,4,8,6",1,4,5,0,2,CRITICAL,999.0,0.0,10,697.3
CASE9_0610_LINE_5_6,CASE9,610,5,"2,3,4,8,6",2,5,6,1,2,CRITICAL,229.3,0.806,5,697.3
CASE9_0610_LINE_3_6,CASE9,610,5,"2,3,4,8,6",3,3,6,0,2,CRITICAL,999.0,0.0,10,697.3
CASE9_0610_LINE_6_7,CASE9,610,5,"2,3,4,8,6",4,6,7,1,2,CRITICAL,201.8,0.893,2,697.3
CASE9_0610_LINE_7_8,CASE9,610,5,"2,3,4,8,6",5,7,8,1,2,CRITICAL,240.3,0.751,8,697.3
CASE9_0610_LINE_8_2,CASE9,610,5,"2,3,4,8,6",6,8,2,0,2,CRITICAL,999.0,0.0,10,697.3
CASE9_0610_LINE_8_9,CASE9,610,5,"2,3,4,8,6",7,8,9,1,2,CRITICAL,227.2,0.799,6,697.3
CASE9_0610_LINE_9_4,CASE9,610,5,"2,3,4,8,6",8,9,4,0,2,CRITICAL,999.0,0.0,10,697.3
CASE9_0616_LINE_1_4,CASE9,616,5,"3,9,6,4,7",0,1,4,0,2,CRITICAL,999.0,0.0,10,606.2
CASE9_0616_LINE_4_5,CASE9,616,5,"3,9,6,4,7",1,4,5,1,2,CRITICAL,194.4,0.772,9,606.2
CASE9_0616_LINE_5_6,CASE9,616,5,"3,9,6,4,7",2,5,6,1,2,CRITICAL,165.8,0.869,3,606.2
CASE9_0616_LINE_3_6,CASE9,616,5,"3,9,6,4,7",3,3,6,0,2,CRITICAL,999.0,0.0,10,606.2
CASE9_0616_LINE_6_7,CASE9,616,5,"3,9,6,4,7",4,6,7,1,2,CRITICAL,160.1,0.887,2,606.2
CASE9_0616_LINE_7_8,CASE9,616,5,"3,9,6,4,7",5,7,8,0,2,CRITICAL,999.0,0.0,10,606.2
CASE9_0616_LINE_8_2,CASE9,616,5,"3,9,6,4,7",6,8,2,0,2,CRITICAL,999.0,0.0,10,606.2
CASE9_0616_LINE_8_9,CASE9,616,5,"3,9,6,4,7",7,8,9,1,2,CRITICAL,175.0,0.767,4,606.2
CASE9_0616_LINE_9_4,CASE9,616,5,"3,9,6,4,7",8,9,4,0,2,CRITICAL,999.0,0.0,10,606.2
CASE9_0617_LINE_1_4,CASE9,617,5,"5,7,9,4,2",0,1,4,0,2,CRITICAL,999.0,0.0,10,703.7
CASE9_0617_LINE_4_5,CASE9,617,5,"5,7,9,4,2",1,4,5,0,2,CRITICAL,999.0,0.0,10,703.7
CASE9_0617_LINE_5_6,CASE9,617,5,"5,7,9,4,2",2,5,6,1,2,CRITICAL,239.3,0.723,4,703.7
CASE9_0617_LINE_3_6,CASE9,617,5,"5,7,9,4,2",3,3,6,0,2,CRITICAL,999.0,0.0,10,703.7
CASE9_0617_LINE_6_7,CASE9,617,5,"5,7,9,4,2",4,6,7,0,2,CRITICAL,999.0,0.0,10,703.7
CASE9_0617_LINE_7_8,CASE9,617,5,"5,7,9,4,2",5,7,8,0,2,CRITICAL,999.0,0.0,10,703.7
CASE9_0617_LINE_8_2,CASE9,617,5,"5,7,9,4,2",6,8,2,0,2,CRITICAL,999.0,0.0,10,703.7
CASE9_0617_LINE_8_9,CASE9,617,5,"5,7,9,4,2",7,8,9,1,2,CRITICAL,255.4,0.638,4,703.7
CASE9_0617_LINE_9_4,CASE9,617,5,"5,7,9,4,2",8,9,4,0,2,CRITICAL,999.0,0.0,10,703.7
CASE9_0618_LINE_1_4,CASE9,618,2,"5,4",0,1,4,0,2,CRITICAL,999.0,0.0,10,335.8
CASE9_0618_LINE_4_5,CASE9,618,2,"5,4",1,4,5,1,1,ALERT,65.2,0.95,0,335.8
CASE9_0618_LINE_5_6,CASE9,618,2,"5,4",2,5,6,1,1,ALERT,65.5,0.925,0,335.8
CASE9_0618_LINE_3_6,CASE9,618,2,"5,4",3,3,6,0,2,CRITICAL,999.0,0.0,10,335.8
CASE9_0618_LINE_6_7,CASE9,618,2,"5,4",4,6,7,1,1,ALERT,66.0,0.945,0,335.8
CASE9_0618_LINE_7_8,CASE9,618,2,"5,4",5,7,8,1,1,ALERT,70.1,0.93,0,335.8
CASE9_0618_LINE_8_2,CASE9,618,2,"5,4",6,8,2,0,2,CRITICAL,999.0,0.0,10,335.8
CASE9_0618_LINE_8_9,CASE9,618,2,"5,4",7,8,9,1,2,CRITICAL,91.2,0.88,1,335.8
CASE9_0618_LINE_9_4,CASE9,618,2,"5,4",8,9,4,1,2,CRITICAL,69.1,0.795,1,335.8
CASE9_0619_LINE_1_4,CASE9,619,2,"3,2",0,1,4,0,2,CRITICAL,999.0,0.0,10,428.7
CASE9_0619_LINE_4_5,CASE9,619,2,"3,2",1,4,5,1,2,CRITICAL,79.7,0.898,1,428.7
CASE9_0619_LINE_5_6,CASE9,619,2,"3,2",2,5,6,1,1,ALERT,77.1,0.93,0,428.7
CASE9_0619_LINE_3_6,CASE9,619,2,"3,2",3,3,6,0,2,CRITICAL,999.0,0.0,10,428.7
CASE9_0619_LINE_6_7,CASE9,619,2,"3,2",4,6,7,1,1,ALERT,75.2,0.945,0,428.7
CASE9_0619_LINE_7_8,CASE9,619,2,"3,2",5,7,8,1,1,ALERT,78.8,0.928,0,428.7
CASE9_0619_LINE_8_2,CASE9,619,2,"3,2",6,8,2,0,2,CRITICAL,999.0,0.0,10,428.7
CASE9_0619_LINE_8_9,CASE9,619,2,"3,2",7,8,9,1,1,ALERT,78.2,0.909,0,428.7
CASE9_0619_LINE_9_4,CASE9,619,2,"3,2",8,9,4,1,2,CRITICAL,94.9,0.775,1,428.7
CASE9_0620_LINE_1_4,CASE9,620,4,"7,5,6,4",0,1,4,0,2,CRITICAL,999.0,0.0,10,468.2
CASE9_0620_LINE_4_5,CASE9,620,4,"7,5,6,4",1,4,5,0,2,CRITICAL,999.0,0.0,10,468.2
CASE9_0620_LINE_5_6,CASE9,620,4,"7,5,6,4",2,5,6,1,2,CRITICAL,102.1,0.859,2,468.2
CASE9_0620_LINE_3_6,CASE9,620,4,"7,5,6,4",3,3,6,0,2,CRITICAL,999.0,0.0,10,468.2
CASE9_0620_LINE_6_7,CASE9,620,4,"7,5,6,4",4,6,7,1,1,ALERT,96.4,0.927,0,468.2
CASE9_0620_LINE_7_8,CASE9,620,4,"7,5,6,4",5,7,8,1,2,CRITICAL,113.9,0.866,4,468.2
CASE9_0620_LINE_8_2,CASE9,620,4,"7,5,6,4",6,8,2,0,2,CRITICAL,999.0,0.0,10,468.2
CASE9_0620_LINE_8_9,CASE9,620,4,"7,5,6,4",7,8,9,1,2,CRITICAL,101.7,0.883,2,468.2
CASE9_0620_LINE_9_4,CASE9,620,4,"7,5,6,4",8,9,4,1,2,CRITICAL,101.0,0.784,2,468.2
CASE9_0601_LINE_1_4,CASE9,601,4,"6,5,8,2",0,1,4,0,2,CRITICAL,999.0,0.0,10,569.5
CASE9_0601_LINE_4_5,CASE9,601,4,"6,5,8,2",1,4,5,0,2,CRITICAL,999.0,0.0,10,569.5
CASE9_0601_LINE_5_6,CASE9,601,4,"6,5,8,2",2,5,6,1,2,CRITICAL,149.6,0.822,2,569.5
CASE9_0601_LINE_3_6,CASE9,601,4,"6,5,8,2",3,3,6,0,2,CRITICAL,999.0,0.0,10,569.5
CASE9_0601_LINE_6_7,CASE9,601,4,"6,5,8,2",4,6,7,1,2,CRITICAL,140.3,0.915,1,569.5
CASE9_0601_LINE_7_8,CASE9,601,4,"6,5,8,2",5,7,8,1,2,CRITICAL,152.3,0.851,4,569.5
CASE9_0601_LINE_8_2,CASE9,601,4,"6,5,8,2",6,8,2,0,2,CRITICAL,999.0,0.0,10,569.5
CASE9_0601_LINE_8_9,CASE9,601,4,"6,5,8,2",7,8,9,1,2,CRITICAL,148.2,0.865,3,569.5
CASE9_0601_LINE_9_4,CASE9,601,4,"6,5,8,2",8,9,4,0,2,CRITICAL,999.0,0.0,10,569.5
CASE9_0602_LINE_1_4,CASE9,602,5,"4,5,8,2,9",0,1,4,0,2,CRITICAL,999.0,0.0,10,516.8
CASE9_0602_LINE_4_5,CASE9,602,5,"4,5,8,2,9",1,4,5,1,2,CRITICAL,118.7,0.92,1,516.8
CASE9_0602_LINE_5_6,CASE9,602,5,"4,5,8,2,9",2,5,6,1,2,CRITICAL,117.4,0.911,1,516.8
CASE9_0602_LINE_3_6,CASE9,602,5,"4,5,8,2,9",3,3,6,0,2,CRITICAL,999.0,0.0,10,516.8
CASE9_0602_LINE_6_7,CASE9,602,5,"4,5,8,2,9",4,6,7,1,2,CRITICAL,119.1,0.914,1,516.8
CASE9_0602_LINE_7_8,CASE9,602,5,"4,5,8,2,9",5,7,8,1,2,CRITICAL,113.8,0.936,1,516.8
CASE9_0602_LINE_8_2,CASE9,602,5,"4,5,8,2,9",6,8,2,0,2,CRITICAL,999.0,0.0,10,516.8
CASE9_0602_LINE_8_9,CASE9,602,5,"4,5,8,2,9",7,8,9,1,2,CRITICAL,117.4,0.9,1,516.8
CASE9_0602_LINE_9_4,CASE9,602,5,"4,5,8,2,9",8,9,4,1,2,CRITICAL,123.9,0.809,3,516.8
CASE9_0603_LINE_1_4,CASE9,603,7,"5,4,7,9,2,6,3",0,1,4,0,2,CRITICAL,999.0,0.0,10,608.5
CASE9_0603_LINE_4_5,CASE9,603,7,"5,4,7,9,2,6,3",1,4,5,1,2,CRITICAL,193.4,0.754,4,608.5
CASE9_0603_LINE_5_6,CASE9,603,7,"5,4,7,9,2,6,3",2,5,6,1,2,CRITICAL,171.1,0.832,3,608.5
CASE9_0603_LINE_3_6,CASE9,603,7,"5,4,7,9,2,6,3",3,3,6,0,2,CRITICAL,999.0,0.0,10,608.5
CASE9_0603_LINE_6_7,CASE9,603,7,"5,4,7,9,2,6,3",4,6,7,1,2,CRITICAL,163.0,0.847,2,608.5
CASE9_0603_LINE_7_8,CASE9,603,7,"5,4,7,9,2,6,3",5,7,8,1,2,CRITICAL,162.3,0.862,2,608.5
CASE9_0603_LINE_8_2,CASE9,603,7,"5,4,7,9,2,6,3",6,8,2,0,2,CRITICAL,999.0,0.0,10,608.5
CASE9_0603_LINE_8_9,CASE9,603,7,"5,4,7,9,2,6,3",7,8,9,0,2,CRITICAL,999.0,0.0,10,608.5
CASE9_0603_LINE_9_4,CASE9,603,7,"5,4,7,9,2,6,3",8,9,4,0,2,CRITICAL,999.0,0.0,10,608.5
CASE9_0604_LINE_1_4,CASE9,604,7,"5,2,4,9,6,7,3",0,1,4,0,2,CRITICAL,999.0,0.0,10,661.2
CASE9_0604_LINE_4_5,CASE9,604,7,"5,2,4,9,6,7,3",1,4,5,0,2,CRITICAL,999.0,0.0,10,661.2
CASE9_0604_LINE_5_6,CASE9,604,7,"5,2,4,9,6,7,3",2,5,6,1,2,CRITICAL,203.6,0.793,4,661.2
CASE9_0604_LINE_3_6,CASE9,604,7,"5,2,4,9,6,7,3",3,3,6,0,2,CRITICAL,999.0,0.0,10,661.2
CASE9_0604_LINE_6_7,CASE9,604,7,"5,2,4,9,6,7,3",4,6,7,1,2,CRITICAL,188.0,0.858,2,661.2
CASE9_0604_LINE_7_8,CASE9,604,7,"5,2,4,9,6,7,3",5,7,8,1,2,CRITICAL,201.3,0.845,6,661.2
CASE9_0604_LINE_8_2,CASE9,604,7,"5,2,4,9,6,7,3",6,8,2,0,2,CRITICAL,999.0,0.0,10,661.2
CASE9_0604_LINE_8_9,CASE9,604,7,"5,2,4,9,6,7,3",7,8,9,1,2,CRITICAL,222.2,0.664,4,661.2
CASE9_0604_LINE_9_4,CASE9,604,7,"5,2,4,9,6,7,3",8,9,4,0,2,CRITICAL,999.0,0.0,10,661.2
CASE9_0605_LINE_1_4,CASE9,605,8,"4,5,2,8,6,3,7,9",0,1,4,0,2,CRITICAL,999.0,0.0,10,722.2
CASE9_0605_LINE_4_5,CASE9,605,8,"4,5,2,8,6,3,7,9",1,4,5,0,2,CRITICAL,999.0,0.0,10,722.2
CASE9_0605_LINE_5_6,CASE9,605,8,"4,5,2,8,6,3,7,9",2,5,6,0,2,CRITICAL,999.0,0.0,10,722.2
CASE9_0605_LINE_3_6,CASE9,605,8,"4,5,2,8,6,3,7,9",3,3,6,0,2,CRITICAL,999.0,0.0,10,722.2
CASE9_0605_LINE_6_7,CASE9,605,8,"4,5,2,8,6,3,7,9",4,6,7,1,2,CRITICAL,228.9,0.817,6,722.2
CASE9_0605_LINE_7_8,CASE9,605,8,"4,5,2,8,6,3,7,9",5,7,8,0,2,CRITICAL,999.0,0.0,10,722.2
CASE9_0605_LINE_8_2,CASE9,605,8,"4,5,2,8,6,3,7,9",6,8,2,0,2,CRITICAL,999.0,0.0,10,722.2
CASE9_0605_LINE_8_9,CASE9,605,8,"4,5,2,8,6,3,7,9",7,8,9,0,2,CRITICAL,999.0,0.0,10,722.2
CASE9_0605_LINE_9_4,CASE9,605,8,"4,5,2,8,6,3,7,9",8,9,4,0,2,CRITICAL,999.0,0.0,10,722.2
CASE9_0611_LINE_1_4,CASE9,611,3,"6,5,8",0,1,4,0,2,CRITICAL,999.0,0.0,10,522.0
CASE9_0611_LINE_4_5,CASE9,611,3,"6,5,8",1,4,5,0,2,CRITICAL,999.0,0.0,10,522.0
CASE9_0611_LINE_5_6,CASE9,611,3,"6,5,8",2,5,6,1,2,CRITICAL,125.4,0.842,2,522.0
CASE9_0611_LINE_3_6,CASE9,611,3,"6,5,8",3,3,6,0,2,CRITICAL,999.0,0.0,10,522.0
CASE9_0611_LINE_6_7,CASE9,611,3,"6,5,8",4,6,7,1,2,CRITICAL,117.9,0.923,1,522.0
CASE9_0611_LINE_7_8,CASE9,611,3,"6,5,8",5,7,8,1,2,CRITICAL,128.4,0.875,4,522.0
CASE9_0611_LINE_8_2,CASE9,611,3,"6,5,8",6,8,2,0,2,CRITICAL,999.0,0.0,10,522.0
CASE9_0611_LINE_8_9,CASE9,611,3,"6,5,8",7,8,9,1,2,CRITICAL,122.9,0.881,2,522.0
CASE9_0611_LINE_9_4,CASE9,611,3,"6,5,8",8,9,4,1,2,CRITICAL,153.1,0.71,7,522.0
CASE9_0612_LINE_1_4,CASE9,612,6,"2,6,8,7,4,9",0,1,4,0,2,CRITICAL,999.0,0.0,10,663.5
CASE9_0612_LINE_4_5,CASE9,612,6,"2,6,8,7,4,9",1,4,5,0,2,CRITICAL,999.0,0.0,10,663.5
CASE9_0612_LINE_5_6,CASE9,612,6,"2,6,8,7,4,9",2,5,6,1,2,CRITICAL,198.8,0.844,4,663.5
CASE9_0612_LINE_3_6,CASE9,612,6,"2,6,8,7,4,9",3,3,6,0,2,CRITICAL,999.0,0.0,10,663.5
CASE9_0612_LINE_6_7,CASE9,612,6,"2,6,8,7,4,9",4,6,7,1,2,CRITICAL,198.6,0.798,5,663.5
CASE9_0612_LINE_7_8,CASE9,612,6,"2,6,8,7,4,9",5,7,8,0,2,CRITICAL,999.0,0.0,10,663.5
CASE9_0612_LINE_8_2,CASE9,612,6,"2,6,8,7,4,9",6,8,2,0,2,CRITICAL,999.0,0.0,10,663.5
CASE9_0612_LINE_8_9,CASE9,612,6,"2,6,8,7,4,9",7,8,9,1,2,CRITICAL,199.5,0.805,4,663.5
CASE9_0612_LINE_9_4,CASE9,612,6,"2,6,8,7,4,9",8,9,4,0,2,CRITICAL,999.0,0.0,10,663.5
CASE9_0613_LINE_1_4,CASE9,613,8,"4,9,8,2,3,5,6,7",0,1,4,0,2,CRITICAL,999.0,0.0,10,661.2
CASE9_0613_LINE_4_5,CASE9,613,8,"4,9,8,2,3,5,6,7",1,4,5,0,2,CRITICAL,999.0,0.0,10,661.2
CASE9_0613_LINE_5_6,CASE9,613,8,"4,9,8,2,3,5,6,7",2,5,6,1,2,CRITICAL,235.2,0.704,6,661.2
CASE9_0613_LINE_3_6,CASE9,613,8,"4,9,8,2,3,5,6,7",3,3,6,0,2,CRITICAL,999.0,0.0,10,661.2
CASE9_0613_LINE_6_7,CASE9,613,8,"4,9,8,2,3,5,6,7",4,6,7,1,2,CRITICAL,221.9,0.71,7,661.2
CASE9_0613_LINE_7_8,CASE9,613,8,"4,9,8,2,3,5,6,7",5,7,8,1,2,CRITICAL,193.4,0.859,4,661.2
CASE9_0613_LINE_8_2,CASE9,613,8,"4,9,8,2,3,5,6,7",6,8,2,0,2,CRITICAL,999.0,0.0,10,661.2
CASE9_0613_LINE_8_9,CASE9,613,8,"4,9,8,2,3,5,6,7",7,8,9,1,2,CRITICAL,218.6,0.695,4,661.2
CASE9_0613_LINE_9_4,CASE9,613,8,"4,9,8,2,3,5,6,7",8,9,4,0,2,CRITICAL,999.0,0.0,10,661.2
CASE9_0614_LINE_1_4,CASE9,614,6,"6,4,3,2,8,5",0,1,4,0,2,CRITICAL,999.0,0.0,10,624.9
CASE9_0614_LINE_4_5,CASE9,614,6,"6,4,3,2,8,5",1,4,5,0,2,CRITICAL,999.0,0.0,10,624.9
CASE9_0614_LINE_5_6,CASE9,614,6,"6,4,3,2,8,5",2,5,6,1,2,CRITICAL,176.4,0.835,3,624.9
CASE9_0614_LINE_3_6,CASE9,614,6,"6,4,3,2,8,5",3,3,6,0,2,CRITICAL,999.0,0.0,10,624.9
CASE9_0614_LINE_6_7,CASE9,614,6,"6,4,3,2,8,5",4,6,7,1,2,CRITICAL,166.6,0.908,1,624.9
CASE9_0614_LINE_7_8,CASE9,614,6,"6,4,3,2,8,5",5,7,8,0,2,CRITICAL,999.0,0.0,10,624.9
CASE9_0614_LINE_8_2,CASE9,614,6,"6,4,3,2,8,5",6,8,2,0,2,CRITICAL,999.0,0.0,10,624.9
CASE9_0614_LINE_8_9,CASE9,614,6,"6,4,3,2,8,5",7,8,9,1,2,CRITICAL,176.1,0.846,3,624.9
CASE9_0614_LINE_9_4,CASE9,614,6,"6,4,3,2,8,5",8,9,4,0,2,CRITICAL,999.0,0.0,10,624.9
CASE9_0615_LINE_1_4,CASE9,615,8,"8,7,4,5,9,2,3,6",0,1,4,0,2,CRITICAL,999.0,0.0,10,693.5
CASE9_0615_LINE_4_5,CASE9,615,8,"8,7,4,5,9,2,3,6",1,4,5,0,2,CRITICAL,999.0,0.0,10,693.5
CASE9_0615_LINE_5_6,CASE9,615,8,"8,7,4,5,9,2,3,6",2,5,6,1,2,CRITICAL,234.1,0.757,5,693.5
CASE9_0615_LINE_3_6,CASE9,615,8,"8,7,4,5,9,2,3,6",3,3,6,0,2,CRITICAL,999.0,0.0,10,693.5
CASE9_0615_LINE_6_7,CASE9,615,8,"8,7,4,5,9,2,3,6",4,6,7,1,2,CRITICAL,214.6,0.796,5,693.5
CASE9_0615_LINE_7_8,CASE9,615,8,"8,7,4,5,9,2,3,6",5,7,8,1,2,CRITICAL,205.0,0.856,3,693.5
CASE9_0615_LINE_8_2,CASE9,615,8,"8,7,4,5,9,2,3,6",6,8,2,0,2,CRITICAL,999.0,0.0,10,693.5
CASE9_0615_LINE_8_9,CASE9,615,8,"8,7,4,5,9,2,3,6",7,8,9,1,2,CRITICAL,242.1,0.65,4,693.5
CASE9_0615_LINE_9_4,CASE9,615,8,"8,7,4,5,9,2,3,6",8,9,4,0,2,CRITICAL,999.0,0.0,10,693.5
CASE9_0631_LINE_1_4,CASE9,631,2,"9,7",0,1,4,0,2,CRITICAL,999.0,0.0,10,250.9
CASE9_0631_LINE_4_5,CASE9,631,2,"9,7",1,4,5,1,1,ALERT,65.3,0.913,0,250.9
CASE9_0631_LINE_5_6,CASE9,631,2,"9,7",2,5,6,1,1,ALERT,65.6,0.922,0,250.9
CASE9_0631_LINE_3_6,CASE9,631,2,"9,7",3,3,6,0,2,CRITICAL,999.0,0.0,10,250.9
CASE9_0631_LINE_6_7,CASE9,631,2,"9,7",4,6,7,1,0,SAFE,65.2,0.966,0,250.9
CASE9_0631_LINE_7_8,CASE9,631,2,"9,7",5,7,8,1,0,SAFE,65.2,0.954,0,250.9
CASE9_0631_LINE_8_2,CASE9,631,2,"9,7",6,8,2,0,2,CRITICAL,999.0,0.0,10,250.9
CASE9_0631_LINE_8_9,CASE9,631,2,"9,7",7,8,9,1,2,CRITICAL,101.2,0.934,1,250.9
CASE9_0631_LINE_9_4,CASE9,631,2,"9,7",8,9,4,1,1,ALERT,65.3,0.924,0,250.9
CASE9_0632_LINE_1_4,CASE9,632,2,"6,2",0,1,4,0,2,CRITICAL,999.0,0.0,10,494.4
CASE9_0632_LINE_4_5,CASE9,632,2,"6,2",1,4,5,1,2,CRITICAL,118.6,0.854,4,494.4
CASE9_0632_LINE_5_6,CASE9,632,2,"6,2",2,5,6,1,2,CRITICAL,106.1,0.921,1,494.4
CASE9_0632_LINE_3_6,CASE9,632,2,"6,2",3,3,6,0,2,CRITICAL,999.0,0.0,10,494.4
CASE9_0632_LINE_6_7,CASE9,632,2,"6,2",4,6,7,1,2,CRITICAL,103.3,0.941,1,494.4
CASE9_0632_LINE_7_8,CASE9,632,2,"6,2",5,7,8,1,2,CRITICAL,110.9,0.887,2,494.4
CASE9_0632_LINE_8_2,CASE9,632,2,"6,2",6,8,2,0,2,CRITICAL,999.0,0.0,10,494.4
CASE9_0632_LINE_8_9,CASE9,632,2,"6,2",7,8,9,1,2,CRITICAL,106.8,0.9,1,494.4
CASE9_0632_LINE_9_4,CASE9,632,2,"6,2",8,9,4,1,2,CRITICAL,133.2,0.735,7,494.4
CASE9_0633_LINE_1_4,CASE9,633,3,"3,8,7",0,1,4,0,2,CRITICAL,999.0,0.0,10,351.2
CASE9_0633_LINE_4_5,CASE9,633,3,"3,8,7",1,4,5,1,1,ALERT,65.2,0.912,0,351.2
CASE9_0633_LINE_5_6,CASE9,633,3,"3,8,7",2,5,6,1,1,ALERT,65.3,0.925,0,351.2
CASE9_0633_LINE_3_6,CASE9,633,3,"3,8,7",3,3,6,0,2,CRITICAL,999.0,0.0,10,351.2
CASE9_0633_LINE_6_7,CASE9,633,3,"3,8,7",4,6,7,1,0,SAFE,65.5,0.957,0,351.2
CASE9_0633_LINE_7_8,CASE9,633,3,"3,8,7",5,7,8,1,0,SAFE,65.3,0.953,0,351.2
CASE9_0633_LINE_8_2,CASE9,633,3,"3,8,7",6,8,2,0,2,CRITICAL,999.0,0.0,10,351.2
CASE9_0633_LINE_8_9,CASE9,633,3,"3,8,7",7,8,9,1,1,ALERT,70.8,0.901,0,351.2
CASE9_0633_LINE_9_4,CASE9,633,3,"3,8,7",8,9,4,1,2,CRITICAL,70.5,0.785,1,351.2
CASE9_0634_LINE_1_4,CASE9,634,3,"9,7,6",0,1,4,0,2,CRITICAL,999.0,0.0,10,324.8
CASE9_0634_LINE_4_5,CASE9,634,3,"9,7,6",1,4,5,1,1,ALERT,65.2,0.903,0,324.8
CASE9_0634_LINE_5_6,CASE9,634,3,"9,7,6",2,5,6,1,1,ALERT,65.3,0.919,0,324.8
CASE9_0634_LINE_3_6,CASE9,634,3,"9,7,6",3,3,6,0,2,CRITICAL,999.0,0.0,10,324.8
CASE9_0634_LINE_6_7,CASE9,634,3,"9,7,6",4,6,7,1,1,ALERT,65.3,0.948,0,324.8
CASE9_0634_LINE_7_8,CASE9,634,3,"9,7,6",5,7,8,1,1,ALERT,65.3,0.93,0,324.8
CASE9_0634_LINE_8_2,CASE9,634,3,"9,7,6",6,8,2,0,2,CRITICAL,999.0,0.0,10,324.8
CASE9_0634_LINE_8_9,CASE9,634,3,"9,7,6",7,8,9,1,2,CRITICAL,90.1,0.879,1,324.8
CASE9_0634_LINE_9_4,CASE9,634,3,"9,7,6",8,9,4,1,2,CRITICAL,69.8,0.767,1,324.8
CASE9_0635_LINE_1_4,CASE9,635,6,"7,6,5,4,3,9",0,1,4,0,2,CRITICAL,999.0,0.0,10,497.3
CASE9_0635_LINE_4_5,CASE9,635,6,"7,6,5,4,3,9",1,4,5,1,2,CRITICAL,114.4,0.894,2,497.3
CASE9_0635_LINE_5_6,CASE9,635,6,"7,6,5,4,3,9",2,5,6,1,2,CRITICAL,110.7,0.91,1,497.3
CASE9_0635_LINE_3_6,CASE9,635,6,"7,6,5,4,3,9",3,3,6,0,2,CRITICAL,999.0,0.0,10,497.3
CASE9_0635_LINE_6_7,CASE9,635,6,"7,6,5,4,3,9",4,6,7,1,2,CRITICAL,106.8,0.921,1,497.3
CASE9_0635_LINE_7_8,CASE9,635,6,"7,6,5,4,3,9",5,7,8,1,2,CRITICAL,124.6,0.877,4,497.3
CASE9_0635_LINE_8_2,CASE9,635,6,"7,6,5,4,3,9",6,8,2,0,2,CRITICAL,999.0,0.0,10,497.3
CASE9_0635_LINE_8_9,CASE9,635,6,"7,6,5,4,3,9",7,8,9,1,2,CRITICAL,117.0,0.841,2,497.3
CASE9_0635_LINE_9_4,CASE9,635,6,"7,6,5,4,3,9",8,9,4,0,2,CRITICAL,999.0,0.0,10,497.3
CASE9_0626_LINE_1_4,CASE9,626,6,"2,6,3,8,7,9",0,1,4,0,2,CRITICAL,999.0,0.0,10,586.3
CASE9_0626_LINE_4_5,CASE9,626,6,"2,6,3,8,7,9",1,4,5,0,2,CRITICAL,999.0,0.0,10,586.3
CASE9_0626_LINE_5_6,CASE9,626,6,"2,6,3,8,7,9",2,5,6,1,2,CRITICAL,160.5,0.874,4,586.3
CASE9_0626_LINE_3_6,CASE9,626,6,"2,6,3,8,7,9",3,3,6,0,2,CRITICAL,999.0,0.0,10,586.3
CASE9_0626_LINE_6_7,CASE9,626,6,"2,6,3,8,7,9",4,6,7,1,2,CRITICAL,146.9,0.919,1,586.3
CASE9_0626_LINE_7_8,CASE9,626,6,"2,6,3,8,7,9",5,7,8,1,2,CRITICAL,157.0,0.878,5,586.3
CASE9_0626_LINE_8_2,CASE9,626,6,"2,6,3,8,7,9",6,8,2,0,2,CRITICAL,999.0,0.0,10,586.3
CASE9_0626_LINE_8_9,CASE9,626,6,"2,6,3,8,7,9",7,8,9,1,2,CRITICAL,161.9,0.872,5,586.3
CASE9_0626_LINE_9_4,CASE9,626,6,"2,6,3,8,7,9",8,9,4,0,2,CRITICAL,999.0,0.0,10,586.3
CASE9_0627_LINE_1_4,CASE9,627,2,"6,8",0,1,4,0,2,CRITICAL,999.0,0.0,10,390.0
CASE9_0627_LINE_4_5,CASE9,627,2,"6,8",1,4,5,1,2,CRITICAL,66.1,0.89,1,390.0
CASE9_0627_LINE_5_6,CASE9,627,2,"6,8",2,5,6,1,1,ALERT,65.4,0.928,0,390.0
CASE9_0627_LINE_3_6,CASE9,627,2,"6,8",3,3,6,0,2,CRITICAL,999.0,0.0,10,390.0
CASE9_0627_LINE_6_7,CASE9,627,2,"6,8",4,6,7,1,1,ALERT,66.6,0.939,0,390.0
CASE9_0627_LINE_7_8,CASE9,627,2,"6,8",5,7,8,1,1,ALERT,70.4,0.92,0,390.0
CASE9_0627_LINE_8_2,CASE9,627,2,"6,8",6,8,2,0,2,CRITICAL,999.0,0.0,10,390.0
CASE9_0627_LINE_8_9,CASE9,627,2,"6,8",7,8,9,1,1,ALERT,65.4,0.904,0,390.0
CASE9_0627_LINE_9_4,CASE9,627,2,"6,8",8,9,4,1,2,CRITICAL,72.9,0.77,1,390.0
CASE9_0628_LINE_1_4,CASE9,628,4,"5,4,3,8",0,1,4,0,2,CRITICAL,999.0,0.0,10,496.1
CASE9_0628_LINE_4_5,CASE9,628,4,"5,4,3,8",1,4,5,1,2,CRITICAL,110.2,0.904,1,496.1
CASE9_0628_LINE_5_6,CASE9,628,4,"5,4,3,8",2,5,6,1,2,CRITICAL,107.9,0.916,1,496.1
CASE9_0628_LINE_3_6,CASE9,628,4,"5,4,3,8",3,3,6,0,2,CRITICAL,999.0,0.0,10,496.1
CASE9_0628_LINE_6_7,CASE9,628,4,"5,4,3,8",4,6,7,1,2,CRITICAL,104.4,0.94,1,496.1
CASE9_0628_LINE_7_8,CASE9,628,4,"5,4,3,8",5,7,8,1,2,CRITICAL,116.6,0.908,1,496.1
CASE9_0628_LINE_8_2,CASE9,628,4,"5,4,3,8",6,8,2,0,2,CRITICAL,999.0,0.0,10,496.1
CASE9_0628_LINE_8_9,CASE9,628,4,"5,4,3,8",7,8,9,1,2,CRITICAL,110.2,0.887,2,496.1
CASE9_0628_LINE_9_4,CASE9,628,4,"5,4,3,8",8,9,4,1,2,CRITICAL,111.7,0.775,2,496.1
CASE9_0629_LINE_1_4,CASE9,629,6,"7,5,2,8,9,4",0,1,4,0,2,CRITICAL,999.0,0.0,10,576.9
CASE9_0629_LINE_4_5,CASE9,629,6,"7,5,2,8,9,4",1,4,5,1,2,CRITICAL,161.5,0.849,4,576.9
CASE9_0629_LINE_5_6,CASE9,629,6,"7,5,2,8,9,4",2,5,6,1,2,CRITICAL,145.6,0.888,2,576.9
CASE9_0629_LINE_3_6,CASE9,629,6,"7,5,2,8,9,4",3,3,6,0,2,CRITICAL,999.0,0.0,10,576.9
CASE9_0629_LINE_6_7,CASE9,629,6,"7,5,2,8,9,4",4,6,7,1,2,CRITICAL,155.2,0.83,4,576.9
CASE9_0629_LINE_7_8,CASE9,629,6,"7,5,2,8,9,4",5,7,8,1,2,CRITICAL,145.7,0.839,3,576.9
CASE9_0629_LINE_8_2,CASE9,629,6,"7,5,2,8,9,4",6,8,2,0,2,CRITICAL,999.0,0.0,10,576.9
CASE9_0629_LINE_8_9,CASE9,629,6,"7,5,2,8,9,4",7,8,9,1,2,CRITICAL,145.8,0.882,2,576.9
CASE9_0629_LINE_9_4,CASE9,629,6,"7,5,2,8,9,4",8,9,4,0,2,CRITICAL,999.0,0.0,10,576.9
CASE9_0630_LINE_1_4,CASE9,630,8,"7,2,8,9,5,6,3,4",0,1,4,0,2,CRITICAL,999.0,0.0,10,729.8
CASE9_0630_LINE_4_5,CASE9,630,8,"7,2,8,9,5,6,3,4",1,4,5,0,2,CRITICAL,999.0,0.0,10,729.8
CASE9_0630_LINE_5_6,CASE9,630,8,"7,2,8,9,5,6,3,4",2,5,6,0,2,CRITICAL,999.0,0.0,10,729.8
CASE9_0630_LINE_3_6,CASE9,630,8,"7,2,8,9,5,6,3,4",3,3,6,0,2,CRITICAL,999.0,0.0,10,729.8
CASE9_0630_LINE_6_7,CASE9,630,8,"7,2,8,9,5,6,3,4",4,6,7,1,2,CRITICAL,246.8,0.758,7,729.8
CASE9_0630_LINE_7_8,CASE9,630,8,"7,2,8,9,5,6,3,4",5,7,8,1,2,CRITICAL,243.4,0.805,6,729.8
CASE9_0630_LINE_8_2,CASE9,630,8,"7,2,8,9,5,6,3,4",6,8,2,0,2,CRITICAL,999.0,0.0,10,729.8
CASE9_0630_LINE_8_9,CASE9,630,8,"7,2,8,9,5,6,3,4",7,8,9,0,2,CRITICAL,999.0,0.0,10,729.8
CASE9_0630_LINE_9_4,CASE9,630,8,"7,2,8,9,5,6,3,4",8,9,4,0,2,CRITICAL,999.0,0.0,10,729.8
CASE9_0636_LINE_1_4,CASE9,636,4,"4,2,5,7",0,1,4,0,2,CRITICAL,999.0,0.0,10,345.0
CASE9_0636_LINE_4_5,CASE9,636,4,"4,2,5,7",1,4,5,1,0,SAFE,56.0,0.959,0,345.0
CASE9_0636_LINE_5_6,CASE9,636,4,"4,2,5,7",2,5,6,1,1,ALERT,56.7,0.943,0,345.0
CASE9_0636_LINE_3_6,CASE9,636,4,"4,2,5,7",3,3,6,0,2,CRITICAL,999.0,0.0,10,345.0
CASE9_0636_LINE_6_7,CASE9,636,4,"4,2,5,7",4,6,7,1,1,ALERT,57.5,0.935,0,345.0
CASE9_0636_LINE_7_8,CASE9,636,4,"4,2,5,7",5,7,8,1,1,ALERT,80.9,0.925,0,345.0
CASE9_0636_LINE_8_2,CASE9,636,4,"4,2,5,7",6,8,2,0,2,CRITICAL,999.0,0.0,10,345.0
CASE9_0636_LINE_8_9,CASE9,636,4,"4,2,5,7",7,8,9,1,2,CRITICAL,69.9,0.899,1,345.0
CASE9_0636_LINE_9_4,CASE9,636,4,"4,2,5,7",8,9,4,1,2,CRITICAL,74.5,0.788,1,345.0
CASE9_0637_LINE_1_4,CASE9,637,6,"7,6,4,3,5,2",0,1,4,0,2,CRITICAL,999.0,0.0,10,594.2
CASE9_0637_LINE_4_5,CASE9,637,6,"7,6,4,3,5,2",1,4,5,0,2,CRITICAL,999.0,0.0,10,594.2
CASE9_0637_LINE_5_6,CASE9,637,6,"7,6,4,3,5,2",2,5,6,1,2,CRITICAL,161.0,0.877,3,594.2
CASE9_0637_LINE_3_6,CASE9,637,6,"7,6,4,3,5,2",3,3,6,0,2,CRITICAL,999.0,0.0,10,594.2
CASE9_0637_LINE_6_7,CASE9,637,6,"7,6,4,3,5,2",4,6,7,1,2,CRITICAL,151.6,0.874,2,594.2
CASE9_0637_LINE_7_8,CASE9,637,6,"7,6,4,3,5,2",5,7,8,0,2,CRITICAL,999.0,0.0,10,594.2
CASE9_0637_LINE_8_2,CASE9,637,6,"7,6,4,3,5,2",6,8,2,0,2,CRITICAL,999.0,0.0,10,594.2
CASE9_0637_LINE_8_9,CASE9,637,6,"7,6,4,3,5,2",7,8,9,1,2,CRITICAL,159.1,0.863,2,594.2
CASE9_0637_LINE_9_4,CASE9,637,6,"7,6,4,3,5,2",8,9,4,0,2,CRITICAL,999.0,0.0,10,594.2
CASE9_0638_LINE_1_4,CASE9,638,8,"9,4,2,3,7,5,6,8",0,1,4,0,2,CRITICAL,999.0,0.0,10,680.9
CASE9_0638_LINE_4_5,CASE9,638,8,"9,4,2,3,7,5,6,8",1,4,5,0,2,CRITICAL,999.0,0.0,10,680.9
CASE9_0638_LINE_5_6,CASE9,638,8,"9,4,2,3,7,5,6,8",2,5,6,0,2,CRITICAL,999.0,0.0,10,680.9
CASE9_0638_LINE_3_6,CASE9,638,8,"9,4,2,3,7,5,6,8",3,3,6,0,2,CRITICAL,999.0,0.0,10,680.9
CASE9_0638_LINE_6_7,CASE9,638,8,"9,4,2,3,7,5,6,8",4,6,7,1,2,CRITICAL,217.3,0.771,7,680.9
CASE9_0638_LINE_7_8,CASE9,638,8,"9,4,2,3,7,5,6,8",5,7,8,1,2,CRITICAL,213.7,0.828,6,680.9
CASE9_0638_LINE_8_2,CASE9,638,8,"9,4,2,3,7,5,6,8",6,8,2,0,2,CRITICAL,999.0,0.0,10,680.9
CASE9_0638_LINE_8_9,CASE9,638,8,"9,4,2,3,7,5,6,8",7,8,9,0,2,CRITICAL,999.0,0.0,10,680.9
CASE9_0638_LINE_9_4,CASE9,638,8,"9,4,2,3,7,5,6,8",8,9,4,0,2,CRITICAL,999.0,0.0,10,680.9
CASE9_0639_LINE_1_4,CASE9,639,3,"2,4,9",0,1,4,0,2,CRITICAL,999.0,0.0,10,561.9
CASE9_0639_LINE_4_5,CASE9,639,3,"2,4,9",1,4,5,1,2,CRITICAL,150.5,0.844,4,561.9
CASE9_0639_LINE_5_6,CASE9,639,3,"2,4,9",2,5,6,1,2,CRITICAL,146.6,0.862,3,561.9
CASE9_0639_LINE_3_6,CASE9,639,3,"2,4,9",3,3,6,0,2,CRITICAL,999.0,0.0,10,561.9
CASE9_0639_LINE_6_7,CASE9,639,3,"2,4,9",4,6,7,1,2,CRITICAL,147.6,0.844,2,561.9
CASE9_0639_LINE_7_8,CASE9,639,3,"2,4,9",5,7,8,1,2,CRITICAL,139.5,0.882,2,561.9
CASE9_0639_LINE_8_2,CASE9,639,3,"2,4,9",6,8,2,0,2,CRITICAL,999.0,0.0,10,561.9
CASE9_0639_LINE_8_9,CASE9,639,3,"2,4,9",7,8,9,1,2,CRITICAL,170.5,0.689,4,561.9
CASE9_0639_LINE_9_4,CASE9,639,3,"2,4,9",8,9,4,0,2,CRITICAL,999.0,0.0,10,561.9
CASE9_0640_LINE_1_4,CASE9,640,6,"8,3,6,4,5,9",0,1,4,0,2,CRITICAL,999.0,0.0,10,610.0
CASE9_0640_LINE_4_5,CASE9,640,6,"8,3,6,4,5,9",1,4,5,0,2,CRITICAL,999.0,0.0,10,610.0
CASE9_0640_LINE_5_6,CASE9,640,6,"8,3,6,4,5,9",2,5,6,1,2,CRITICAL,173.2,0.789,3,610.0
CASE9_0640_LINE_3_6,CASE9,640,6,"8,3,6,4,5,9",3,3,6,0,2,CRITICAL,999.0,0.0,10,610.0
CASE9_0640_LINE_6_7,CASE9,640,6,"8,3,6,4,5,9",4,6,7,1,2,CRITICAL,161.6,0.89,2,610.0
CASE9_0640_LINE_7_8,CASE9,640,6,"8,3,6,4,5,9",5,7,8,0,2,CRITICAL,999.0,0.0,10,610.0
CASE9_0640_LINE_8_2,CASE9,640,6,"8,3,6,4,5,9",6,8,2,0,2,CRITICAL,999.0,0.0,10,610.0
CASE9_0640_LINE_8_9,CASE9,640,6,"8,3,6,4,5,9",7,8,9,1,2,CRITICAL,169.3,0.843,3,610.0
CASE9_0640_LINE_9_4,CASE9,640,6,"8,3,6,4,5,9",8,9,4,0,2,CRITICAL,999.0,0.0,10,610.0
CASE9_0621_LINE_1_4,CASE9,621,6,"3,8,9,6,2,4",0,1,4,0,2,CRITICAL,999.0,0.0,10,629.9
CASE9_0621_LINE_4_5,CASE9,621,6,"3,8,9,6,2,4",1,4,5,0,2,CRITICAL,999.0,0.0,10,629.9
CASE9_0621_LINE_5_6,CASE9,621,6,"3,8,9,6,2,4",2,5,6,1,2,CRITICAL,182.9,0.853,3,629.9
CASE9_0621_LINE_3_6,CASE9,621,6,"3,8,9,6,2,4",3,3,6,0,2,CRITICAL,999.0,0.0,10,629.9
CASE9_0621_LINE_6_7,CASE9,621,6,"3,8,9,6,2,4",4,6,7,1,2,CRITICAL,169.2,0.901,1,629.9
CASE9_0621_LINE_7_8,CASE9,621,6,"3,8,9,6,2,4",5,7,8,0,2,CRITICAL,999.0,0.0,10,629.9
CASE9_0621_LINE_8_2,CASE9,621,6,"3,8,9,6,2,4",6,8,2,0,2,CRITICAL,999.0,0.0,10,629.9
CASE9_0621_LINE_8_9,CASE9,621,6,"3,8,9,6,2,4",7,8,9,1,2,CRITICAL,180.7,0.819,3,629.9
CASE9_0621_LINE_9_4,CASE9,621,6,"3,8,9,6,2,4",8,9,4,0,2,CRITICAL,999.0,0.0,10,629.9
CASE9_0622_LINE_1_4,CASE9,622,6,"4,9,2,6,8,7",0,1,4,0,2,CRITICAL,999.0,0.0,10,706.8
CASE9_0622_LINE_4_5,CASE9,622,6,"4,9,2,6,8,7",1,4,5,0,2,CRITICAL,999.0,0.0,10,706.8
CASE9_0622_LINE_5_6,CASE9,622,6,"4,9,2,6,8,7",2,5,6,1,2,CRITICAL,236.5,0.777,5,706.8
CASE9_0622_LINE_3_6,CASE9,622,6,"4,9,2,6,8,7",3,3,6,0,2,CRITICAL,999.0,0.0,10,706.8
CASE9_0622_LINE_6_7,CASE9,622,6,"4,9,2,6,8,7",4,6,7,0,2,CRITICAL,999.0,0.0,10,706.8
CASE9_0622_LINE_7_8,CASE9,622,6,"4,9,2,6,8,7",5,7,8,1,2,CRITICAL,210.2,0.87,4,706.8
CASE9_0622_LINE_8_2,CASE9,622,6,"4,9,2,6,8,7",6,8,2,0,2,CRITICAL,999.0,0.0,10,706.8
CASE9_0622_LINE_8_9,CASE9,622,6,"4,9,2,6,8,7",7,8,9,1,2,CRITICAL,236.8,0.733,5,706.8
CASE9_0622_LINE_9_4,CASE9,622,6,"4,9,2,6,8,7",8,9,4,0,2,CRITICAL,999.0,0.0,10,706.8
CASE9_0623_LINE_1_4,CASE9,623,8,"5,8,6,9,3,2,4,7",0,1,4,0,2,CRITICAL,999.0,0.0,10,585.4
CASE9_0623_LINE_4_5,CASE9,623,8,"5,8,6,9,3,2,4,7",1,4,5,0,2,CRITICAL,999.0,0.0,10,585.4
CASE9_0623_LINE_5_6,CASE9,623,8,"5,8,6,9,3,2,4,7",2,5,6,1,2,CRITICAL,156.7,0.847,2,585.4
CASE9_0623_LINE_3_6,CASE9,623,8,"5,8,6,9,3,2,4,7",3,3,6,0,2,CRITICAL,999.0,0.0,10,585.4
CASE9_0623_LINE_6_7,CASE9,623,8,"5,8,6,9,3,2,4,7",4,6,7,1,2,CRITICAL,147.8,0.88,2,585.4
CASE9_0623_LINE_7_8,CASE9,623,8,"5,8,6,9,3,2,4,7",5,7,8,0,2,CRITICAL,999.0,0.0,10,585.4
CASE9_0623_LINE_8_2,CASE9,623,8,"5,8,6,9,3,2,4,7",6,8,2,0,2,CRITICAL,999.0,0.0,10,585.4
CASE9_0623_LINE_8_9,CASE9,623,8,"5,8,6,9,3,2,4,7",7,8,9,1,2,CRITICAL,156.8,0.879,3,585.4
CASE9_0623_LINE_9_4,CASE9,623,8,"5,8,6,9,3,2,4,7",8,9,4,0,2,CRITICAL,999.0,0.0,10,585.4
CASE9_0624_LINE_1_4,CASE9,624,8,"3,5,7,8,9,2,4,6",0,1,4,0,2,CRITICAL,999.0,0.0,10,728.9
CASE9_0624_LINE_4_5,CASE9,624,8,"3,5,7,8,9,2,4,6",1,4,5,0,2,CRITICAL,999.0,0.0,10,728.9
CASE9_0624_LINE_5_6,CASE9,624,8,"3,5,7,8,9,2,4,6",2,5,6,0,2,CRITICAL,999.0,0.0,10,728.9
CASE9_0624_LINE_3_6,CASE9,624,8,"3,5,7,8,9,2,4,6",3,3,6,0,2,CRITICAL,999.0,0.0,10,728.9
CASE9_0624_LINE_6_7,CASE9,624,8,"3,5,7,8,9,2,4,6",4,6,7,1,2,CRITICAL,233.3,0.818,4,728.9
CASE9_0624_LINE_7_8,CASE9,624,8,"3,5,7,8,9,2,4,6",5,7,8,1,2,CRITICAL,249.1,0.772,6,728.9
CASE9_0624_LINE_8_2,CASE9,624,8,"3,5,7,8,9,2,4,6",6,8,2,0,2,CRITICAL,999.0,0.0,10,728.9
CASE9_0624_LINE_8_9,CASE9,624,8,"3,5,7,8,9,2,4,6",7,8,9,0,2,CRITICAL,999.0,0.0,10,728.9
CASE9_0624_LINE_9_4,CASE9,624,8,"3,5,7,8,9,2,4,6",8,9,4,0,2,CRITICAL,999.0,0.0,10,728.9
CASE9_0625_LINE_1_4,CASE9,625,8,"2,6,8,7,3,4,5,9",0,1,4,0,2,CRITICAL,999.0,0.0,10,647.1
CASE9_0625_LINE_4_5,CASE9,625,8,"2,6,8,7,3,4,5,9",1,4,5,0,2,CRITICAL,999.0,0.0,10,647.1
CASE9_0625_LINE_5_6,CASE9,625,8,"2,6,8,7,3,4,5,9",2,5,6,1,2,CRITICAL,199.1,0.79,4,647.1
CASE9_0625_LINE_3_6,CASE9,625,8,"2,6,8,7,3,4,5,9",3,3,6,0,2,CRITICAL,999.0,0.0,10,647.1
CASE9_0625_LINE_6_7,CASE9,625,8,"2,6,8,7,3,4,5,9",4,6,7,1,2,CRITICAL,183.7,0.832,4,647.1
CASE9_0625_LINE_7_8,CASE9,625,8,"2,6,8,7,3,4,5,9",5,7,8,0,2,CRITICAL,999.0,0.0,10,647.1
CASE9_0625_LINE_8_2,CASE9,625,8,"2,6,8,7,3,4,5,9",6,8,2,0,2,CRITICAL,999.0,0.0,10,647.1
CASE9_0625_LINE_8_9,CASE9,625,8,"2,6,8,7,3,4,5,9",7,8,9,1,2,CRITICAL,208.1,0.794,5,647.1
CASE9_0625_LINE_9_4,CASE9,625,8,"2,6,8,7,3,4,5,9",8,9,4,0,2,CRITICAL,999.0,0.0,10,647.1
CASE9_0641_LINE_1_4,CASE9,641,2,"8,5",0,1,4,0,2,CRITICAL,999.0,0.0,10,366.7
CASE9_0641_LINE_4_5,CASE9,641,2,"8,5",1,4,5,1,2,CRITICAL,86.4,0.811,1,366.7
CASE9_0641_LINE_5_6,CASE9,641,2,"8,5",2,5,6,1,2,CRITICAL,65.6,0.885,1,366.7
CASE9_0641_LINE_3_6,CASE9,641,2,"8,5",3,3,6,0,2,CRITICAL,999.0,0.0,10,366.7
CASE9_0641_LINE_6_7,CASE9,641,2,"8,5",4,6,7,1,1,ALERT,66.3,0.941,0,366.7
CASE9_0641_LINE_7_8,CASE9,641,2,"8,5",5,7,8,1,1,ALERT,70.2,0.93,0,366.7
CASE9_0641_LINE_8_2,CASE9,641,2,"8,5",6,8,2,0,2,CRITICAL,999.0,0.0,10,366.7
CASE9_0641_LINE_8_9,CASE9,641,2,"8,5",7,8,9,1,2,CRITICAL,80.5,0.89,1,366.7
CASE9_0641_LINE_9_4,CASE9,641,2,"8,5",8,9,4,1,2,CRITICAL,70.9,0.783,1,366.7
CASE9_0642_LINE_1_4,CASE9,642,3,"6,8,9",0,1,4,0,2,CRITICAL,999.0,0.0,10,524.0
CASE9_0642_LINE_4_5,CASE9,642,3,"6,8,9",1,4,5,1,2,CRITICAL,140.4,0.821,4,524.0
CASE9_0642_LINE_5_6,CASE9,642,3,"6,8,9",2,5,6,1,2,CRITICAL,127.1,0.871,3,524.0
CASE9_0642_LINE_3_6,CASE9,642,3,"6,8,9",3,3,6,0,2,CRITICAL,999.0,0.0,10,524.0
CASE9_0642_LINE_6_7,CASE9,642,3,"6,8,9",4,6,7,1,2,CRITICAL,121.7,0.88,2,524.0
CASE9_0642_LINE_7_8,CASE9,642,3,"6,8,9",5,7,8,1,2,CRITICAL,131.6,0.87,3,524.0
CASE9_0642_LINE_8_2,CASE9,642,3,"6,8,9",6,8,2,0,2,CRITICAL,999.0,0.0,10,524.0
CASE9_0642_LINE_8_9,CASE9,642,3,"6,8,9",7,8,9,1,2,CRITICAL,141.6,0.745,3,524.0
CASE9_0642_LINE_9_4,CASE9,642,3,"6,8,9",8,9,4,0,2,CRITICAL,999.0,0.0,10,524.0
CASE9_0643_LINE_1_4,CASE9,643,1,2,0,1,4,0,2,CRITICAL,999.0,0.0,10,356.5
CASE9_0643_LINE_4_5,CASE9,643,1,2,1,4,5,1,1,ALERT,63.2,0.907,0,356.5
CASE9_0643_LINE_5_6,CASE9,643,1,2,2,5,6,1,1,ALERT,56.7,0.926,0,356.5
CASE9_0643_LINE_3_6,CASE9,643,1,2,3,3,6,0,2,CRITICAL,999.0,0.0,10,356.5
CASE9_0643_LINE_6_7,CASE9,643,1,2,4,6,7,1,1,ALERT,55.3,0.946,0,356.5
CASE9_0643_LINE_7_8,CASE9,643,1,2,5,7,8,1,1,ALERT,70.1,0.938,0,356.5
CASE9_0643_LINE_8_2,CASE9,643,1,2,6,8,2,0,2,CRITICAL,999.0,0.0,10,356.5
CASE9_0643_LINE_8_9,CASE9,643,1,2,7,8,9,1,1,ALERT,67.5,0.901,0,356.5
CASE9_0643_LINE_9_4,CASE9,643,1,2,8,9,4,1,2,CRITICAL,77.2,0.789,1,356.5
CASE9_0644_LINE_1_4,CASE9,644,4,"2,3,9,4",0,1,4,0,2,CRITICAL,999.0,0.0,10,507.3
CASE9_0644_LINE_4_5,CASE9,644,4,"2,3,9,4",1,4,5,1,2,CRITICAL,117.5,0.895,2,507.3
CASE9_0644_LINE_5_6,CASE9,644,4,"2,3,9,4",2,5,6,1,2,CRITICAL,112.2,0.914,1,507.3
CASE9_0644_LINE_3_6,CASE9,644,4,"2,3,9,4",3,3,6,0,2,CRITICAL,999.0,0.0,10,507.3
CASE9_0644_LINE_6_7,CASE9,644,4,"2,3,9,4",4,6,7,1,2,CRITICAL,110.4,0.929,1,507.3
CASE9_0644_LINE_7_8,CASE9,644,4,"2,3,9,4",5,7,8,1,2,CRITICAL,111.4,0.927,1,507.3
CASE9_0644_LINE_8_2,CASE9,644,4,"2,3,9,4",6,8,2,0,2,CRITICAL,999.0,0.0,10,507.3
CASE9_0644_LINE_8_9,CASE9,644,4,"2,3,9,4",7,8,9,1,2,CRITICAL,114.1,0.875,2,507.3
CASE9_0644_LINE_9_4,CASE9,644,4,"2,3,9,4",8,9,4,0,2,CRITICAL,999.0,0.0,10,507.3
CASE9_0645_LINE_1_4,CASE9,645,6,"8,2,7,9,4,3",0,1,4,0,2,CRITICAL,999.0,0.0,10,678.9
CASE9_0645_LINE_4_5,CASE9,645,6,"8,2,7,9,4,3",1,4,5,0,2,CRITICAL,999.0,0.0,10,678.9
CASE9_0645_LINE_5_6,CASE9,645,6,"8,2,7,9,4,3",2,5,6,0,2,CRITICAL,999.0,0.0,10,678.9
CASE9_0645_LINE_3_6,CASE9,645,6,"8,2,7,9,4,3",3,3,6,0,2,CRITICAL,999.0,0.0,10,678.9
CASE9_0645_LINE_6_7,CASE9,645,6,"8,2,7,9,4,3",4,6,7,0,2,CRITICAL,999.0,0.0,10,678.9
CASE9_0645_LINE_7_8,CASE9,645,6,"8,2,7,9,4,3",5,7,8,0,2,CRITICAL,999.0,0.0,10,678.9
CASE9_0645_LINE_8_2,CASE9,645,6,"8,2,7,9,4,3",6,8,2,0,2,CRITICAL,999.0,0.0,10,678.9
CASE9_0645_LINE_8_9,CASE9,645,6,"8,2,7,9,4,3",7,8,9,0,2,CRITICAL,999.0,0.0,10,678.9
CASE9_0645_LINE_9_4,CASE9,645,6,"8,2,7,9,4,3",8,9,4,0,2,CRITICAL,999.0,0.0,10,678.9
CASE9_0646_LINE_1_4,CASE9,646,3,"2,4,3",0,1,4,0,2,CRITICAL,999.0,0.0,10,561.6
CASE9_0646_LINE_4_5,CASE9,646,3,"2,4,3",1,4,5,1,2,CRITICAL,147.3,0.881,3,561.6
CASE9_0646_LINE_5_6,CASE9,646,3,"2,4,3",2,5,6,1,2,CRITICAL,138.8,0.894,2,561.6
CASE9_0646_LINE_3_6,CASE9,646,3,"2,4,3",3,3,6,0,2,CRITICAL,999.0,0.0,10,561.6
CASE9_0646_LINE_6_7,CASE9,646,3,"2,4,3",4,6,7,1,2,CRITICAL,133.6,0.934,1,561.6
CASE9_0646_LINE_7_8,CASE9,646,3,"2,4,3",5,7,8,1,2,CRITICAL,144.7,0.903,1,561.6
CASE9_0646_LINE_8_2,CASE9,646,3,"2,4,3",6,8,2,0,2,CRITICAL,999.0,0.0,10,561.6
CASE9_0646_LINE_8_9,CASE9,646,3,"2,4,3",7,8,9,1,2,CRITICAL,140.0,0.871,2,561.6
CASE9_0646_LINE_9_4,CASE9,646,3,"2,4,3",8,9,4,1,2,CRITICAL,152.8,0.765,5,561.6
CASE9_0647_LINE_1_4,CASE9,647,6,"7,8,4,9,6,3",0,1,4,0,2,CRITICAL,999.0,0.0,10,524.2
CASE9_0647_LINE_4_5,CASE9,647,6,"7,8,4,9,6,3",1,4,5,1,2,CRITICAL,138.5,0.842,5,524.2
CASE9_0647_LINE_5_6,CASE9,647,6,"7,8,4,9,6,3",2,5,6,1,2,CRITICAL,122.9,0.901,1,524.2
CASE9_0647_LINE_3_6,CASE9,647,6,"7,8,4,9,6,3",3,3,6,0,2,CRITICAL,999.0,0.0,10,524.2
CASE9_0647_LINE_6_7,CASE9,647,6,"7,8,4,9,6,3",4,6,7,1,2,CRITICAL,118.5,0.916,1,524.2
CASE9_0647_LINE_7_8,CASE9,647,6,"7,8,4,9,6,3",5,7,8,1,2,CRITICAL,134.8,0.864,4,524.2
CASE9_0647_LINE_8_2,CASE9,647,6,"7,8,4,9,6,3",6,8,2,0,2,CRITICAL,999.0,0.0,10,524.2
CASE9_0647_LINE_8_9,CASE9,647,6,"7,8,4,9,6,3",7,8,9,1,2,CRITICAL,125.7,0.846,2,524.2
CASE9_0647_LINE_9_4,CASE9,647,6,"7,8,4,9,6,3",8,9,4,0,2,CRITICAL,999.0,0.0,10,524.2
CASE9_0648_LINE_1_4,CASE9,648,3,"6,3,9",0,1,4,0,2,CRITICAL,999.0,0.0,10,487.9
CASE9_0648_LINE_4_5,CASE9,648,3,"6,3,9",1,4,5,1,2,CRITICAL,121.7,0.829,7,487.9
CASE9_0648_LINE_5_6,CASE9,648,3,"6,3,9",2,5,6,1,2,CRITICAL,105.2,0.917,1,487.9
CASE9_0648_LINE_3_6,CASE9,648,3,"6,3,9",3,3,6,0,2,CRITICAL,999.0,0.0,10,487.9
CASE9_0648_LINE_6_7,CASE9,648,3,"6,3,9",4,6,7,1,2,CRITICAL,104.1,0.937,1,487.9
CASE9_0648_LINE_7_8,CASE9,648,3,"6,3,9",5,7,8,1,2,CRITICAL,155.0,0.754,8,487.9
CASE9_0648_LINE_8_2,CASE9,648,3,"6,3,9",6,8,2,0,2,CRITICAL,999.0,0.0,10,487.9
CASE9_0648_LINE_8_9,CASE9,648,3,"6,3,9",7,8,9,1,2,CRITICAL,106.3,0.884,2,487.9
CASE9_0648_LINE_9_4,CASE9,648,3,"6,3,9",8,9,4,1,2,CRITICAL,127.6,0.671,6,487.9
CASE9_0649_LINE_1_4,CASE9,649,6,"5,8,2,3,7,6",0,1,4,0,2,CRITICAL,999.0,0.0,10,714.8
CASE9_0649_LINE_4_5,CASE9,649,6,"5,8,2,3,7,6",1,4,5,0,2,CRITICAL,999.0,0.0,10,714.8
CASE9_0649_LINE_5_6,CASE9,649,6,"5,8,2,3,7,6",2,5,6,0,2,CRITICAL,999.0,0.0,10,714.8
CASE9_0649_LINE_3_6,CASE9,649,6,"5,8,2,3,7,6",3,3,6,0,2,CRITICAL,999.0,0.0,10,714.8
CASE9_0649_LINE_6_7,CASE9,649,6,"5,8,2,3,7,6",4,6,7,1,2,CRITICAL,234.9,0.798,6,714.8
CASE9_0649_LINE_7_8,CASE9,649,6,"5,8,2,3,7,6",5,7,8,0,2,CRITICAL,999.0,0.0,10,714.8
CASE9_0649_LINE_8_2,CASE9,649,6,"5,8,2,3,7,6",6,8,2,0,2,CRITICAL,999.0,0.0,10,714.8
CASE9_0649_LINE_8_9,CASE9,649,6,"5,8,2,3,7,6",7,8,9,0,2,CRITICAL,999.0,0.0,10,714.8
CASE9_0649_LINE_9_4,CASE9,649,6,"5,8,2,3,7,6",8,9,4,0,2,CRITICAL,999.0,0.0,10,714.8
CASE9_0650_LINE_1_4,CASE9,650,6,"7,5,3,2,9,6",0,1,4,0,2,CRITICAL,999.0,0.0,10,459.0
CASE9_0650_LINE_4_5,CASE9,650,6,"7,5,3,2,9,6",1,4,5,1,2,CRITICAL,101.9,0.774,2,459.0
CASE9_0650_LINE_5_6,CASE9,650,6,"7,5,3,2,9,6",2,5,6,1,1,ALERT,91.7,0.901,0,459.0
CASE9_0650_LINE_3_6,CASE9,650,6,"7,5,3,2,9,6",3,3,6,0,2,CRITICAL,999.0,0.0,10,459.0
CASE9_0650_LINE_6_7,CASE9,650,6,"7,5,3,2,9,6",4,6,7,1,0,SAFE,88.5,0.953,0,459.0
CASE9_0650_LINE_7_8,CASE9,650,6,"7,5,3,2,9,6",5,7,8,1,1,ALERT,97.5,0.914,0,459.0
CASE9_0650_LINE_8_2,CASE9,650,6,"7,5,3,2,9,6",6,8,2,0,2,CRITICAL,999.0,0.0,10,459.0
CASE9_0650_LINE_8_9,CASE9,650,6,"7,5,3,2,9,6",7,8,9,1,1,ALERT,91.7,0.909,0,459.0
CASE9_0650_LINE_9_4,CASE9,650,6,"7,5,3,2,9,6",8,9,4,1,2,CRITICAL,97.4,0.818,1,459.0
CASE9_0651_LINE_1_4,CASE9,651,6,"3,6,9,7,5,8",0,1,4,0,2,CRITICAL,999.0,0.0,10,539.9
CASE9_0651_LINE_4_5,CASE9,651,6,"3,6,9,7,5,8",1,4,5,1,2,CRITICAL,163.4,0.774,7,539.9
CASE9_0651_LINE_5_6,CASE9,651,6,"3,6,9,7,5,8",2,5,6,1,2,CRITICAL,132.8,0.886,3,539.9
CASE9_0651_LINE_3_6,CASE9,651,6,"3,6,9,7,5,8",3,3,6,0,2,CRITICAL,999.0,0.0,10,539.9
CASE9_0651_LINE_6_7,CASE9,651,6,"3,6,9,7,5,8",4,6,7,1,2,CRITICAL,127.6,0.885,3,539.9
CASE9_0651_LINE_7_8,CASE9,651,6,"3,6,9,7,5,8",5,7,8,1,2,CRITICAL,150.9,0.811,8,539.9
CASE9_0651_LINE_8_2,CASE9,651,6,"3,6,9,7,5,8",6,8,2,0,2,CRITICAL,999.0,0.0,10,539.9
CASE9_0651_LINE_8_9,CASE9,651,6,"3,6,9,7,5,8",7,8,9,1,2,CRITICAL,135.9,0.82,2,539.9
CASE9_0651_LINE_9_4,CASE9,651,6,"3,6,9,7,5,8",8,9,4,0,2,CRITICAL,999.0,0.0,10,539.9
CASE9_0652_LINE_1_4,CASE9,652,3,"6,3,7",0,1,4,0,2,CRITICAL,999.0,0.0,10,545.6
CASE9_0652_LINE_4_5,CASE9,652,3,"6,3,7",1,4,5,0,2,CRITICAL,999.0,0.0,10,545.6
CASE9_0652_LINE_5_6,CASE9,652,3,"6,3,7",2,5,6,1,2,CRITICAL,138.1,0.895,3,545.6
CASE9_0652_LINE_3_6,CASE9,652,3,"6,3,7",3,3,6,0,2,CRITICAL,999.0,0.0,10,545.6
CASE9_0652_LINE_6_7,CASE9,652,3,"6,3,7",4,6,7,1,2,CRITICAL,131.5,0.9,2,545.6
CASE9_0652_LINE_7_8,CASE9,652,3,"6,3,7",5,7,8,0,2,CRITICAL,999.0,0.0,10,545.6
CASE9_0652_LINE_8_2,CASE9,652,3,"6,3,7",6,8,2,0,2,CRITICAL,999.0,0.0,10,545.6
CASE9_0652_LINE_8_9,CASE9,652,3,"6,3,7",7,8,9,1,2,CRITICAL,134.9,0.883,2,545.6
CASE9_0652_LINE_9_4,CASE9,652,3,"6,3,7",8,9,4,0,2,CRITICAL,999.0,0.0,10,545.6
CASE9_0653_LINE_1_4,CASE9,653,2,"3,5",0,1,4,0,2,CRITICAL,999.0,0.0,10,475.5
CASE9_0653_LINE_4_5,CASE9,653,2,"3,5",1,4,5,0,2,CRITICAL,999.0,0.0,10,475.5
CASE9_0653_LINE_5_6,CASE9,653,2,"3,5",2,5,6,1,2,CRITICAL,107.1,0.838,2,475.5
CASE9_0653_LINE_3_6,CASE9,653,2,"3,5",3,3,6,0,2,CRITICAL,999.0,0.0,10,475.5
CASE9_0653_LINE_6_7,CASE9,653,2,"3,5",4,6,7,1,1,ALERT,99.0,0.926,0,475.5
CASE9_0653_LINE_7_8,CASE9,653,2,"3,5",5,7,8,1,2,CRITICAL,125.0,0.831,5,475.5
CASE9_0653_LINE_8_2,CASE9,653,2,"3,5",6,8,2,0,2,CRITICAL,999.0,0.0,10,475.5
CASE9_0653_LINE_8_9,CASE9,653,2,"3,5",7,8,9,1,2,CRITICAL,104.0,0.885,2,475.5
CASE9_0653_LINE_9_4,CASE9,653,2,"3,5",8,9,4,1,2,CRITICAL,107.5,0.779,4,475.5
CASE9_0654_LINE_1_4,CASE9,654,2,"7,4",0,1,4,0,2,CRITICAL,999.0,0.0,10,402.1
CASE9_0654_LINE_4_5,CASE9,654,2,"7,4",1,4,5,1,1,ALERT,67.6,0.909,0,402.1
CASE9_0654_LINE_5_6,CASE9,654,2,"7,4",2,5,6,1,2,CRITICAL,78.5,0.899,1,402.1
CASE9_0654_LINE_3_6,CASE9,654,2,"7,4",3,3,6,0,2,CRITICAL,999.0,0.0,10,402.1
CASE9_0654_LINE_6_7,CASE9,654,2,"7,4",4,6,7,1,1,ALERT,68.1,0.942,0,402.1
CASE9_0654_LINE_7_8,CASE9,654,2,"7,4",5,7,8,1,1,ALERT,72.2,0.924,0,402.1
CASE9_0654_LINE_8_2,CASE9,654,2,"7,4",6,8,2,0,2,CRITICAL,999.0,0.0,10,402.1
CASE9_0654_LINE_8_9,CASE9,654,2,"7,4",7,8,9,1,2,CRITICAL,99.1,0.868,1,402.1
CASE9_0654_LINE_9_4,CASE9,654,2,"7,4",8,9,4,1,2,CRITICAL,68.7,0.798,1,402.1
CASE9_0655_LINE_1_4,CASE9,655,2,"8,6",0,1,4,0,2,CRITICAL,999.0,0.0,10,431.0
CASE9_0655_LINE_4_5,CASE9,655,2,"8,6",1,4,5,1,2,CRITICAL,81.4,0.886,1,431.0
CASE9_0655_LINE_5_6,CASE9,655,2,"8,6",2,5,6,1,1,ALERT,78.9,0.926,0,431.0
CASE9_0655_LINE_3_6,CASE9,655,2,"8,6",3,3,6,0,2,CRITICAL,999.0,0.0,10,431.0
CASE9_0655_LINE_6_7,CASE9,655,2,"8,6",4,6,7,1,1,ALERT,77.2,0.922,0,431.0
CASE9_0655_LINE_7_8,CASE9,655,2,"8,6",5,7,8,1,1,ALERT,79.7,0.923,0,431.0
CASE9_0655_LINE_8_2,CASE9,655,2,"8,6",6,8,2,0,2,CRITICAL,999.0,0.0,10,431.0
CASE9_0655_LINE_8_9,CASE9,655,2,"8,6",7,8,9,1,1,ALERT,79.5,0.907,0,431.0
CASE9_0655_LINE_9_4,CASE9,655,2,"8,6",8,9,4,1,2,CRITICAL,103.6,0.731,2,431.0
CASE9_0666_LINE_1_4,CASE9,666,6,"2,3,9,6,5,8",0,1,4,0,2,CRITICAL,999.0,0.0,10,499.6
CASE9_0666_LINE_4_5,CASE9,666,6,"2,3,9,6,5,8",1,4,5,0,2,CRITICAL,999.0,0.0,10,499.6
CASE9_0666_LINE_5_6,CASE9,666,6,"2,3,9,6,5,8",2,5,6,1,2,CRITICAL,109.2,0.885,2,499.6
CASE9_0666_LINE_3_6,CASE9,666,6,"2,3,9,6,5,8",3,3,6,0,2,CRITICAL,999.0,0.0,10,499.6
CASE9_0666_LINE_6_7,CASE9,666,6,"2,3,9,6,5,8",4,6,7,1,2,CRITICAL,105.5,0.94,1,499.6
CASE9_0666_LINE_7_8,CASE9,666,6,"2,3,9,6,5,8",5,7,8,1,2,CRITICAL,112.6,0.898,2,499.6
CASE9_0666_LINE_8_2,CASE9,666,6,"2,3,9,6,5,8",6,8,2,0,2,CRITICAL,999.0,0.0,10,499.6
CASE9_0666_LINE_8_9,CASE9,666,6,"2,3,9,6,5,8",7,8,9,1,2,CRITICAL,108.9,0.928,1,499.6
CASE9_0666_LINE_9_4,CASE9,666,6,"2,3,9,6,5,8",8,9,4,1,2,CRITICAL,120.1,0.88,3,499.6
CASE9_0667_LINE_1_4,CASE9,667,1,2,0,1,4,0,2,CRITICAL,999.0,0.0,10,331.8
CASE9_0667_LINE_4_5,CASE9,667,1,2,1,4,5,1,1,ALERT,63.2,0.908,0,331.8
CASE9_0667_LINE_5_6,CASE9,667,1,2,2,5,6,1,1,ALERT,58.7,0.923,0,331.8
CASE9_0667_LINE_3_6,CASE9,667,1,2,3,3,6,0,2,CRITICAL,999.0,0.0,10,331.8
CASE9_0667_LINE_6_7,CASE9,667,1,2,4,6,7,1,1,ALERT,59.3,0.947,0,331.8
CASE9_0667_LINE_7_8,CASE9,667,1,2,5,7,8,1,1,ALERT,70.2,0.937,0,331.8
CASE9_0667_LINE_8_2,CASE9,667,1,2,6,8,2,0,2,CRITICAL,999.0,0.0,10,331.8
CASE9_0667_LINE_8_9,CASE9,667,1,2,7,8,9,1,2,CRITICAL,81.6,0.895,1,331.8
CASE9_0667_LINE_9_4,CASE9,667,1,2,8,9,4,1,2,CRITICAL,63.5,0.793,1,331.8
CASE9_0668_LINE_1_4,CASE9,668,3,"4,6,8",0,1,4,0,2,CRITICAL,999.0,0.0,10,457.5
CASE9_0668_LINE_4_5,CASE9,668,3,"4,6,8",1,4,5,1,2,CRITICAL,94.0,0.875,1,457.5
CASE9_0668_LINE_5_6,CASE9,668,3,"4,6,8",2,5,6,1,1,ALERT,91.3,0.918,0,457.5
CASE9_0668_LINE_3_6,CASE9,668,3,"4,6,8",3,3,6,0,2,CRITICAL,999.0,0.0,10,457.5
CASE9_0668_LINE_6_7,CASE9,668,3,"4,6,8",4,6,7,1,1,ALERT,88.0,0.937,0,457.5
CASE9_0668_LINE_7_8,CASE9,668,3,"4,6,8",5,7,8,1,1,ALERT,98.4,0.901,0,457.5
CASE9_0668_LINE_8_2,CASE9,668,3,"4,6,8",6,8,2,0,2,CRITICAL,999.0,0.0,10,457.5
CASE9_0668_LINE_8_9,CASE9,668,3,"4,6,8",7,8,9,1,2,CRITICAL,93.2,0.894,1,457.5
CASE9_0668_LINE_9_4,CASE9,668,3,"4,6,8",8,9,4,1,2,CRITICAL,95.8,0.764,1,457.5
CASE9_0669_LINE_1_4,CASE9,669,8,"3,5,9,8,7,4,6,2",0,1,4,0,2,CRITICAL,999.0,0.0,10,721.1
CASE9_0669_LINE_4_5,CASE9,669,8,"3,5,9,8,7,4,6,2",1,4,5,0,2,CRITICAL,999.0,0.0,10,721.1
CASE9_0669_LINE_5_6,CASE9,669,8,"3,5,9,8,7,4,6,2",2,5,6,0,2,CRITICAL,999.0,0.0,10,721.1
CASE9_0669_LINE_3_6,CASE9,669,8,"3,5,9,8,7,4,6,2",3,3,6,0,2,CRITICAL,999.0,0.0,10,721.1
CASE9_0669_LINE_6_7,CASE9,669,8,"3,5,9,8,7,4,6,2",4,6,7,1,2,CRITICAL,251.4,0.732,7,721.1
CASE9_0669_LINE_7_8,CASE9,669,8,"3,5,9,8,7,4,6,2",5,7,8,0,2,CRITICAL,999.0,0.0,10,721.1
CASE9_0669_LINE_8_2,CASE9,669,8,"3,5,9,8,7,4,6,2",6,8,2,0,2,CRITICAL,999.0,0.0,10,721.1
CASE9_0669_LINE_8_9,CASE9,669,8,"3,5,9,8,7,4,6,2",7,8,9,0,2,CRITICAL,999.0,0.0,10,721.1
CASE9_0669_LINE_9_4,CASE9,669,8,"3,5,9,8,7,4,6,2",8,9,4,0,2,CRITICAL,999.0,0.0,10,721.1
CASE9_0670_LINE_1_4,CASE9,670,2,"8,4",0,1,4,0,2,CRITICAL,999.0,0.0,10,460.2
CASE9_0670_LINE_4_5,CASE9,670,2,"8,4",1,4,5,1,2,CRITICAL,93.2,0.899,1,460.2
CASE9_0670_LINE_5_6,CASE9,670,2,"8,4",2,5,6,1,1,ALERT,93.0,0.915,0,460.2
CASE9_0670_LINE_3_6,CASE9,670,2,"8,4",3,3,6,0,2,CRITICAL,999.0,0.0,10,460.2
CASE9_0670_LINE_6_7,CASE9,670,2,"8,4",4,6,7,1,1,ALERT,92.9,0.916,0,460.2
CASE9_0670_LINE_7_8,CASE9,670,2,"8,4",5,7,8,1,1,ALERT,90.1,0.936,0,460.2
CASE9_0670_LINE_8_2,CASE9,670,2,"8,4",6,8,2,0,2,CRITICAL,999.0,0.0,10,460.2
CASE9_0670_LINE_8_9,CASE9,670,2,"8,4",7,8,9,1,2,CRITICAL,93.6,0.895,1,460.2
CASE9_0670_LINE_9_4,CASE9,670,2,"8,4",8,9,4,1,2,CRITICAL,122.3,0.728,2,460.2
CASE9_0656_LINE_1_4,CASE9,656,7,"2,8,4,7,6,3,5",0,1,4,0,2,CRITICAL,999.0,0.0,10,704.2
CASE9_0656_LINE_4_5,CASE9,656,7,"2,8,4,7,6,3,5",1,4,5,0,2,CRITICAL,999.0,0.0,10,704.2
CASE9_0656_LINE_5_6,CASE9,656,7,"2,8,4,7,6,3,5",2,5,6,1,2,CRITICAL,243.2,0.77,6,704.2
CASE9_0656_LINE_3_6,CASE9,656,7,"2,8,4,7,6,3,5",3,3,6,0,2,CRITICAL,999.0,0.0,10,704.2
CASE9_0656_LINE_6_7,CASE9,656,7,"2,8,4,7,6,3,5",4,6,7,1,2,CRITICAL,215.7,0.837,6,704.2
CASE9_0656_LINE_7_8,CASE9,656,7,"2,8,4,7,6,3,5",5,7,8,0,2,CRITICAL,999.0,0.0,10,704.2
CASE9_0656_LINE_8_2,CASE9,656,7,"2,8,4,7,6,3,5",6,8,2,0,2,CRITICAL,999.0,0.0,10,704.2
CASE9_0656_LINE_8_9,CASE9,656,7,"2,8,4,7,6,3,5",7,8,9,1,2,CRITICAL,252.4,0.752,6,704.2
CASE9_0656_LINE_9_4,CASE9,656,7,"2,8,4,7,6,3,5",8,9,4,0,2,CRITICAL,999.0,0.0,10,704.2
CASE9_0657_LINE_1_4,CASE9,657,5,"5,4,3,9,6",0,1,4,0,2,CRITICAL,999.0,0.0,10,579.6
CASE9_0657_LINE_4_5,CASE9,657,5,"5,4,3,9,6",1,4,5,1,2,CRITICAL,178.9,0.777,7,579.6
CASE9_0657_LINE_5_6,CASE9,657,5,"5,4,3,9,6",2,5,6,1,2,CRITICAL,153.4,0.866,3,579.6
CASE9_0657_LINE_3_6,CASE9,657,5,"5,4,3,9,6",3,3,6,0,2,CRITICAL,999.0,0.0,10,579.6
CASE9_0657_LINE_6_7,CASE9,657,5,"5,4,3,9,6",4,6,7,1,2,CRITICAL,147.1,0.883,2,579.6
CASE9_0657_LINE_7_8,CASE9,657,5,"5,4,3,9,6",5,7,8,1,2,CRITICAL,181.2,0.809,8,579.6
CASE9_0657_LINE_8_2,CASE9,657,5,"5,4,3,9,6",6,8,2,0,2,CRITICAL,999.0,0.0,10,579.6
CASE9_0657_LINE_8_9,CASE9,657,5,"5,4,3,9,6",7,8,9,1,2,CRITICAL,165.8,0.746,4,579.6
CASE9_0657_LINE_9_4,CASE9,657,5,"5,4,3,9,6",8,9,4,0,2,CRITICAL,999.0,0.0,10,579.6
CASE9_0658_LINE_1_4,CASE9,658,1,3,0,1,4,0,2,CRITICAL,999.0,0.0,10,372.9
CASE9_0658_LINE_4_5,CASE9,658,1,3,1,4,5,1,2,CRITICAL,67.1,0.898,1,372.9
CASE9_0658_LINE_5_6,CASE9,658,1,3,2,5,6,1,1,ALERT,65.2,0.928,0,372.9
CASE9_0658_LINE_3_6,CASE9,658,1,3,3,3,6,0,2,CRITICAL,999.0,0.0,10,372.9
CASE9_0658_LINE_6_7,CASE9,658,1,3,4,6,7,1,1,ALERT,65.8,0.947,0,372.9
CASE9_0658_LINE_7_8,CASE9,658,1,3,5,7,8,1,1,ALERT,70.4,0.922,0,372.9
CASE9_0658_LINE_8_2,CASE9,658,1,3,6,8,2,0,2,CRITICAL,999.0,0.0,10,372.9
CASE9_0658_LINE_8_9,CASE9,658,1,3,7,8,9,1,1,ALERT,65.2,0.903,0,372.9
CASE9_0658_LINE_9_4,CASE9,658,1,3,8,9,4,1,2,CRITICAL,69.7,0.791,1,372.9
CASE9_0659_LINE_1_4,CASE9,659,2,"4,8",0,1,4,0,2,CRITICAL,999.0,0.0,10,441.2
CASE9_0659_LINE_4_5,CASE9,659,2,"4,8",1,4,5,1,1,ALERT,83.8,0.9,0,441.2
CASE9_0659_LINE_5_6,CASE9,659,2,"4,8",2,5,6,1,1,ALERT,85.3,0.917,0,441.2
CASE9_0659_LINE_3_6,CASE9,659,2,"4,8",3,3,6,0,2,CRITICAL,999.0,0.0,10,441.2
CASE9_0659_LINE_6_7,CASE9,659,2,"4,8",4,6,7,1,1,ALERT,83.8,0.92,0,441.2
CASE9_0659_LINE_7_8,CASE9,659,2,"4,8",5,7,8,1,1,ALERT,82.7,0.936,0,441.2
CASE9_0659_LINE_8_2,CASE9,659,2,"4,8",6,8,2,0,2,CRITICAL,999.0,0.0,10,441.2
CASE9_0659_LINE_8_9,CASE9,659,2,"4,8",7,8,9,1,2,CRITICAL,86.3,0.896,1,441.2
CASE9_0659_LINE_9_4,CASE9,659,2,"4,8",8,9,4,1,2,CRITICAL,106.8,0.74,2,441.2
CASE9_0660_LINE_1_4,CASE9,660,5,"5,9,4,6,8",0,1,4,0,2,CRITICAL,999.0,0.0,10,543.4
CASE9_0660_LINE_4_5,CASE9,660,5,"5,9,4,6,8",1,4,5,1,2,CRITICAL,146.2,0.822,3,543.4
CASE9_0660_LINE_5_6,CASE9,660,5,"5,9,4,6,8",2,5,6,1,2,CRITICAL,137.3,0.855,3,543.4
CASE9_0660_LINE_3_6,CASE9,660,5,"5,9,4,6,8",3,3,6,0,2,CRITICAL,999.0,0.0,10,543.4
CASE9_0660_LINE_6_7,CASE9,660,5,"5,9,4,6,8",4,6,7,1,2,CRITICAL,131.8,0.864,2,543.4
CASE9_0660_LINE_7_8,CASE9,660,5,"5,9,4,6,8",5,7,8,1,2,CRITICAL,141.0,0.854,3,543.4
CASE9_0660_LINE_8_2,CASE9,660,5,"5,9,4,6,8",6,8,2,0,2,CRITICAL,999.0,0.0,10,543.4
CASE9_0660_LINE_8_9,CASE9,660,5,"5,9,4,6,8",7,8,9,1,2,CRITICAL,171.0,0.645,5,543.4
CASE9_0660_LINE_9_4,CASE9,660,5,"5,9,4,6,8",8,9,4,0,2,CRITICAL,999.0,0.0,10,543.4
CASE9_0661_LINE_1_4,CASE9,661,7,"9,4,5,3,2,8,7",0,1,4,0,2,CRITICAL,999.0,0.0,10,518.1
CASE9_0661_LINE_4_5,CASE9,661,7,"9,4,5,3,2,8,7",1,4,5,1,2,CRITICAL,137.3,0.821,5,518.1
CASE9_0661_LINE_5_6,CASE9,661,7,"9,4,5,3,2,8,7",2,5,6,1,2,CRITICAL,116.8,0.905,1,518.1
CASE9_0661_LINE_3_6,CASE9,661,7,"9,4,5,3,2,8,7",3,3,6,0,2,CRITICAL,999.0,0.0,10,518.1
CASE9_0661_LINE_6_7,CASE9,661,7,"9,4,5,3,2,8,7",4,6,7,1,2,CRITICAL,121.7,0.871,2,518.1
CASE9_0661_LINE_7_8,CASE9,661,7,"9,4,5,3,2,8,7",5,7,8,1,2,CRITICAL,115.6,0.885,2,518.1
CASE9_0661_LINE_8_2,CASE9,661,7,"9,4,5,3,2,8,7",6,8,2,0,2,CRITICAL,999.0,0.0,10,518.1
CASE9_0661_LINE_8_9,CASE9,661,7,"9,4,5,3,2,8,7",7,8,9,1,2,CRITICAL,118.1,0.933,1,518.1
CASE9_0661_LINE_9_4,CASE9,661,7,"9,4,5,3,2,8,7",8,9,4,1,2,CRITICAL,145.6,0.86,7,518.1
CASE9_0662_LINE_1_4,CASE9,662,2,"7,9",0,1,4,0,2,CRITICAL,999.0,0.0,10,333.2
CASE9_0662_LINE_4_5,CASE9,662,2,"7,9",1,4,5,1,1,ALERT,65.4,0.901,0,333.2
CASE9_0662_LINE_5_6,CASE9,662,2,"7,9",2,5,6,1,1,ALERT,65.4,0.928,0,333.2
CASE9_0662_LINE_3_6,CASE9,662,2,"7,9",3,3,6,0,2,CRITICAL,999.0,0.0,10,333.2
CASE9_0662_LINE_6_7,CASE9,662,2,"7,9",4,6,7,1,1,ALERT,67.1,0.919,0,333.2
CASE9_0662_LINE_7_8,CASE9,662,2,"7,9",5,7,8,1,2,CRITICAL,99.1,0.887,1,333.2
CASE9_0662_LINE_8_2,CASE9,662,2,"7,9",6,8,2,0,2,CRITICAL,999.0,0.0,10,333.2
CASE9_0662_LINE_8_9,CASE9,662,2,"7,9",7,8,9,1,1,ALERT,70.4,0.917,0,333.2
CASE9_0662_LINE_9_4,CASE9,662,2,"7,9",8,9,4,1,2,CRITICAL,68.2,0.838,1,333.2
CASE9_0663_LINE_1_4,CASE9,663,7,"8,6,9,7,2,3,5",0,1,4,0,2,CRITICAL,999.0,0.0,10,574.0
CASE9_0663_LINE_4_5,CASE9,663,7,"8,6,9,7,2,3,5",1,4,5,0,2,CRITICAL,999.0,0.0,10,574.0
CASE9_0663_LINE_5_6,CASE9,663,7,"8,6,9,7,2,3,5",2,5,6,1,2,CRITICAL,154.9,0.863,4,574.0
CASE9_0663_LINE_3_6,CASE9,663,7,"8,6,9,7,2,3,5",3,3,6,0,2,CRITICAL,999.0,0.0,10,574.0
CASE9_0663_LINE_6_7,CASE9,663,7,"8,6,9,7,2,3,5",4,6,7,1,2,CRITICAL,155.6,0.834,5,574.0
CASE9_0663_LINE_7_8,CASE9,663,7,"8,6,9,7,2,3,5",5,7,8,1,2,CRITICAL,144.7,0.864,2,574.0
CASE9_0663_LINE_8_2,CASE9,663,7,"8,6,9,7,2,3,5",6,8,2,0,2,CRITICAL,999.0,0.0,10,574.0
CASE9_0663_LINE_8_9,CASE9,663,7,"8,6,9,7,2,3,5",7,8,9,1,2,CRITICAL,154.2,0.869,4,574.0
CASE9_0663_LINE_9_4,CASE9,663,7,"8,6,9,7,2,3,5",8,9,4,0,2,CRITICAL,999.0,0.0,10,574.0
CASE9_0664_LINE_1_4,CASE9,664,7,"5,3,2,4,6,7,9",0,1,4,0,2,CRITICAL,999.0,0.0,10,694.4
CASE9_0664_LINE_4_5,CASE9,664,7,"5,3,2,4,6,7,9",1,4,5,0,2,CRITICAL,999.0,0.0,10,694.4
CASE9_0664_LINE_5_6,CASE9,664,7,"5,3,2,4,6,7,9",2,5,6,0,2,CRITICAL,999.0,0.0,10,694.4
CASE9_0664_LINE_3_6,CASE9,664,7,"5,3,2,4,6,7,9",3,3,6,0,2,CRITICAL,999.0,0.0,10,694.4
CASE9_0664_LINE_6_7,CASE9,664,7,"5,3,2,4,6,7,9",4,6,7,1,2,CRITICAL,208.1,0.819,3,694.4
CASE9_0664_LINE_7_8,CASE9,664,7,"5,3,2,4,6,7,9",5,7,8,0,2,CRITICAL,999.0,0.0,10,694.4
CASE9_0664_LINE_8_2,CASE9,664,7,"5,3,2,4,6,7,9",6,8,2,0,2,CRITICAL,999.0,0.0,10,694.4
CASE9_0664_LINE_8_9,CASE9,664,7,"5,3,2,4,6,7,9",7,8,9,1,2,CRITICAL,229.6,0.726,4,694.4
CASE9_0664_LINE_9_4,CASE9,664,7,"5,3,2,4,6,7,9",8,9,4,0,2,CRITICAL,999.0,0.0,10,694.4
CASE9_0665_LINE_1_4,CASE9,665,7,"7,6,4,5,9,3,8",0,1,4,0,2,CRITICAL,999.0,0.0,10,605.6
CASE9_0665_LINE_4_5,CASE9,665,7,"7,6,4,5,9,3,8",1,4,5,0,2,CRITICAL,999.0,0.0,10,605.6
CASE9_0665_LINE_5_6,CASE9,665,7,"7,6,4,5,9,3,8",2,5,6,1,2,CRITICAL,168.8,0.861,4,605.6
CASE9_0665_LINE_3_6,CASE9,665,7,"7,6,4,5,9,3,8",3,3,6,0,2,CRITICAL,999.0,0.0,10,605.6
CASE9_0665_LINE_6_7,CASE9,665,7,"7,6,4,5,9,3,8",4,6,7,1,2,CRITICAL,161.2,0.806,4,605.6
CASE9_0665_LINE_7_8,CASE9,665,7,"7,6,4,5,9,3,8",5,7,8,0,2,CRITICAL,999.0,0.0,10,605.6
CASE9_0665_LINE_8_2,CASE9,665,7,"7,6,4,5,9,3,8",6,8,2,0,2,CRITICAL,999.0,0.0,10,605.6
CASE9_0665_LINE_8_9,CASE9,665,7,"7,6,4,5,9,3,8",7,8,9,1,2,CRITICAL,167.1,0.856,3,605.6
CASE9_0665_LINE_9_4,CASE9,665,7,"7,6,4,5,9,3,8",8,9,4,0,2,CRITICAL,999.0,0.0,10,605.6
CASE9_0676_LINE_1_4,CASE9,676,8,"3,4,6,7,9,8,2,5",0,1,4,0,2,CRITICAL,999.0,0.0,10,712.8
CASE9_0676_LINE_4_5,CASE9,676,8,"3,4,6,7,9,8,2,5",1,4,5,0,2,CRITICAL,999.0,0.0,10,712.8
CASE9_0676_LINE_5_6,CASE9,676,8,"3,4,6,7,9,8,2,5",2,5,6,1,2,CRITICAL,256.5,0.711,5,712.8
CASE9_0676_LINE_3_6,CASE9,676,8,"3,4,6,7,9,8,2,5",3,3,6,0,2,CRITICAL,999.0,0.0,10,712.8
CASE9_0676_LINE_6_7,CASE9,676,8,"3,4,6,7,9,8,2,5",4,6,7,1,2,CRITICAL,216.7,0.863,3,712.8
CASE9_0676_LINE_7_8,CASE9,676,8,"3,4,6,7,9,8,2,5",5,7,8,0,2,CRITICAL,999.0,0.0,10,712.8
CASE9_0676_LINE_8_2,CASE9,676,8,"3,4,6,7,9,8,2,5",6,8,2,0,2,CRITICAL,999.0,0.0,10,712.8
CASE9_0676_LINE_8_9,CASE9,676,8,"3,4,6,7,9,8,2,5",7,8,9,0,2,CRITICAL,999.0,0.0,10,712.8
CASE9_0676_LINE_9_4,CASE9,676,8,"3,4,6,7,9,8,2,5",8,9,4,0,2,CRITICAL,999.0,0.0,10,712.8
CASE9_0677_LINE_1_4,CASE9,677,2,"5,8",0,1,4,0,2,CRITICAL,999.0,0.0,10,391.9
CASE9_0677_LINE_4_5,CASE9,677,2,"5,8",1,4,5,1,1,ALERT,66.6,0.941,0,391.9
CASE9_0677_LINE_5_6,CASE9,677,2,"5,8",2,5,6,1,1,ALERT,66.4,0.945,0,391.9
CASE9_0677_LINE_3_6,CASE9,677,2,"5,8",3,3,6,0,2,CRITICAL,999.0,0.0,10,391.9
CASE9_0677_LINE_6_7,CASE9,677,2,"5,8",4,6,7,1,1,ALERT,70.8,0.914,0,391.9
CASE9_0677_LINE_7_8,CASE9,677,2,"5,8",5,7,8,1,1,ALERT,70.1,0.941,0,391.9
CASE9_0677_LINE_8_2,CASE9,677,2,"5,8",6,8,2,0,2,CRITICAL,999.0,0.0,10,391.9
CASE9_0677_LINE_8_9,CASE9,677,2,"5,8",7,8,9,1,1,ALERT,66.2,0.911,0,391.9
CASE9_0677_LINE_9_4,CASE9,677,2,"5,8",8,9,4,1,2,CRITICAL,119.3,0.723,2,391.9
CASE9_0678_LINE_1_4,CASE9,678,7,"4,5,8,2,3,7,9",0,1,4,0,2,CRITICAL,999.0,0.0,10,668.0
CASE9_0678_LINE_4_5,CASE9,678,7,"4,5,8,2,3,7,9",1,4,5,0,2,CRITICAL,999.0,0.0,10,668.0
CASE9_0678_LINE_5_6,CASE9,678,7,"4,5,8,2,3,7,9",2,5,6,1,2,CRITICAL,203.6,0.801,4,668.0
CASE9_0678_LINE_3_6,CASE9,678,7,"4,5,8,2,3,7,9",3,3,6,0,2,CRITICAL,999.0,0.0,10,668.0
CASE9_0678_LINE_6_7,CASE9,678,7,"4,5,8,2,3,7,9",4,6,7,1,2,CRITICAL,190.7,0.852,3,668.0
CASE9_0678_LINE_7_8,CASE9,678,7,"4,5,8,2,3,7,9",5,7,8,0,2,CRITICAL,999.0,0.0,10,668.0
CASE9_0678_LINE_8_2,CASE9,678,7,"4,5,8,2,3,7,9",6,8,2,0,2,CRITICAL,999.0,0.0,10,668.0
CASE9_0678_LINE_8_9,CASE9,678,7,"4,5,8,2,3,7,9",7,8,9,1,2,CRITICAL,202.8,0.812,4,668.0
CASE9_0678_LINE_9_4,CASE9,678,7,"4,5,8,2,3,7,9",8,9,4,0,2,CRITICAL,999.0,0.0,10,668.0
CASE9_0679_LINE_1_4,CASE9,679,1,8,0,1,4,0,2,CRITICAL,999.0,0.0,10,384.3
CASE9_0679_LINE_4_5,CASE9,679,1,8,1,4,5,1,1,ALERT,65.9,0.903,0,384.3
CASE9_0679_LINE_5_6,CASE9,679,1,8,2,5,6,1,1,ALERT,65.7,0.927,0,384.3
CASE9_0679_LINE_3_6,CASE9,679,1,8,3,3,6,0,2,CRITICAL,999.0,0.0,10,384.3
CASE9_0679_LINE_6_7,CASE9,679,1,8,4,6,7,1,1,ALERT,67.8,0.93,0,384.3
CASE9_0679_LINE_7_8,CASE9,679,1,8,5,7,8,1,1,ALERT,70.1,0.938,0,384.3
CASE9_0679_LINE_8_2,CASE9,679,1,8,6,8,2,0,2,CRITICAL,999.0,0.0,10,384.3
CASE9_0679_LINE_8_9,CASE9,679,1,8,7,8,9,1,1,ALERT,65.5,0.905,0,384.3
CASE9_0679_LINE_9_4,CASE9,679,1,8,8,9,4,1,2,CRITICAL,97.8,0.757,1,384.3
CASE9_0680_LINE_1_4,CASE9,680,3,"2,7,4",0,1,4,0,2,CRITICAL,999.0,0.0,10,529.2
CASE9_0680_LINE_4_5,CASE9,680,3,"2,7,4",1,4,5,1,2,CRITICAL,128.1,0.889,2,529.2
CASE9_0680_LINE_5_6,CASE9,680,3,"2,7,4",2,5,6,1,2,CRITICAL,122.6,0.907,1,529.2
CASE9_0680_LINE_3_6,CASE9,680,3,"2,7,4",3,3,6,0,2,CRITICAL,999.0,0.0,10,529.2
CASE9_0680_LINE_6_7,CASE9,680,3,"2,7,4",4,6,7,1,2,CRITICAL,127.1,0.879,2,529.2
CASE9_0680_LINE_7_8,CASE9,680,3,"2,7,4",5,7,8,1,2,CRITICAL,122.9,0.867,3,529.2
CASE9_0680_LINE_8_2,CASE9,680,3,"2,7,4",6,8,2,0,2,CRITICAL,999.0,0.0,10,529.2
CASE9_0680_LINE_8_9,CASE9,680,3,"2,7,4",7,8,9,1,2,CRITICAL,123.3,0.887,2,529.2
CASE9_0680_LINE_9_4,CASE9,680,3,"2,7,4",8,9,4,1,2,CRITICAL,155.1,0.718,7,529.2
CASE9_0671_LINE_1_4,CASE9,671,5,"5,2,3,8,4",0,1,4,0,2,CRITICAL,999.0,0.0,10,621.6
CASE9_0671_LINE_4_5,CASE9,671,5,"5,2,3,8,4",1,4,5,0,2,CRITICAL,999.0,0.0,10,621.6
CASE9_0671_LINE_5_6,CASE9,671,5,"5,2,3,8,4",2,5,6,1,2,CRITICAL,169.4,0.852,2,621.6
CASE9_0671_LINE_3_6,CASE9,671,5,"5,2,3,8,4",3,3,6,0,2,CRITICAL,999.0,0.0,10,621.6
CASE9_0671_LINE_6_7,CASE9,671,5,"5,2,3,8,4",4,6,7,1,2,CRITICAL,162.1,0.917,1,621.6
CASE9_0671_LINE_7_8,CASE9,671,5,"5,2,3,8,4",5,7,8,1,2,CRITICAL,169.0,0.889,2,621.6
CASE9_0671_LINE_8_2,CASE9,671,5,"5,2,3,8,4",6,8,2,0,2,CRITICAL,999.0,0.0,10,621.6
CASE9_0671_LINE_8_9,CASE9,671,5,"5,2,3,8,4",7,8,9,1,2,CRITICAL,169.4,0.861,2,621.6
CASE9_0671_LINE_9_4,CASE9,671,5,"5,2,3,8,4",8,9,4,0,2,CRITICAL,999.0,0.0,10,621.6
CASE9_0672_LINE_1_4,CASE9,672,5,"8,9,6,2,5",0,1,4,0,2,CRITICAL,999.0,0.0,10,628.6
CASE9_0672_LINE_4_5,CASE9,672,5,"8,9,6,2,5",1,4,5,0,2,CRITICAL,999.0,0.0,10,628.6
CASE9_0672_LINE_5_6,CASE9,672,5,"8,9,6,2,5",2,5,6,1,2,CRITICAL,195.3,0.771,4,628.6
CASE9_0672_LINE_3_6,CASE9,672,5,"8,9,6,2,5",3,3,6,0,2,CRITICAL,999.0,0.0,10,628.6
CASE9_0672_LINE_6_7,CASE9,672,5,"8,9,6,2,5",4,6,7,1,2,CRITICAL,179.6,0.823,5,628.6
CASE9_0672_LINE_7_8,CASE9,672,5,"8,9,6,2,5",5,7,8,1,2,CRITICAL,186.2,0.839,5,628.6
CASE9_0672_LINE_8_2,CASE9,672,5,"8,9,6,2,5",6,8,2,0,2,CRITICAL,999.0,0.0,10,628.6
CASE9_0672_LINE_8_9,CASE9,672,5,"8,9,6,2,5",7,8,9,0,2,CRITICAL,999.0,0.0,10,628.6
CASE9_0672_LINE_9_4,CASE9,672,5,"8,9,6,2,5",8,9,4,0,2,CRITICAL,999.0,0.0,10,628.6
CASE9_0673_LINE_1_4,CASE9,673,6,"7,2,5,4,9,3",0,1,4,0,2,CRITICAL,999.0,0.0,10,624.6
CASE9_0673_LINE_4_5,CASE9,673,6,"7,2,5,4,9,3",1,4,5,0,2,CRITICAL,999.0,0.0,10,624.6
CASE9_0673_LINE_5_6,CASE9,673,6,"7,2,5,4,9,3",2,5,6,1,2,CRITICAL,184.9,0.804,4,624.6
CASE9_0673_LINE_3_6,CASE9,673,6,"7,2,5,4,9,3",3,3,6,0,2,CRITICAL,999.0,0.0,10,624.6
CASE9_0673_LINE_6_7,CASE9,673,6,"7,2,5,4,9,3",4,6,7,1,2,CRITICAL,170.5,0.864,2,624.6
CASE9_0673_LINE_7_8,CASE9,673,6,"7,2,5,4,9,3",5,7,8,1,2,CRITICAL,196.3,0.799,7,624.6
CASE9_0673_LINE_8_2,CASE9,673,6,"7,2,5,4,9,3",6,8,2,0,2,CRITICAL,999.0,0.0,10,624.6
CASE9_0673_LINE_8_9,CASE9,673,6,"7,2,5,4,9,3",7,8,9,1,2,CRITICAL,193.8,0.718,4,624.6
CASE9_0673_LINE_9_4,CASE9,673,6,"7,2,5,4,9,3",8,9,4,0,2,CRITICAL,999.0,0.0,10,624.6
CASE9_0674_LINE_1_4,CASE9,674,1,6,0,1,4,0,2,CRITICAL,999.0,0.0,10,369.5
CASE9_0674_LINE_4_5,CASE9,674,1,6,1,4,5,1,2,CRITICAL,65.8,0.889,1,369.5
CASE9_0674_LINE_5_6,CASE9,674,1,6,2,5,6,1,1,ALERT,65.3,0.928,0,369.5
CASE9_0674_LINE_3_6,CASE9,674,1,6,3,3,6,0,2,CRITICAL,999.0,0.0,10,369.5
CASE9_0674_LINE_6_7,CASE9,674,1,6,4,6,7,1,1,ALERT,65.8,0.947,0,369.5
CASE9_0674_LINE_7_8,CASE9,674,1,6,5,7,8,1,1,ALERT,70.5,0.914,0,369.5
CASE9_0674_LINE_8_2,CASE9,674,1,6,6,8,2,0,2,CRITICAL,999.0,0.0,10,369.5
CASE9_0674_LINE_8_9,CASE9,674,1,6,7,8,9,1,1,ALERT,65.3,0.901,0,369.5
CASE9_0674_LINE_9_4,CASE9,674,1,6,8,9,4,1,2,CRITICAL,70.1,0.788,1,369.5
CASE9_0675_LINE_1_4,CASE9,675,1,7,0,1,4,0,2,CRITICAL,999.0,0.0,10,392.5
CASE9_0675_LINE_4_5,CASE9,675,1,7,1,4,5,1,2,CRITICAL,75.1,0.888,1,392.5
CASE9_0675_LINE_5_6,CASE9,675,1,7,2,5,6,1,1,ALERT,65.9,0.927,0,392.5
CASE9_0675_LINE_3_6,CASE9,675,1,7,3,3,6,0,2,CRITICAL,999.0,0.0,10,392.5
CASE9_0675_LINE_6_7,CASE9,675,1,7,4,6,7,1,2,CRITICAL,75.2,0.867,1,392.5
CASE9_0675_LINE_7_8,CASE9,675,1,7,5,7,8,1,2,CRITICAL,140.4,0.794,2,392.5
CASE9_0675_LINE_8_2,CASE9,675,1,7,6,8,2,0,2,CRITICAL,999.0,0.0,10,392.5
CASE9_0675_LINE_8_9,CASE9,675,1,7,7,8,9,1,1,ALERT,66.4,0.904,0,392.5
CASE9_0675_LINE_9_4,CASE9,675,1,7,8,9,4,1,2,CRITICAL,105.6,0.755,2,392.5
CASE9_0691_LINE_1_4,CASE9,691,6,"5,6,9,4,3,7",0,1,4,0,2,CRITICAL,999.0,0.0,10,488.7
CASE9_0691_LINE_4_5,CASE9,691,6,"5,6,9,4,3,7",1,4,5,1,2,CRITICAL,107.3,0.899,2,488.7
CASE9_0691_LINE_5_6,CASE9,691,6,"5,6,9,4,3,7",2,5,6,1,2,CRITICAL,107.2,0.897,2,488.7
CASE9_0691_LINE_3_6,CASE9,691,6,"5,6,9,4,3,7",3,3,6,0,2,CRITICAL,999.0,0.0,10,488.7
CASE9_0691_LINE_6_7,CASE9,691,6,"5,6,9,4,3,7",4,6,7,1,2,CRITICAL,103.8,0.903,1,488.7
CASE9_0691_LINE_7_8,CASE9,691,6,"5,6,9,4,3,7",5,7,8,1,2,CRITICAL,111.2,0.884,2,488.7
CASE9_0691_LINE_8_2,CASE9,691,6,"5,6,9,4,3,7",6,8,2,0,2,CRITICAL,999.0,0.0,10,488.7
CASE9_0691_LINE_8_9,CASE9,691,6,"5,6,9,4,3,7",7,8,9,1,2,CRITICAL,126.9,0.768,2,488.7
CASE9_0691_LINE_9_4,CASE9,691,6,"5,6,9,4,3,7",8,9,4,0,2,CRITICAL,999.0,0.0,10,488.7
CASE9_0692_LINE_1_4,CASE9,692,5,"5,8,2,7,4",0,1,4,0,2,CRITICAL,999.0,0.0,10,392.5
CASE9_0692_LINE_4_5,CASE9,692,5,"5,8,2,7,4",1,4,5,1,0,SAFE,61.4,0.955,0,392.5
CASE9_0692_LINE_5_6,CASE9,692,5,"5,8,2,7,4",2,5,6,1,1,ALERT,63.6,0.944,0,392.5
CASE9_0692_LINE_3_6,CASE9,692,5,"5,8,2,7,4",3,3,6,0,2,CRITICAL,999.0,0.0,10,392.5
CASE9_0692_LINE_6_7,CASE9,692,5,"5,8,2,7,4",4,6,7,1,1,ALERT,62.6,0.946,0,392.5
CASE9_0692_LINE_7_8,CASE9,692,5,"5,8,2,7,4",5,7,8,1,0,SAFE,61.1,0.954,0,392.5
CASE9_0692_LINE_8_2,CASE9,692,5,"5,8,2,7,4",6,8,2,0,2,CRITICAL,999.0,0.0,10,392.5
CASE9_0692_LINE_8_9,CASE9,692,5,"5,8,2,7,4",7,8,9,1,2,CRITICAL,67.5,0.898,1,392.5
CASE9_0692_LINE_9_4,CASE9,692,5,"5,8,2,7,4",8,9,4,1,2,CRITICAL,93.1,0.776,1,392.5
CASE9_0693_LINE_1_4,CASE9,693,2,"5,7",0,1,4,0,2,CRITICAL,999.0,0.0,10,260.6
CASE9_0693_LINE_4_5,CASE9,693,2,"5,7",1,4,5,1,0,SAFE,65.2,0.954,0,260.6
CASE9_0693_LINE_5_6,CASE9,693,2,"5,7",2,5,6,1,1,ALERT,69.8,0.922,0,260.6
CASE9_0693_LINE_3_6,CASE9,693,2,"5,7",3,3,6,0,2,CRITICAL,999.0,0.0,10,260.6
CASE9_0693_LINE_6_7,CASE9,693,2,"5,7",4,6,7,1,0,SAFE,65.3,0.953,0,260.6
CASE9_0693_LINE_7_8,CASE9,693,2,"5,7",5,7,8,1,1,ALERT,65.3,0.938,0,260.6
CASE9_0693_LINE_8_2,CASE9,693,2,"5,7",6,8,2,0,2,CRITICAL,999.0,0.0,10,260.6
CASE9_0693_LINE_8_9,CASE9,693,2,"5,7",7,8,9,1,2,CRITICAL,106.8,0.884,2,260.6
CASE9_0693_LINE_9_4,CASE9,693,2,"5,7",8,9,4,1,2,CRITICAL,67.9,0.805,1,260.6
CASE9_0694_LINE_1_4,CASE9,694,1,6,0,1,4,0,2,CRITICAL,999.0,0.0,10,389.3
CASE9_0694_LINE_4_5,CASE9,694,1,6,1,4,5,1,2,CRITICAL,73.9,0.874,1,389.3
CASE9_0694_LINE_5_6,CASE9,694,1,6,2,5,6,1,1,ALERT,65.3,0.929,0,389.3
CASE9_0694_LINE_3_6,CASE9,694,1,6,3,3,6,0,2,CRITICAL,999.0,0.0,10,389.3
CASE9_0694_LINE_6_7,CASE9,694,1,6,4,6,7,1,1,ALERT,65.8,0.947,0,389.3
CASE9_0694_LINE_7_8,CASE9,694,1,6,5,7,8,1,2,CRITICAL,77.1,0.896,1,389.3
CASE9_0694_LINE_8_2,CASE9,694,1,6,6,8,2,0,2,CRITICAL,999.0,0.0,10,389.3
CASE9_0694_LINE_8_9,CASE9,694,1,6,7,8,9,1,1,ALERT,65.9,0.902,0,389.3
CASE9_0694_LINE_9_4,CASE9,694,1,6,8,9,4,1,2,CRITICAL,70.9,0.782,1,389.3
CASE9_0695_LINE_1_4,CASE9,695,1,7,0,1,4,0,2,CRITICAL,999.0,0.0,10,333.4
CASE9_0695_LINE_4_5,CASE9,695,1,7,1,4,5,1,1,ALERT,65.3,0.904,0,333.4
CASE9_0695_LINE_5_6,CASE9,695,1,7,2,5,6,1,1,ALERT,65.5,0.922,0,333.4
CASE9_0695_LINE_3_6,CASE9,695,1,7,3,3,6,0,2,CRITICAL,999.0,0.0,10,333.4
CASE9_0695_LINE_6_7,CASE9,695,1,7,4,6,7,1,1,ALERT,66.5,0.931,0,333.4
CASE9_0695_LINE_7_8,CASE9,695,1,7,5,7,8,1,1,ALERT,84.9,0.912,0,333.4
CASE9_0695_LINE_8_2,CASE9,695,1,7,6,8,2,0,2,CRITICAL,999.0,0.0,10,333.4
CASE9_0695_LINE_8_9,CASE9,695,1,7,7,8,9,1,2,CRITICAL,80.3,0.895,1,333.4
CASE9_0695_LINE_9_4,CASE9,695,1,7,8,9,4,1,2,CRITICAL,70.3,0.787,1,333.4
CASE9_0681_LINE_1_4,CASE9,681,1,8,0,1,4,0,2,CRITICAL,999.0,0.0,10,337.2
CASE9_0681_LINE_4_5,CASE9,681,1,8,1,4,5,1,1,ALERT,65.3,0.906,0,337.2
CASE9_0681_LINE_5_6,CASE9,681,1,8,2,5,6,1,1,ALERT,65.5,0.923,0,337.2
CASE9_0681_LINE_3_6,CASE9,681,1,8,3,3,6,0,2,CRITICAL,999.0,0.0,10,337.2
CASE9_0681_LINE_6_7,CASE9,681,1,8,4,6,7,1,1,ALERT,66.2,0.943,0,337.2
CASE9_0681_LINE_7_8,CASE9,681,1,8,5,7,8,1,1,ALERT,70.2,0.937,0,337.2
CASE9_0681_LINE_8_2,CASE9,681,1,8,6,8,2,0,2,CRITICAL,999.0,0.0,10,337.2
CASE9_0681_LINE_8_9,CASE9,681,1,8,7,8,9,1,2,CRITICAL,78.5,0.896,1,337.2
CASE9_0681_LINE_9_4,CASE9,681,1,8,8,9,4,1,2,CRITICAL,70.5,0.785,1,337.2
CASE9_0682_LINE_1_4,CASE9,682,3,"8,7,3",0,1,4,0,2,CRITICAL,999.0,0.0,10,518.1
CASE9_0682_LINE_4_5,CASE9,682,3,"8,7,3",1,4,5,1,2,CRITICAL,140.5,0.834,5,518.1
CASE9_0682_LINE_5_6,CASE9,682,3,"8,7,3",2,5,6,1,2,CRITICAL,119.0,0.91,1,518.1
CASE9_0682_LINE_3_6,CASE9,682,3,"8,7,3",3,3,6,0,2,CRITICAL,999.0,0.0,10,518.1
CASE9_0682_LINE_6_7,CASE9,682,3,"8,7,3",4,6,7,1,2,CRITICAL,117.8,0.864,2,518.1
CASE9_0682_LINE_7_8,CASE9,682,3,"8,7,3",5,7,8,1,2,CRITICAL,125.4,0.845,3,518.1
CASE9_0682_LINE_8_2,CASE9,682,3,"8,7,3",6,8,2,0,2,CRITICAL,999.0,0.0,10,518.1
CASE9_0682_LINE_8_9,CASE9,682,3,"8,7,3",7,8,9,1,2,CRITICAL,118.5,0.896,2,518.1
CASE9_0682_LINE_9_4,CASE9,682,3,"8,7,3",8,9,4,0,2,CRITICAL,999.0,0.0,10,518.1
CASE9_0683_LINE_1_4,CASE9,683,3,"8,3,6",0,1,4,0,2,CRITICAL,999.0,0.0,10,572.8
CASE9_0683_LINE_4_5,CASE9,683,3,"8,3,6",1,4,5,0,2,CRITICAL,999.0,0.0,10,572.8
CASE9_0683_LINE_5_6,CASE9,683,3,"8,3,6",2,5,6,1,2,CRITICAL,155.0,0.871,3,572.8
CASE9_0683_LINE_3_6,CASE9,683,3,"8,3,6",3,3,6,0,2,CRITICAL,999.0,0.0,10,572.8
CASE9_0683_LINE_6_7,CASE9,683,3,"8,3,6",4,6,7,1,2,CRITICAL,144.9,0.915,1,572.8
CASE9_0683_LINE_7_8,CASE9,683,3,"8,3,6",5,7,8,0,2,CRITICAL,999.0,0.0,10,572.8
CASE9_0683_LINE_8_2,CASE9,683,3,"8,3,6",6,8,2,0,2,CRITICAL,999.0,0.0,10,572.8
CASE9_0683_LINE_8_9,CASE9,683,3,"8,3,6",7,8,9,1,2,CRITICAL,150.7,0.87,3,572.8
CASE9_0683_LINE_9_4,CASE9,683,3,"8,3,6",8,9,4,0,2,CRITICAL,999.0,0.0,10,572.8
CASE9_0684_LINE_1_4,CASE9,684,1,6,0,1,4,0,2,CRITICAL,999.0,0.0,10,350.6
CASE9_0684_LINE_4_5,CASE9,684,1,6,1,4,5,1,2,CRITICAL,65.3,0.897,1,350.6
CASE9_0684_LINE_5_6,CASE9,684,1,6,2,5,6,1,1,ALERT,65.3,0.925,0,350.6
CASE9_0684_LINE_3_6,CASE9,684,1,6,3,3,6,0,2,CRITICAL,999.0,0.0,10,350.6
CASE9_0684_LINE_6_7,CASE9,684,1,6,4,6,7,1,1,ALERT,65.8,0.947,0,350.6
CASE9_0684_LINE_7_8,CASE9,684,1,6,5,7,8,1,1,ALERT,70.4,0.923,0,350.6
CASE9_0684_LINE_8_2,CASE9,684,1,6,6,8,2,0,2,CRITICAL,999.0,0.0,10,350.6
CASE9_0684_LINE_8_9,CASE9,684,1,6,7,8,9,1,2,CRITICAL,69.9,0.898,1,350.6
CASE9_0684_LINE_9_4,CASE9,684,1,6,8,9,4,1,2,CRITICAL,69.8,0.79,1,350.6
CASE9_0685_LINE_1_4,CASE9,685,6,"5,2,9,4,8,7",0,1,4,0,2,CRITICAL,999.0,0.0,10,390.3
CASE9_0685_LINE_4_5,CASE9,685,6,"5,2,9,4,8,7",1,4,5,1,1,ALERT,59.9,0.93,0,390.3
CASE9_0685_LINE_5_6,CASE9,685,6,"5,2,9,4,8,7",2,5,6,1,1,ALERT,61.4,0.939,0,390.3
CASE9_0685_LINE_3_6,CASE9,685,6,"5,2,9,4,8,7",3,3,6,0,2,CRITICAL,999.0,0.0,10,390.3
CASE9_0685_LINE_6_7,CASE9,685,6,"5,2,9,4,8,7",4,6,7,1,0,SAFE,60.2,0.965,0,390.3
CASE9_0685_LINE_7_8,CASE9,685,6,"5,2,9,4,8,7",5,7,8,1,0,SAFE,58.3,0.973,0,390.3
CASE9_0685_LINE_8_2,CASE9,685,6,"5,2,9,4,8,7",6,8,2,0,2,CRITICAL,999.0,0.0,10,390.3
CASE9_0685_LINE_8_9,CASE9,685,6,"5,2,9,4,8,7",7,8,9,1,1,ALERT,61.6,0.928,0,390.3
CASE9_0685_LINE_9_4,CASE9,685,6,"5,2,9,4,8,7",8,9,4,1,2,CRITICAL,89.0,0.85,1,390.3
CASE9_0686_LINE_1_4,CASE9,686,8,"6,5,3,4,7,8,9,2",0,1,4,0,2,CRITICAL,999.0,0.0,10,671.3
CASE9_0686_LINE_4_5,CASE9,686,8,"6,5,3,4,7,8,9,2",1,4,5,0,2,CRITICAL,999.0,0.0,10,671.3
CASE9_0686_LINE_5_6,CASE9,686,8,"6,5,3,4,7,8,9,2",2,5,6,1,2,CRITICAL,231.1,0.75,6,671.3
CASE9_0686_LINE_3_6,CASE9,686,8,"6,5,3,4,7,8,9,2",3,3,6,0,2,CRITICAL,999.0,0.0,10,671.3
CASE9_0686_LINE_6_7,CASE9,686,8,"6,5,3,4,7,8,9,2",4,6,7,1,2,CRITICAL,196.6,0.854,4,671.3
CASE9_0686_LINE_7_8,CASE9,686,8,"6,5,3,4,7,8,9,2",5,7,8,0,2,CRITICAL,999.0,0.0,10,671.3
CASE9_0686_LINE_8_2,CASE9,686,8,"6,5,3,4,7,8,9,2",6,8,2,0,2,CRITICAL,999.0,0.0,10,671.3
CASE9_0686_LINE_8_9,CASE9,686,8,"6,5,3,4,7,8,9,2",7,8,9,1,2,CRITICAL,230.4,0.748,6,671.3
CASE9_0686_LINE_9_4,CASE9,686,8,"6,5,3,4,7,8,9,2",8,9,4,0,2,CRITICAL,999.0,0.0,10,671.3
CASE9_0687_LINE_1_4,CASE9,687,5,"9,7,2,4,3",0,1,4,0,2,CRITICAL,999.0,0.0,10,547.5
CASE9_0687_LINE_4_5,CASE9,687,5,"9,7,2,4,3",1,4,5,0,2,CRITICAL,999.0,0.0,10,547.5
CASE9_0687_LINE_5_6,CASE9,687,5,"9,7,2,4,3",2,5,6,1,2,CRITICAL,132.8,0.907,1,547.5
CASE9_0687_LINE_3_6,CASE9,687,5,"9,7,2,4,3",3,3,6,0,2,CRITICAL,999.0,0.0,10,547.5
CASE9_0687_LINE_6_7,CASE9,687,5,"9,7,2,4,3",4,6,7,1,2,CRITICAL,128.5,0.875,2,547.5
CASE9_0687_LINE_7_8,CASE9,687,5,"9,7,2,4,3",5,7,8,0,2,CRITICAL,999.0,0.0,10,547.5
CASE9_0687_LINE_8_2,CASE9,687,5,"9,7,2,4,3",6,8,2,0,2,CRITICAL,999.0,0.0,10,547.5
CASE9_0687_LINE_8_9,CASE9,687,5,"9,7,2,4,3",7,8,9,1,2,CRITICAL,132.6,0.917,1,547.5
CASE9_0687_LINE_9_4,CASE9,687,5,"9,7,2,4,3",8,9,4,0,2,CRITICAL,999.0,0.0,10,547.5
CASE9_0688_LINE_1_4,CASE9,688,4,"6,9,5,4",0,1,4,0,2,CRITICAL,999.0,0.0,10,499.2
CASE9_0688_LINE_4_5,CASE9,688,4,"6,9,5,4",1,4,5,1,2,CRITICAL,114.5,0.859,3,499.2
CASE9_0688_LINE_5_6,CASE9,688,4,"6,9,5,4",2,5,6,1,2,CRITICAL,121.2,0.867,3,499.2
CASE9_0688_LINE_3_6,CASE9,688,4,"6,9,5,4",3,3,6,0,2,CRITICAL,999.0,0.0,10,499.2
CASE9_0688_LINE_6_7,CASE9,688,4,"6,9,5,4",4,6,7,1,2,CRITICAL,111.8,0.897,2,499.2
CASE9_0688_LINE_7_8,CASE9,688,4,"6,9,5,4",5,7,8,1,2,CRITICAL,118.2,0.88,2,499.2
CASE9_0688_LINE_8_2,CASE9,688,4,"6,9,5,4",6,8,2,0,2,CRITICAL,999.0,0.0,10,499.2
CASE9_0688_LINE_8_9,CASE9,688,4,"6,9,5,4",7,8,9,1,2,CRITICAL,137.4,0.765,4,499.2
CASE9_0688_LINE_9_4,CASE9,688,4,"6,9,5,4",8,9,4,0,2,CRITICAL,999.0,0.0,10,499.2
CASE9_0689_LINE_1_4,CASE9,689,7,"4,5,3,6,8,7,2",0,1,4,0,2,CRITICAL,999.0,0.0,10,602.5
CASE9_0689_LINE_4_5,CASE9,689,7,"4,5,3,6,8,7,2",1,4,5,0,2,CRITICAL,999.0,0.0,10,602.5
CASE9_0689_LINE_5_6,CASE9,689,7,"4,5,3,6,8,7,2",2,5,6,1,2,CRITICAL,165.5,0.848,3,602.5
CASE9_0689_LINE_3_6,CASE9,689,7,"4,5,3,6,8,7,2",3,3,6,0,2,CRITICAL,999.0,0.0,10,602.5
CASE9_0689_LINE_6_7,CASE9,689,7,"4,5,3,6,8,7,2",4,6,7,1,2,CRITICAL,159.2,0.894,2,602.5
CASE9_0689_LINE_7_8,CASE9,689,7,"4,5,3,6,8,7,2",5,7,8,0,2,CRITICAL,999.0,0.0,10,602.5
CASE9_0689_LINE_8_2,CASE9,689,7,"4,5,3,6,8,7,2",6,8,2,0,2,CRITICAL,999.0,0.0,10,602.5
CASE9_0689_LINE_8_9,CASE9,689,7,"4,5,3,6,8,7,2",7,8,9,1,2,CRITICAL,165.0,0.856,3,602.5
CASE9_0689_LINE_9_4,CASE9,689,7,"4,5,3,6,8,7,2",8,9,4,0,2,CRITICAL,999.0,0.0,10,602.5
CASE9_0690_LINE_1_4,CASE9,690,7,"7,2,4,3,5,9,8",0,1,4,0,2,CRITICAL,999.0,0.0,10,609.4
CASE9_0690_LINE_4_5,CASE9,690,7,"7,2,4,3,5,9,8",1,4,5,0,2,CRITICAL,999.0,0.0,10,609.4
CASE9_0690_LINE_5_6,CASE9,690,7,"7,2,4,3,5,9,8",2,5,6,1,2,CRITICAL,168.1,0.848,3,609.4
CASE9_0690_LINE_3_6,CASE9,690,7,"7,2,4,3,5,9,8",3,3,6,0,2,CRITICAL,999.0,0.0,10,609.4
CASE9_0690_LINE_6_7,CASE9,690,7,"7,2,4,3,5,9,8",4,6,7,1,2,CRITICAL,160.1,0.893,3,609.4
CASE9_0690_LINE_7_8,CASE9,690,7,"7,2,4,3,5,9,8",5,7,8,1,2,CRITICAL,171.4,0.861,4,609.4
CASE9_0690_LINE_8_2,CASE9,690,7,"7,2,4,3,5,9,8",6,8,2,0,2,CRITICAL,999.0,0.0,10,609.4
CASE9_0690_LINE_8_9,CASE9,690,7,"7,2,4,3,5,9,8",7,8,9,1,2,CRITICAL,168.4,0.837,3,609.4
CASE9_0690_LINE_9_4,CASE9,690,7,"7,2,4,3,5,9,8",8,9,4,0,2,CRITICAL,999.0,0.0,10,609.4
CASE9_0706_LINE_1_4,CASE9,706,6,"4,3,9,7,5,8",0,1,4,0,2,CRITICAL,999.0,0.0,10,562.1
CASE9_0706_LINE_4_5,CASE9,706,6,"4,3,9,7,5,8",1,4,5,1,2,CRITICAL,182.4,0.761,9,562.1
CASE9_0706_LINE_5_6,CASE9,706,6,"4,3,9,7,5,8",2,5,6,1,2,CRITICAL,140.6,0.881,2,562.1
CASE9_0706_LINE_3_6,CASE9,706,6,"4,3,9,7,5,8",3,3,6,0,2,CRITICAL,999.0,0.0,10,562.1
CASE9_0706_LINE_6_7,CASE9,706,6,"4,3,9,7,5,8",4,6,7,1,2,CRITICAL,135.2,0.881,2,562.1
CASE9_0706_LINE_7_8,CASE9,706,6,"4,3,9,7,5,8",5,7,8,0,2,CRITICAL,999.0,0.0,10,562.1
CASE9_0706_LINE_8_2,CASE9,706,6,"4,3,9,7,5,8",6,8,2,0,2,CRITICAL,999.0,0.0,10,562.1
CASE9_0706_LINE_8_9,CASE9,706,6,"4,3,9,7,5,8",7,8,9,1,2,CRITICAL,139.7,0.884,2,562.1
CASE9_0706_LINE_9_4,CASE9,706,6,"4,3,9,7,5,8",8,9,4,1,2,CRITICAL,177.6,0.739,9,562.1
CASE9_0707_LINE_1_4,CASE9,707,4,"8,3,4,5",0,1,4,0,2,CRITICAL,999.0,0.0,10,425.5
CASE9_0707_LINE_4_5,CASE9,707,4,"8,3,4,5",1,4,5,1,1,ALERT,76.7,0.931,0,425.5
CASE9_0707_LINE_5_6,CASE9,707,4,"8,3,4,5",2,5,6,1,1,ALERT,77.0,0.934,0,425.5
CASE9_0707_LINE_3_6,CASE9,707,4,"8,3,4,5",3,3,6,0,2,CRITICAL,999.0,0.0,10,425.5
CASE9_0707_LINE_6_7,CASE9,707,4,"8,3,4,5",4,6,7,1,1,ALERT,75.5,0.925,0,425.5
CASE9_0707_LINE_7_8,CASE9,707,4,"8,3,4,5",5,7,8,1,1,ALERT,76.9,0.934,0,425.5
CASE9_0707_LINE_8_2,CASE9,707,4,"8,3,4,5",6,8,2,0,2,CRITICAL,999.0,0.0,10,425.5
CASE9_0707_LINE_8_9,CASE9,707,4,"8,3,4,5",7,8,9,1,1,ALERT,78.8,0.901,0,425.5
CASE9_0707_LINE_9_4,CASE9,707,4,"8,3,4,5",8,9,4,1,2,CRITICAL,97.5,0.748,1,425.5
CASE9_0708_LINE_1_4,CASE9,708,5,"7,2,9,3,5",0,1,4,0,2,CRITICAL,999.0,0.0,10,602.1
CASE9_0708_LINE_4_5,CASE9,708,5,"7,2,9,3,5",1,4,5,0,2,CRITICAL,999.0,0.0,10,602.1
CASE9_0708_LINE_5_6,CASE9,708,5,"7,2,9,3,5",2,5,6,1,2,CRITICAL,171.9,0.817,4,602.1
CASE9_0708_LINE_3_6,CASE9,708,5,"7,2,9,3,5",3,3,6,0,2,CRITICAL,999.0,0.0,10,602.1
CASE9_0708_LINE_6_7,CASE9,708,5,"7,2,9,3,5",4,6,7,1,2,CRITICAL,160.9,0.859,3,602.1
CASE9_0708_LINE_7_8,CASE9,708,5,"7,2,9,3,5",5,7,8,1,2,CRITICAL,175.9,0.837,5,602.1
CASE9_0708_LINE_8_2,CASE9,708,5,"7,2,9,3,5",6,8,2,0,2,CRITICAL,999.0,0.0,10,602.1
CASE9_0708_LINE_8_9,CASE9,708,5,"7,2,9,3,5",7,8,9,1,2,CRITICAL,180.9,0.728,4,602.1
CASE9_0708_LINE_9_4,CASE9,708,5,"7,2,9,3,5",8,9,4,0,2,CRITICAL,999.0,0.0,10,602.1
CASE9_0709_LINE_1_4,CASE9,709,3,"8,3,2",0,1,4,0,2,CRITICAL,999.0,0.0,10,593.4
CASE9_0709_LINE_4_5,CASE9,709,3,"8,3,2",1,4,5,0,2,CRITICAL,999.0,0.0,10,593.4
CASE9_0709_LINE_5_6,CASE9,709,3,"8,3,2",2,5,6,1,2,CRITICAL,164.3,0.864,4,593.4
CASE9_0709_LINE_3_6,CASE9,709,3,"8,3,2",3,3,6,0,2,CRITICAL,999.0,0.0,10,593.4
CASE9_0709_LINE_6_7,CASE9,709,3,"8,3,2",4,6,7,1,2,CRITICAL,156.7,0.877,4,593.4
CASE9_0709_LINE_7_8,CASE9,709,3,"8,3,2",5,7,8,1,2,CRITICAL,152.4,0.909,1,593.4
CASE9_0709_LINE_8_2,CASE9,709,3,"8,3,2",6,8,2,0,2,CRITICAL,999.0,0.0,10,593.4
CASE9_0709_LINE_8_9,CASE9,709,3,"8,3,2",7,8,9,1,2,CRITICAL,166.0,0.857,4,593.4
CASE9_0709_LINE_9_4,CASE9,709,3,"8,3,2",8,9,4,0,2,CRITICAL,999.0,0.0,10,593.4
CASE9_0710_LINE_1_4,CASE9,710,1,8,0,1,4,0,2,CRITICAL,999.0,0.0,10,339.2
CASE9_0710_LINE_4_5,CASE9,710,1,8,1,4,5,1,1,ALERT,65.3,0.906,0,339.2
CASE9_0710_LINE_5_6,CASE9,710,1,8,2,5,6,1,1,ALERT,65.5,0.923,0,339.2
CASE9_0710_LINE_3_6,CASE9,710,1,8,3,3,6,0,2,CRITICAL,999.0,0.0,10,339.2
CASE9_0710_LINE_6_7,CASE9,710,1,8,4,6,7,1,1,ALERT,66.2,0.942,0,339.2
CASE9_0710_LINE_7_8,CASE9,710,1,8,5,7,8,1,1,ALERT,70.2,0.937,0,339.2
CASE9_0710_LINE_8_2,CASE9,710,1,8,6,8,2,0,2,CRITICAL,999.0,0.0,10,339.2
CASE9_0710_LINE_8_9,CASE9,710,1,8,7,8,9,1,2,CRITICAL,77.3,0.897,1,339.2
CASE9_0710_LINE_9_4,CASE9,710,1,8,8,9,4,1,2,CRITICAL,70.6,0.785,1,339.2
CASE9_0701_LINE_1_4,CASE9,701,7,"9,5,8,7,2,6,3",0,1,4,0,2,CRITICAL,999.0,0.0,10,588.5
CASE9_0701_LINE_4_5,CASE9,701,7,"9,5,8,7,2,6,3",1,4,5,0,2,CRITICAL,999.0,0.0,10,588.5
CASE9_0701_LINE_5_6,CASE9,701,7,"9,5,8,7,2,6,3",2,5,6,1,2,CRITICAL,161.5,0.866,3,588.5
CASE9_0701_LINE_3_6,CASE9,701,7,"9,5,8,7,2,6,3",3,3,6,0,2,CRITICAL,999.0,0.0,10,588.5
CASE9_0701_LINE_6_7,CASE9,701,7,"9,5,8,7,2,6,3",4,6,7,1,2,CRITICAL,148.0,0.93,1,588.5
CASE9_0701_LINE_7_8,CASE9,701,7,"9,5,8,7,2,6,3",5,7,8,1,2,CRITICAL,167.9,0.83,5,588.5
CASE9_0701_LINE_8_2,CASE9,701,7,"9,5,8,7,2,6,3",6,8,2,0,2,CRITICAL,999.0,0.0,10,588.5
CASE9_0701_LINE_8_9,CASE9,701,7,"9,5,8,7,2,6,3",7,8,9,1,2,CRITICAL,165.5,0.858,5,588.5
CASE9_0701_LINE_9_4,CASE9,701,7,"9,5,8,7,2,6,3",8,9,4,0,2,CRITICAL,999.0,0.0,10,588.5
CASE9_0702_LINE_1_4,CASE9,702,3,"6,9,3",0,1,4,0,2,CRITICAL,999.0,0.0,10,327.3
CASE9_0702_LINE_4_5,CASE9,702,3,"6,9,3",1,4,5,1,2,CRITICAL,72.0,0.891,1,327.3
CASE9_0702_LINE_5_6,CASE9,702,3,"6,9,3",2,5,6,1,1,ALERT,65.2,0.941,0,327.3
CASE9_0702_LINE_3_6,CASE9,702,3,"6,9,3",3,3,6,0,2,CRITICAL,999.0,0.0,10,327.3
CASE9_0702_LINE_6_7,CASE9,702,3,"6,9,3",4,6,7,1,0,SAFE,65.3,0.956,0,327.3
CASE9_0702_LINE_7_8,CASE9,702,3,"6,9,3",5,7,8,1,1,ALERT,74.7,0.912,0,327.3
CASE9_0702_LINE_8_2,CASE9,702,3,"6,9,3",6,8,2,0,2,CRITICAL,999.0,0.0,10,327.3
CASE9_0702_LINE_8_9,CASE9,702,3,"6,9,3",7,8,9,1,0,SAFE,65.3,0.961,0,327.3
CASE9_0702_LINE_9_4,CASE9,702,3,"6,9,3",8,9,4,1,1,ALERT,65.3,0.937,0,327.3
CASE9_0703_LINE_1_4,CASE9,703,8,"9,6,3,2,4,7,5,8",0,1,4,0,2,CRITICAL,999.0,0.0,10,528.3
CASE9_0703_LINE_4_5,CASE9,703,8,"9,6,3,2,4,7,5,8",1,4,5,1,2,CRITICAL,160.2,0.779,9,528.3
CASE9_0703_LINE_5_6,CASE9,703,8,"9,6,3,2,4,7,5,8",2,5,6,1,2,CRITICAL,121.7,0.905,1,528.3
CASE9_0703_LINE_3_6,CASE9,703,8,"9,6,3,2,4,7,5,8",3,3,6,0,2,CRITICAL,999.0,0.0,10,528.3
CASE9_0703_LINE_6_7,CASE9,703,8,"9,6,3,2,4,7,5,8",4,6,7,1,2,CRITICAL,117.4,0.954,1,528.3
CASE9_0703_LINE_7_8,CASE9,703,8,"9,6,3,2,4,7,5,8",5,7,8,1,2,CRITICAL,122.0,0.927,1,528.3
CASE9_0703_LINE_8_2,CASE9,703,8,"9,6,3,2,4,7,5,8",6,8,2,0,2,CRITICAL,999.0,0.0,10,528.3
CASE9_0703_LINE_8_9,CASE9,703,8,"9,6,3,2,4,7,5,8",7,8,9,1,2,CRITICAL,122.3,0.93,1,528.3
CASE9_0703_LINE_9_4,CASE9,703,8,"9,6,3,2,4,7,5,8",8,9,4,1,2,CRITICAL,138.4,0.864,4,528.3
CASE9_0704_LINE_1_4,CASE9,704,7,"9,2,4,3,7,8,5",0,1,4,0,2,CRITICAL,999.0,0.0,10,540.0
CASE9_0704_LINE_4_5,CASE9,704,7,"9,2,4,3,7,8,5",1,4,5,1,2,CRITICAL,132.2,0.891,2,540.0
CASE9_0704_LINE_5_6,CASE9,704,7,"9,2,4,3,7,8,5",2,5,6,1,2,CRITICAL,128.4,0.905,1,540.0
CASE9_0704_LINE_3_6,CASE9,704,7,"9,2,4,3,7,8,5",3,3,6,0,2,CRITICAL,999.0,0.0,10,540.0
CASE9_0704_LINE_6_7,CASE9,704,7,"9,2,4,3,7,8,5",4,6,7,1,2,CRITICAL,124.1,0.915,1,540.0
CASE9_0704_LINE_7_8,CASE9,704,7,"9,2,4,3,7,8,5",5,7,8,1,2,CRITICAL,127.5,0.911,1,540.0
CASE9_0704_LINE_8_2,CASE9,704,7,"9,2,4,3,7,8,5",6,8,2,0,2,CRITICAL,999.0,0.0,10,540.0
CASE9_0704_LINE_8_9,CASE9,704,7,"9,2,4,3,7,8,5",7,8,9,1,2,CRITICAL,135.7,0.818,2,540.0
CASE9_0704_LINE_9_4,CASE9,704,7,"9,2,4,3,7,8,5",8,9,4,0,2,CRITICAL,999.0,0.0,10,540.0
CASE9_0705_LINE_1_4,CASE9,705,5,"6,4,7,2,3",0,1,4,0,2,CRITICAL,999.0,0.0,10,721.7
CASE9_0705_LINE_4_5,CASE9,705,5,"6,4,7,2,3",1,4,5,0,2,CRITICAL,999.0,0.0,10,721.7
CASE9_0705_LINE_5_6,CASE9,705,5,"6,4,7,2,3",2,5,6,0,2,CRITICAL,999.0,0.0,10,721.7
CASE9_0705_LINE_3_6,CASE9,705,5,"6,4,7,2,3",3,3,6,0,2,CRITICAL,999.0,0.0,10,721.7
CASE9_0705_LINE_6_7,CASE9,705,5,"6,4,7,2,3",4,6,7,1,2,CRITICAL,243.1,0.774,7,721.7
CASE9_0705_LINE_7_8,CASE9,705,5,"6,4,7,2,3",5,7,8,0,2,CRITICAL,999.0,0.0,10,721.7
CASE9_0705_LINE_8_2,CASE9,705,5,"6,4,7,2,3",6,8,2,0,2,CRITICAL,999.0,0.0,10,721.7
CASE9_0705_LINE_8_9,CASE9,705,5,"6,4,7,2,3",7,8,9,0,2,CRITICAL,999.0,0.0,10,721.7
CASE9_0705_LINE_9_4,CASE9,705,5,"6,4,7,2,3",8,9,4,0,2,CRITICAL,999.0,0.0,10,721.7
CASE9_0696_LINE_1_4,CASE9,696,6,"6,4,2,5,8,3",0,1,4,0,2,CRITICAL,999.0,0.0,10,751.5
CASE9_0696_LINE_4_5,CASE9,696,6,"6,4,2,5,8,3",1,4,5,0,2,CRITICAL,999.0,0.0,10,751.5
CASE9_0696_LINE_5_6,CASE9,696,6,"6,4,2,5,8,3",2,5,6,0,2,CRITICAL,999.0,0.0,10,751.5
CASE9_0696_LINE_3_6,CASE9,696,6,"6,4,2,5,8,3",3,3,6,0,2,CRITICAL,999.0,0.0,10,751.5
CASE9_0696_LINE_6_7,CASE9,696,6,"6,4,2,5,8,3",4,6,7,1,2,CRITICAL,241.0,0.84,5,751.5
CASE9_0696_LINE_7_8,CASE9,696,6,"6,4,2,5,8,3",5,7,8,0,2,CRITICAL,999.0,0.0,10,751.5
CASE9_0696_LINE_8_2,CASE9,696,6,"6,4,2,5,8,3",6,8,2,0,2,CRITICAL,999.0,0.0,10,751.5
CASE9_0696_LINE_8_9,CASE9,696,6,"6,4,2,5,8,3",7,8,9,0,2,CRITICAL,999.0,0.0,10,751.5
CASE9_0696_LINE_9_4,CASE9,696,6,"6,4,2,5,8,3",8,9,4,0,2,CRITICAL,999.0,0.0,10,751.5
CASE9_0697_LINE_1_4,CASE9,697,6,"2,5,6,8,7,9",0,1,4,0,2,CRITICAL,999.0,0.0,10,499.2
CASE9_0697_LINE_4_5,CASE9,697,6,"2,5,6,8,7,9",1,4,5,1,2,CRITICAL,128.3,0.703,4,499.2
CASE9_0697_LINE_5_6,CASE9,697,6,"2,5,6,8,7,9",2,5,6,1,2,CRITICAL,116.9,0.854,3,499.2
CASE9_0697_LINE_3_6,CASE9,697,6,"2,5,6,8,7,9",3,3,6,0,2,CRITICAL,999.0,0.0,10,499.2
CASE9_0697_LINE_6_7,CASE9,697,6,"2,5,6,8,7,9",4,6,7,1,2,CRITICAL,109.0,0.914,1,499.2
CASE9_0697_LINE_7_8,CASE9,697,6,"2,5,6,8,7,9",5,7,8,1,2,CRITICAL,109.6,0.918,1,499.2
CASE9_0697_LINE_8_2,CASE9,697,6,"2,5,6,8,7,9",6,8,2,0,2,CRITICAL,999.0,0.0,10,499.2
CASE9_0697_LINE_8_9,CASE9,697,6,"2,5,6,8,7,9",7,8,9,1,2,CRITICAL,120.3,0.821,2,499.2
CASE9_0697_LINE_9_4,CASE9,697,6,"2,5,6,8,7,9",8,9,4,0,2,CRITICAL,999.0,0.0,10,499.2
CASE9_0698_LINE_1_4,CASE9,698,7,"5,2,7,6,4,3,9",0,1,4,0,2,CRITICAL,999.0,0.0,10,553.0
CASE9_0698_LINE_4_5,CASE9,698,7,"5,2,7,6,4,3,9",1,4,5,1,2,CRITICAL,137.5,0.901,1,553.0
CASE9_0698_LINE_5_6,CASE9,698,7,"5,2,7,6,4,3,9",2,5,6,1,2,CRITICAL,133.3,0.917,1,553.0
CASE9_0698_LINE_3_6,CASE9,698,7,"5,2,7,6,4,3,9",3,3,6,0,2,CRITICAL,999.0,0.0,10,553.0
CASE9_0698_LINE_6_7,CASE9,698,7,"5,2,7,6,4,3,9",4,6,7,1,2,CRITICAL,131.0,0.917,1,553.0
CASE9_0698_LINE_7_8,CASE9,698,7,"5,2,7,6,4,3,9",5,7,8,1,2,CRITICAL,135.2,0.899,2,553.0
CASE9_0698_LINE_8_2,CASE9,698,7,"5,2,7,6,4,3,9",6,8,2,0,2,CRITICAL,999.0,0.0,10,553.0
CASE9_0698_LINE_8_9,CASE9,698,7,"5,2,7,6,4,3,9",7,8,9,1,2,CRITICAL,136.8,0.854,2,553.0
CASE9_0698_LINE_9_4,CASE9,698,7,"5,2,7,6,4,3,9",8,9,4,0,2,CRITICAL,999.0,0.0,10,553.0
CASE9_0699_LINE_1_4,CASE9,699,3,"7,6,5",0,1,4,0,2,CRITICAL,999.0,0.0,10,476.4
CASE9_0699_LINE_4_5,CASE9,699,3,"7,6,5",1,4,5,1,2,CRITICAL,113.8,0.795,6,476.4
CASE9_0699_LINE_5_6,CASE9,699,3,"7,6,5",2,5,6,1,2,CRITICAL,100.3,0.907,1,476.4
CASE9_0699_LINE_3_6,CASE9,699,3,"7,6,5",3,3,6,0,2,CRITICAL,999.0,0.0,10,476.4
CASE9_0699_LINE_6_7,CASE9,699,3,"7,6,5",4,6,7,1,2,CRITICAL,98.7,0.855,1,476.4
CASE9_0699_LINE_7_8,CASE9,699,3,"7,6,5",5,7,8,0,2,CRITICAL,999.0,0.0,10,476.4
CASE9_0699_LINE_8_2,CASE9,699,3,"7,6,5",6,8,2,0,2,CRITICAL,999.0,0.0,10,476.4
CASE9_0699_LINE_8_9,CASE9,699,3,"7,6,5",7,8,9,1,2,CRITICAL,100.7,0.897,2,476.4
CASE9_0699_LINE_9_4,CASE9,699,3,"7,6,5",8,9,4,1,2,CRITICAL,115.7,0.723,7,476.4
CASE9_0700_LINE_1_4,CASE9,700,8,"8,4,9,6,7,5,3,2",0,1,4,0,2,CRITICAL,999.0,0.0,10,684.5
CASE9_0700_LINE_4_5,CASE9,700,8,"8,4,9,6,7,5,3,2",1,4,5,0,2,CRITICAL,999.0,0.0,10,684.5
CASE9_0700_LINE_5_6,CASE9,700,8,"8,4,9,6,7,5,3,2",2,5,6,1,2,CRITICAL,217.8,0.803,5,684.5
CASE9_0700_LINE_3_6,CASE9,700,8,"8,4,9,6,7,5,3,2",3,3,6,0,2,CRITICAL,999.0,0.0,10,684.5
CASE9_0700_LINE_6_7,CASE9,700,8,"8,4,9,6,7,5,3,2",4,6,7,1,2,CRITICAL,200.2,0.846,2,684.5
CASE9_0700_LINE_7_8,CASE9,700,8,"8,4,9,6,7,5,3,2",5,7,8,1,2,CRITICAL,209.6,0.851,5,684.5
CASE9_0700_LINE_8_2,CASE9,700,8,"8,4,9,6,7,5,3,2",6,8,2,0,2,CRITICAL,999.0,0.0,10,684.5
CASE9_0700_LINE_8_9,CASE9,700,8,"8,4,9,6,7,5,3,2",7,8,9,1,2,CRITICAL,233.0,0.664,4,684.5
CASE9_0700_LINE_9_4,CASE9,700,8,"8,4,9,6,7,5,3,2",8,9,4,0,2,CRITICAL,999.0,0.0,10,684.5
CASE9_0711_LINE_1_4,CASE9,711,7,"9,4,6,8,3,7,2",0,1,4,0,2,CRITICAL,999.0,0.0,10,602.2
CASE9_0711_LINE_4_5,CASE9,711,7,"9,4,6,8,3,7,2",1,4,5,0,2,CRITICAL,999.0,0.0,10,602.2
CASE9_0711_LINE_5_6,CASE9,711,7,"9,4,6,8,3,7,2",2,5,6,1,2,CRITICAL,159.7,0.892,2,602.2
CASE9_0711_LINE_3_6,CASE9,711,7,"9,4,6,8,3,7,2",3,3,6,0,2,CRITICAL,999.0,0.0,10,602.2
CASE9_0711_LINE_6_7,CASE9,711,7,"9,4,6,8,3,7,2",4,6,7,1,2,CRITICAL,151.9,0.913,1,602.2
CASE9_0711_LINE_7_8,CASE9,711,7,"9,4,6,8,3,7,2",5,7,8,1,2,CRITICAL,161.3,0.88,5,602.2
CASE9_0711_LINE_8_2,CASE9,711,7,"9,4,6,8,3,7,2",6,8,2,0,2,CRITICAL,999.0,0.0,10,602.2
CASE9_0711_LINE_8_9,CASE9,711,7,"9,4,6,8,3,7,2",7,8,9,1,2,CRITICAL,161.1,0.902,1,602.2
CASE9_0711_LINE_9_4,CASE9,711,7,"9,4,6,8,3,7,2",8,9,4,0,2,CRITICAL,999.0,0.0,10,602.2
CASE9_0712_LINE_1_4,CASE9,712,6,"7,8,6,2,5,3",0,1,4,0,2,CRITICAL,999.0,0.0,10,670.4
CASE9_0712_LINE_4_5,CASE9,712,6,"7,8,6,2,5,3",1,4,5,0,2,CRITICAL,999.0,0.0,10,670.4
CASE9_0712_LINE_5_6,CASE9,712,6,"7,8,6,2,5,3",2,5,6,0,2,CRITICAL,999.0,0.0,10,670.4
CASE9_0712_LINE_3_6,CASE9,712,6,"7,8,6,2,5,3",3,3,6,0,2,CRITICAL,999.0,0.0,10,670.4
CASE9_0712_LINE_6_7,CASE9,712,6,"7,8,6,2,5,3",4,6,7,1,2,CRITICAL,220.6,0.754,7,670.4
CASE9_0712_LINE_7_8,CASE9,712,6,"7,8,6,2,5,3",5,7,8,0,2,CRITICAL,999.0,0.0,10,670.4
CASE9_0712_LINE_8_2,CASE9,712,6,"7,8,6,2,5,3",6,8,2,0,2,CRITICAL,999.0,0.0,10,670.4
CASE9_0712_LINE_8_9,CASE9,712,6,"7,8,6,2,5,3",7,8,9,0,2,CRITICAL,999.0,0.0,10,670.4
CASE9_0712_LINE_9_4,CASE9,712,6,"7,8,6,2,5,3",8,9,4,0,2,CRITICAL,999.0,0.0,10,670.4
CASE9_0713_LINE_1_4,CASE9,713,4,"6,5,9,3",0,1,4,0,2,CRITICAL,999.0,0.0,10,366.1
CASE9_0713_LINE_4_5,CASE9,713,4,"6,5,9,3",1,4,5,1,2,CRITICAL,87.6,0.858,1,366.1
CASE9_0713_LINE_5_6,CASE9,713,4,"6,5,9,3",2,5,6,1,1,ALERT,65.2,0.938,0,366.1
CASE9_0713_LINE_3_6,CASE9,713,4,"6,5,9,3",3,3,6,0,2,CRITICAL,999.0,0.0,10,366.1
CASE9_0713_LINE_6_7,CASE9,713,4,"6,5,9,3",4,6,7,1,0,SAFE,65.3,0.955,0,366.1
CASE9_0713_LINE_7_8,CASE9,713,4,"6,5,9,3",5,7,8,1,2,CRITICAL,93.5,0.887,1,366.1
CASE9_0713_LINE_8_2,CASE9,713,4,"6,5,9,3",6,8,2,0,2,CRITICAL,999.0,0.0,10,366.1
CASE9_0713_LINE_8_9,CASE9,713,4,"6,5,9,3",7,8,9,1,0,SAFE,65.3,0.96,0,366.1
CASE9_0713_LINE_9_4,CASE9,713,4,"6,5,9,3",8,9,4,1,1,ALERT,65.4,0.931,0,366.1
CASE9_0714_LINE_1_4,CASE9,714,6,"7,3,5,4,8,9",0,1,4,0,2,CRITICAL,999.0,0.0,10,546.3
CASE9_0714_LINE_4_5,CASE9,714,6,"7,3,5,4,8,9",1,4,5,1,2,CRITICAL,142.6,0.755,3,546.3
CASE9_0714_LINE_5_6,CASE9,714,6,"7,3,5,4,8,9",2,5,6,1,2,CRITICAL,139.6,0.845,3,546.3
CASE9_0714_LINE_3_6,CASE9,714,6,"7,3,5,4,8,9",3,3,6,0,2,CRITICAL,999.0,0.0,10,546.3
CASE9_0714_LINE_6_7,CASE9,714,6,"7,3,5,4,8,9",4,6,7,1,2,CRITICAL,130.3,0.91,1,546.3
CASE9_0714_LINE_7_8,CASE9,714,6,"7,3,5,4,8,9",5,7,8,1,2,CRITICAL,142.4,0.887,4,546.3
CASE9_0714_LINE_8_2,CASE9,714,6,"7,3,5,4,8,9",6,8,2,0,2,CRITICAL,999.0,0.0,10,546.3
CASE9_0714_LINE_8_9,CASE9,714,6,"7,3,5,4,8,9",7,8,9,1,2,CRITICAL,142.5,0.825,2,546.3
CASE9_0714_LINE_9_4,CASE9,714,6,"7,3,5,4,8,9",8,9,4,0,2,CRITICAL,999.0,0.0,10,546.3
CASE9_0715_LINE_1_4,CASE9,715,8,"4,2,5,9,8,7,3,6",0,1,4,0,2,CRITICAL,999.0,0.0,10,680.6
CASE9_0715_LINE_4_5,CASE9,715,8,"4,2,5,9,8,7,3,6",1,4,5,0,2,CRITICAL,999.0,0.0,10,680.6
CASE9_0715_LINE_5_6,CASE9,715,8,"4,2,5,9,8,7,3,6",2,5,6,1,2,CRITICAL,220.0,0.794,5,680.6
CASE9_0715_LINE_3_6,CASE9,715,8,"4,2,5,9,8,7,3,6",3,3,6,0,2,CRITICAL,999.0,0.0,10,680.6
CASE9_0715_LINE_6_7,CASE9,715,8,"4,2,5,9,8,7,3,6",4,6,7,1,2,CRITICAL,199.0,0.833,3,680.6
CASE9_0715_LINE_7_8,CASE9,715,8,"4,2,5,9,8,7,3,6",5,7,8,0,2,CRITICAL,999.0,0.0,10,680.6
CASE9_0715_LINE_8_2,CASE9,715,8,"4,2,5,9,8,7,3,6",6,8,2,0,2,CRITICAL,999.0,0.0,10,680.6
CASE9_0715_LINE_8_9,CASE9,715,8,"4,2,5,9,8,7,3,6",7,8,9,0,2,CRITICAL,999.0,0.0,10,680.6
CASE9_0715_LINE_9_4,CASE9,715,8,"4,2,5,9,8,7,3,6",8,9,4,0,2,CRITICAL,999.0,0.0,10,680.6
CASE9_0716_LINE_1_4,CASE9,716,2,"2,6",0,1,4,0,2,CRITICAL,999.0,0.0,10,468.9
CASE9_0716_LINE_4_5,CASE9,716,2,"2,6",1,4,5,1,2,CRITICAL,102.4,0.864,2,468.9
CASE9_0716_LINE_5_6,CASE9,716,2,"2,6",2,5,6,1,1,ALERT,94.4,0.926,0,468.9
CASE9_0716_LINE_3_6,CASE9,716,2,"2,6",3,3,6,0,2,CRITICAL,999.0,0.0,10,468.9
CASE9_0716_LINE_6_7,CASE9,716,2,"2,6",4,6,7,1,1,ALERT,92.0,0.944,0,468.9
CASE9_0716_LINE_7_8,CASE9,716,2,"2,6",5,7,8,1,2,CRITICAL,99.9,0.894,1,468.9
CASE9_0716_LINE_8_2,CASE9,716,2,"2,6",6,8,2,0,2,CRITICAL,999.0,0.0,10,468.9
CASE9_0716_LINE_8_9,CASE9,716,2,"2,6",7,8,9,1,1,ALERT,95.4,0.904,0,468.9
CASE9_0716_LINE_9_4,CASE9,716,2,"2,6",8,9,4,1,2,CRITICAL,109.0,0.757,4,468.9
CASE9_0717_LINE_1_4,CASE9,717,4,"8,9,2,6",0,1,4,0,2,CRITICAL,999.0,0.0,10,560.6
CASE9_0717_LINE_4_5,CASE9,717,4,"8,9,2,6",1,4,5,1,2,CRITICAL,174.5,0.755,5,560.6
CASE9_0717_LINE_5_6,CASE9,717,4,"8,9,2,6",2,5,6,1,2,CRITICAL,144.5,0.865,3,560.6
CASE9_0717_LINE_3_6,CASE9,717,4,"8,9,2,6",3,3,6,0,2,CRITICAL,999.0,0.0,10,560.6
CASE9_0717_LINE_6_7,CASE9,717,4,"8,9,2,6",4,6,7,1,2,CRITICAL,148.7,0.832,4,560.6
CASE9_0717_LINE_7_8,CASE9,717,4,"8,9,2,6",5,7,8,1,2,CRITICAL,137.3,0.894,2,560.6
CASE9_0717_LINE_8_2,CASE9,717,4,"8,9,2,6",6,8,2,0,2,CRITICAL,999.0,0.0,10,560.6
CASE9_0717_LINE_8_9,CASE9,717,4,"8,9,2,6",7,8,9,1,2,CRITICAL,152.4,0.767,2,560.6
CASE9_0717_LINE_9_4,CASE9,717,4,"8,9,2,6",8,9,4,0,2,CRITICAL,999.0,0.0,10,560.6
CASE9_0718_LINE_1_4,CASE9,718,3,"5,6,4",0,1,4,0,2,CRITICAL,999.0,0.0,10,505.7
CASE9_0718_LINE_4_5,CASE9,718,3,"5,6,4",1,4,5,0,2,CRITICAL,999.0,0.0,10,505.7
CASE9_0718_LINE_5_6,CASE9,718,3,"5,6,4",2,5,6,1,2,CRITICAL,122.3,0.84,2,505.7
CASE9_0718_LINE_3_6,CASE9,718,3,"5,6,4",3,3,6,0,2,CRITICAL,999.0,0.0,10,505.7
CASE9_0718_LINE_6_7,CASE9,718,3,"5,6,4",4,6,7,1,2,CRITICAL,111.5,0.931,1,505.7
CASE9_0718_LINE_7_8,CASE9,718,3,"5,6,4",5,7,8,1,2,CRITICAL,126.5,0.881,4,505.7
CASE9_0718_LINE_8_2,CASE9,718,3,"5,6,4",6,8,2,0,2,CRITICAL,999.0,0.0,10,505.7
CASE9_0718_LINE_8_9,CASE9,718,3,"5,6,4",7,8,9,1,2,CRITICAL,121.2,0.867,2,505.7
CASE9_0718_LINE_9_4,CASE9,718,3,"5,6,4",8,9,4,1,2,CRITICAL,115.7,0.783,2,505.7
CASE9_0719_LINE_1_4,CASE9,719,8,"9,4,2,6,5,7,8,3",0,1,4,0,2,CRITICAL,999.0,0.0,10,661.9
CASE9_0719_LINE_4_5,CASE9,719,8,"9,4,2,6,5,7,8,3",1,4,5,0,2,CRITICAL,999.0,0.0,10,661.9
CASE9_0719_LINE_5_6,CASE9,719,8,"9,4,2,6,5,7,8,3",2,5,6,1,2,CRITICAL,206.9,0.773,4,661.9
CASE9_0719_LINE_3_6,CASE9,719,8,"9,4,2,6,5,7,8,3",3,3,6,0,2,CRITICAL,999.0,0.0,10,661.9
CASE9_0719_LINE_6_7,CASE9,719,8,"9,4,2,6,5,7,8,3",4,6,7,1,2,CRITICAL,189.7,0.857,3,661.9
CASE9_0719_LINE_7_8,CASE9,719,8,"9,4,2,6,5,7,8,3",5,7,8,1,2,CRITICAL,195.6,0.852,3,661.9
CASE9_0719_LINE_8_2,CASE9,719,8,"9,4,2,6,5,7,8,3",6,8,2,0,2,CRITICAL,999.0,0.0,10,661.9
CASE9_0719_LINE_8_9,CASE9,719,8,"9,4,2,6,5,7,8,3",7,8,9,1,2,CRITICAL,233.6,0.624,4,661.9
CASE9_0719_LINE_9_4,CASE9,719,8,"9,4,2,6,5,7,8,3",8,9,4,0,2,CRITICAL,999.0,0.0,10,661.9
CASE9_0720_LINE_1_4,CASE9,720,6,"8,7,6,4,9,3",0,1,4,0,2,CRITICAL,999.0,0.0,10,745.5
CASE9_0720_LINE_4_5,CASE9,720,6,"8,7,6,4,9,3",1,4,5,0,2,CRITICAL,999.0,0.0,10,745.5
CASE9_0720_LINE_5_6,CASE9,720,6,"8,7,6,4,9,3",2,5,6,0,2,CRITICAL,999.0,0.0,10,745.5
CASE9_0720_LINE_3_6,CASE9,720,6,"8,7,6,4,9,3",3,3,6,0,2,CRITICAL,999.0,0.0,10,745.5
CASE9_0720_LINE_6_7,CASE9,720,6,"8,7,6,4,9,3",4,6,7,1,2,CRITICAL,247.9,0.767,7,745.5
CASE9_0720_LINE_7_8,CASE9,720,6,"8,7,6,4,9,3",5,7,8,0,2,CRITICAL,999.0,0.0,10,745.5
CASE9_0720_LINE_8_2,CASE9,720,6,"8,7,6,4,9,3",6,8,2,0,2,CRITICAL,999.0,0.0,10,745.5
CASE9_0720_LINE_8_9,CASE9,720,6,"8,7,6,4,9,3",7,8,9,0,2,CRITICAL,999.0,0.0,10,745.5
CASE9_0720_LINE_9_4,CASE9,720,6,"8,7,6,4,9,3",8,9,4,0,2,CRITICAL,999.0,0.0,10,745.5
CASE9_0726_LINE_1_4,CASE9,726,5,"5,7,4,3,8",0,1,4,0,2,CRITICAL,999.0,0.0,10,456.2
CASE9_0726_LINE_4_5,CASE9,726,5,"5,7,4,3,8",1,4,5,1,1,ALERT,91.2,0.921,0,456.2
CASE9_0726_LINE_5_6,CASE9,726,5,"5,7,4,3,8",2,5,6,1,1,ALERT,92.2,0.918,0,456.2
CASE9_0726_LINE_3_6,CASE9,726,5,"5,7,4,3,8",3,3,6,0,2,CRITICAL,999.0,0.0,10,456.2
CASE9_0726_LINE_6_7,CASE9,726,5,"5,7,4,3,8",4,6,7,1,1,ALERT,87.9,0.944,0,456.2
CASE9_0726_LINE_7_8,CASE9,726,5,"5,7,4,3,8",5,7,8,1,1,ALERT,94.1,0.928,0,456.2
CASE9_0726_LINE_8_2,CASE9,726,5,"5,7,4,3,8",6,8,2,0,2,CRITICAL,999.0,0.0,10,456.2
CASE9_0726_LINE_8_9,CASE9,726,5,"5,7,4,3,8",7,8,9,1,2,CRITICAL,95.5,0.885,1,456.2
CASE9_0726_LINE_9_4,CASE9,726,5,"5,7,4,3,8",8,9,4,1,2,CRITICAL,92.1,0.781,1,456.2
CASE9_0727_LINE_1_4,CASE9,727,6,"9,5,7,4,3,2",0,1,4,0,2,CRITICAL,999.0,0.0,10,524.0
CASE9_0727_LINE_4_5,CASE9,727,6,"9,5,7,4,3,2",1,4,5,1,2,CRITICAL,163.6,0.737,10,524.0
CASE9_0727_LINE_5_6,CASE9,727,6,"9,5,7,4,3,2",2,5,6,1,2,CRITICAL,120.2,0.897,2,524.0
CASE9_0727_LINE_3_6,CASE9,727,6,"9,5,7,4,3,2",3,3,6,0,2,CRITICAL,999.0,0.0,10,524.0
CASE9_0727_LINE_6_7,CASE9,727,6,"9,5,7,4,3,2",4,6,7,1,2,CRITICAL,116.4,0.911,1,524.0
CASE9_0727_LINE_7_8,CASE9,727,6,"9,5,7,4,3,2",5,7,8,1,2,CRITICAL,139.5,0.816,6,524.0
CASE9_0727_LINE_8_2,CASE9,727,6,"9,5,7,4,3,2",6,8,2,0,2,CRITICAL,999.0,0.0,10,524.0
CASE9_0727_LINE_8_9,CASE9,727,6,"9,5,7,4,3,2",7,8,9,1,2,CRITICAL,120.2,0.931,1,524.0
CASE9_0727_LINE_9_4,CASE9,727,6,"9,5,7,4,3,2",8,9,4,1,2,CRITICAL,132.8,0.878,4,524.0
CASE9_0728_LINE_1_4,CASE9,728,1,8,0,1,4,0,2,CRITICAL,999.0,0.0,10,409.4
CASE9_0728_LINE_4_5,CASE9,728,1,8,1,4,5,1,1,ALERT,70.3,0.9,0,409.4
CASE9_0728_LINE_5_6,CASE9,728,1,8,2,5,6,1,1,ALERT,70.5,0.927,0,409.4
CASE9_0728_LINE_3_6,CASE9,728,1,8,3,3,6,0,2,CRITICAL,999.0,0.0,10,409.4
CASE9_0728_LINE_6_7,CASE9,728,1,8,4,6,7,1,1,ALERT,70.3,0.92,0,409.4
CASE9_0728_LINE_7_8,CASE9,728,1,8,5,7,8,1,1,ALERT,70.1,0.938,0,409.4
CASE9_0728_LINE_8_2,CASE9,728,1,8,6,8,2,0,2,CRITICAL,999.0,0.0,10,409.4
CASE9_0728_LINE_8_9,CASE9,728,1,8,7,8,9,1,1,ALERT,71.0,0.907,0,409.4
CASE9_0728_LINE_9_4,CASE9,728,1,8,8,9,4,1,2,CRITICAL,116.5,0.734,2,409.4
CASE9_0729_LINE_1_4,CASE9,729,5,"9,5,6,7,4",0,1,4,0,2,CRITICAL,999.0,0.0,10,481.4
CASE9_0729_LINE_4_5,CASE9,729,5,"9,5,6,7,4",1,4,5,1,2,CRITICAL,106.4,0.892,2,481.4
CASE9_0729_LINE_5_6,CASE9,729,5,"9,5,6,7,4",2,5,6,1,2,CRITICAL,103.3,0.903,1,481.4
CASE9_0729_LINE_3_6,CASE9,729,5,"9,5,6,7,4",3,3,6,0,2,CRITICAL,999.0,0.0,10,481.4
CASE9_0729_LINE_6_7,CASE9,729,5,"9,5,6,7,4",4,6,7,1,2,CRITICAL,100.3,0.908,1,481.4
CASE9_0729_LINE_7_8,CASE9,729,5,"9,5,6,7,4",5,7,8,1,2,CRITICAL,114.2,0.88,3,481.4
CASE9_0729_LINE_8_2,CASE9,729,5,"9,5,6,7,4",6,8,2,0,2,CRITICAL,999.0,0.0,10,481.4
CASE9_0729_LINE_8_9,CASE9,729,5,"9,5,6,7,4",7,8,9,1,2,CRITICAL,115.4,0.8,2,481.4
CASE9_0729_LINE_9_4,CASE9,729,5,"9,5,6,7,4",8,9,4,0,2,CRITICAL,999.0,0.0,10,481.4
CASE9_0730_LINE_1_4,CASE9,730,1,6,0,1,4,0,2,CRITICAL,999.0,0.0,10,331.5
CASE9_0730_LINE_4_5,CASE9,730,1,6,1,4,5,1,1,ALERT,65.3,0.901,0,331.5
CASE9_0730_LINE_5_6,CASE9,730,1,6,2,5,6,1,1,ALERT,65.4,0.922,0,331.5
CASE9_0730_LINE_3_6,CASE9,730,1,6,3,3,6,0,2,CRITICAL,999.0,0.0,10,331.5
CASE9_0730_LINE_6_7,CASE9,730,1,6,4,6,7,1,1,ALERT,65.8,0.947,0,331.5
CASE9_0730_LINE_7_8,CASE9,730,1,6,5,7,8,1,1,ALERT,70.3,0.929,0,331.5
CASE9_0730_LINE_8_2,CASE9,730,1,6,6,8,2,0,2,CRITICAL,999.0,0.0,10,331.5
CASE9_0730_LINE_8_9,CASE9,730,1,6,7,8,9,1,2,CRITICAL,81.3,0.894,1,331.5
CASE9_0730_LINE_9_4,CASE9,730,1,6,8,9,4,1,2,CRITICAL,69.5,0.792,1,331.5
CASE9_0721_LINE_1_4,CASE9,721,7,"2,3,9,6,7,5,4",0,1,4,0,2,CRITICAL,999.0,0.0,10,635.1
CASE9_0721_LINE_4_5,CASE9,721,7,"2,3,9,6,7,5,4",1,4,5,0,2,CRITICAL,999.0,0.0,10,635.1
CASE9_0721_LINE_5_6,CASE9,721,7,"2,3,9,6,7,5,4",2,5,6,1,2,CRITICAL,183.0,0.814,3,635.1
CASE9_0721_LINE_3_6,CASE9,721,7,"2,3,9,6,7,5,4",3,3,6,0,2,CRITICAL,999.0,0.0,10,635.1
CASE9_0721_LINE_6_7,CASE9,721,7,"2,3,9,6,7,5,4",4,6,7,1,2,CRITICAL,174.2,0.85,3,635.1
CASE9_0721_LINE_7_8,CASE9,721,7,"2,3,9,6,7,5,4",5,7,8,0,2,CRITICAL,999.0,0.0,10,635.1
CASE9_0721_LINE_8_2,CASE9,721,7,"2,3,9,6,7,5,4",6,8,2,0,2,CRITICAL,999.0,0.0,10,635.1
CASE9_0721_LINE_8_9,CASE9,721,7,"2,3,9,6,7,5,4",7,8,9,1,2,CRITICAL,181.6,0.843,3,635.1
CASE9_0721_LINE_9_4,CASE9,721,7,"2,3,9,6,7,5,4",8,9,4,0,2,CRITICAL,999.0,0.0,10,635.1
CASE9_0722_LINE_1_4,CASE9,722,5,"2,3,9,4,7",0,1,4,0,2,CRITICAL,999.0,0.0,10,530.0
CASE9_0722_LINE_4_5,CASE9,722,5,"2,3,9,4,7",1,4,5,1,2,CRITICAL,130.5,0.879,2,530.0
CASE9_0722_LINE_5_6,CASE9,722,5,"2,3,9,4,7",2,5,6,1,2,CRITICAL,122.6,0.908,1,530.0
CASE9_0722_LINE_3_6,CASE9,722,5,"2,3,9,4,7",3,3,6,0,2,CRITICAL,999.0,0.0,10,530.0
CASE9_0722_LINE_6_7,CASE9,722,5,"2,3,9,4,7",4,6,7,1,2,CRITICAL,121.7,0.886,2,530.0
CASE9_0722_LINE_7_8,CASE9,722,5,"2,3,9,4,7",5,7,8,1,2,CRITICAL,132.6,0.827,4,530.0
CASE9_0722_LINE_8_2,CASE9,722,5,"2,3,9,4,7",6,8,2,0,2,CRITICAL,999.0,0.0,10,530.0
CASE9_0722_LINE_8_9,CASE9,722,5,"2,3,9,4,7",7,8,9,1,2,CRITICAL,122.6,0.903,1,530.0
CASE9_0722_LINE_9_4,CASE9,722,5,"2,3,9,4,7",8,9,4,1,2,CRITICAL,134.1,0.811,3,530.0
CASE9_0723_LINE_1_4,CASE9,723,5,"8,4,6,3,2",0,1,4,0,2,CRITICAL,999.0,0.0,10,584.6
CASE9_0723_LINE_4_5,CASE9,723,5,"8,4,6,3,2",1,4,5,0,2,CRITICAL,999.0,0.0,10,584.6
CASE9_0723_LINE_5_6,CASE9,723,5,"8,4,6,3,2",2,5,6,1,2,CRITICAL,155.9,0.884,3,584.6
CASE9_0723_LINE_3_6,CASE9,723,5,"8,4,6,3,2",3,3,6,0,2,CRITICAL,999.0,0.0,10,584.6
CASE9_0723_LINE_6_7,CASE9,723,5,"8,4,6,3,2",4,6,7,1,2,CRITICAL,146.2,0.933,1,584.6
CASE9_0723_LINE_7_8,CASE9,723,5,"8,4,6,3,2",5,7,8,0,2,CRITICAL,999.0,0.0,10,584.6
CASE9_0723_LINE_8_2,CASE9,723,5,"8,4,6,3,2",6,8,2,0,2,CRITICAL,999.0,0.0,10,584.6
CASE9_0723_LINE_8_9,CASE9,723,5,"8,4,6,3,2",7,8,9,1,2,CRITICAL,154.1,0.87,2,584.6
CASE9_0723_LINE_9_4,CASE9,723,5,"8,4,6,3,2",8,9,4,0,2,CRITICAL,999.0,0.0,10,584.6
CASE9_0724_LINE_1_4,CASE9,724,4,"8,6,3,7",0,1,4,0,2,CRITICAL,999.0,0.0,10,476.4
CASE9_0724_LINE_4_5,CASE9,724,4,"8,6,3,7",1,4,5,1,2,CRITICAL,109.5,0.863,3,476.4
CASE9_0724_LINE_5_6,CASE9,724,4,"8,6,3,7",2,5,6,1,1,ALERT,98.4,0.923,0,476.4
CASE9_0724_LINE_3_6,CASE9,724,4,"8,6,3,7",3,3,6,0,2,CRITICAL,999.0,0.0,10,476.4
CASE9_0724_LINE_6_7,CASE9,724,4,"8,6,3,7",4,6,7,1,1,ALERT,96.0,0.944,0,476.4
CASE9_0724_LINE_7_8,CASE9,724,4,"8,6,3,7",5,7,8,1,2,CRITICAL,110.2,0.902,2,476.4
CASE9_0724_LINE_8_2,CASE9,724,4,"8,6,3,7",6,8,2,0,2,CRITICAL,999.0,0.0,10,476.4
CASE9_0724_LINE_8_9,CASE9,724,4,"8,6,3,7",7,8,9,1,1,ALERT,98.6,0.905,0,476.4
CASE9_0724_LINE_9_4,CASE9,724,4,"8,6,3,7",8,9,4,1,2,CRITICAL,113.0,0.752,5,476.4
CASE9_0725_LINE_1_4,CASE9,725,2,"7,5",0,1,4,0,2,CRITICAL,999.0,0.0,10,450.7
CASE9_0725_LINE_4_5,CASE9,725,2,"7,5",1,4,5,0,2,CRITICAL,999.0,0.0,10,450.7
CASE9_0725_LINE_5_6,CASE9,725,2,"7,5",2,5,6,1,2,CRITICAL,97.1,0.848,1,450.7
CASE9_0725_LINE_3_6,CASE9,725,2,"7,5",3,3,6,0,2,CRITICAL,999.0,0.0,10,450.7
CASE9_0725_LINE_6_7,CASE9,725,2,"7,5",4,6,7,1,2,CRITICAL,90.2,0.87,1,450.7
CASE9_0725_LINE_7_8,CASE9,725,2,"7,5",5,7,8,1,2,CRITICAL,136.8,0.775,7,450.7
CASE9_0725_LINE_8_2,CASE9,725,2,"7,5",6,8,2,0,2,CRITICAL,999.0,0.0,10,450.7
CASE9_0725_LINE_8_9,CASE9,725,2,"7,5",7,8,9,1,2,CRITICAL,93.7,0.887,1,450.7
CASE9_0725_LINE_9_4,CASE9,725,2,"7,5",8,9,4,1,2,CRITICAL,101.2,0.751,2,450.7
CASE9_0741_LINE_1_4,CASE9,741,4,"7,9,3,5",0,1,4,0,2,CRITICAL,999.0,0.0,10,387.1
CASE9_0741_LINE_4_5,CASE9,741,4,"7,9,3,5",1,4,5,0,2,CRITICAL,999.0,0.0,10,387.1
CASE9_0741_LINE_5_6,CASE9,741,4,"7,9,3,5",2,5,6,1,2,CRITICAL,66.9,0.873,1,387.1
CASE9_0741_LINE_3_6,CASE9,741,4,"7,9,3,5",3,3,6,0,2,CRITICAL,999.0,0.0,10,387.1
CASE9_0741_LINE_6_7,CASE9,741,4,"7,9,3,5",4,6,7,1,1,ALERT,66.0,0.935,0,387.1
CASE9_0741_LINE_7_8,CASE9,741,4,"7,9,3,5",5,7,8,1,2,CRITICAL,100.1,0.876,3,387.1
CASE9_0741_LINE_8_2,CASE9,741,4,"7,9,3,5",6,8,2,0,2,CRITICAL,999.0,0.0,10,387.1
CASE9_0741_LINE_8_9,CASE9,741,4,"7,9,3,5",7,8,9,1,1,ALERT,65.4,0.938,0,387.1
CASE9_0741_LINE_9_4,CASE9,741,4,"7,9,3,5",8,9,4,1,1,ALERT,65.7,0.917,0,387.1
CASE9_0742_LINE_1_4,CASE9,742,2,"4,3",0,1,4,0,2,CRITICAL,999.0,0.0,10,429.9
CASE9_0742_LINE_4_5,CASE9,742,2,"4,3",1,4,5,1,2,CRITICAL,79.7,0.898,1,429.9
CASE9_0742_LINE_5_6,CASE9,742,2,"4,3",2,5,6,1,1,ALERT,82.5,0.912,0,429.9
CASE9_0742_LINE_3_6,CASE9,742,2,"4,3",3,3,6,0,2,CRITICAL,999.0,0.0,10,429.9
CASE9_0742_LINE_6_7,CASE9,742,2,"4,3",4,6,7,1,1,ALERT,77.3,0.944,0,429.9
CASE9_0742_LINE_7_8,CASE9,742,2,"4,3",5,7,8,1,1,ALERT,87.5,0.918,0,429.9
CASE9_0742_LINE_8_2,CASE9,742,2,"4,3",6,8,2,0,2,CRITICAL,999.0,0.0,10,429.9
CASE9_0742_LINE_8_9,CASE9,742,2,"4,3",7,8,9,1,2,CRITICAL,86.3,0.885,1,429.9
CASE9_0742_LINE_9_4,CASE9,742,2,"4,3",8,9,4,1,2,CRITICAL,79.8,0.79,1,429.9
CASE9_0743_LINE_1_4,CASE9,743,6,"6,2,5,4,3,9",0,1,4,0,2,CRITICAL,999.0,0.0,10,653.3
CASE9_0743_LINE_4_5,CASE9,743,6,"6,2,5,4,3,9",1,4,5,0,2,CRITICAL,999.0,0.0,10,653.3
CASE9_0743_LINE_5_6,CASE9,743,6,"6,2,5,4,3,9",2,5,6,1,2,CRITICAL,192.9,0.828,4,653.3
CASE9_0743_LINE_3_6,CASE9,743,6,"6,2,5,4,3,9",3,3,6,0,2,CRITICAL,999.0,0.0,10,653.3
CASE9_0743_LINE_6_7,CASE9,743,6,"6,2,5,4,3,9",4,6,7,1,2,CRITICAL,181.9,0.875,2,653.3
CASE9_0743_LINE_7_8,CASE9,743,6,"6,2,5,4,3,9",5,7,8,1,2,CRITICAL,189.7,0.868,4,653.3
CASE9_0743_LINE_8_2,CASE9,743,6,"6,2,5,4,3,9",6,8,2,0,2,CRITICAL,999.0,0.0,10,653.3
CASE9_0743_LINE_8_9,CASE9,743,6,"6,2,5,4,3,9",7,8,9,1,2,CRITICAL,196.9,0.774,4,653.3
CASE9_0743_LINE_9_4,CASE9,743,6,"6,2,5,4,3,9",8,9,4,0,2,CRITICAL,999.0,0.0,10,653.3
CASE9_0744_LINE_1_4,CASE9,744,3,"2,9,3",0,1,4,0,2,CRITICAL,999.0,0.0,10,596.9
CASE9_0744_LINE_4_5,CASE9,744,3,"2,9,3",1,4,5,0,2,CRITICAL,999.0,0.0,10,596.9
CASE9_0744_LINE_5_6,CASE9,744,3,"2,9,3",2,5,6,1,2,CRITICAL,171.6,0.813,5,596.9
CASE9_0744_LINE_3_6,CASE9,744,3,"2,9,3",3,3,6,0,2,CRITICAL,999.0,0.0,10,596.9
CASE9_0744_LINE_6_7,CASE9,744,3,"2,9,3",4,6,7,1,2,CRITICAL,158.8,0.843,2,596.9
CASE9_0744_LINE_7_8,CASE9,744,3,"2,9,3",5,7,8,1,2,CRITICAL,168.6,0.847,4,596.9
CASE9_0744_LINE_8_2,CASE9,744,3,"2,9,3",6,8,2,0,2,CRITICAL,999.0,0.0,10,596.9
CASE9_0744_LINE_8_9,CASE9,744,3,"2,9,3",7,8,9,0,2,CRITICAL,999.0,0.0,10,596.9
CASE9_0744_LINE_9_4,CASE9,744,3,"2,9,3",8,9,4,0,2,CRITICAL,999.0,0.0,10,596.9
CASE9_0745_LINE_1_4,CASE9,745,5,"4,2,6,7,8",0,1,4,0,2,CRITICAL,999.0,0.0,10,478.2
CASE9_0745_LINE_4_5,CASE9,745,5,"4,2,6,7,8",1,4,5,1,1,ALERT,100.0,0.9,0,478.2
CASE9_0745_LINE_5_6,CASE9,745,5,"4,2,6,7,8",2,5,6,1,1,ALERT,99.1,0.918,0,478.2
CASE9_0745_LINE_3_6,CASE9,745,5,"4,2,6,7,8",3,3,6,0,2,CRITICAL,999.0,0.0,10,478.2
CASE9_0745_LINE_6_7,CASE9,745,5,"4,2,6,7,8",4,6,7,1,1,ALERT,96.8,0.945,0,478.2
CASE9_0745_LINE_7_8,CASE9,745,5,"4,2,6,7,8",5,7,8,1,1,ALERT,95.6,0.952,0,478.2
CASE9_0745_LINE_8_2,CASE9,745,5,"4,2,6,7,8",6,8,2,0,2,CRITICAL,999.0,0.0,10,478.2
CASE9_0745_LINE_8_9,CASE9,745,5,"4,2,6,7,8",7,8,9,1,2,CRITICAL,100.1,0.897,2,478.2
CASE9_0745_LINE_9_4,CASE9,745,5,"4,2,6,7,8",8,9,4,1,2,CRITICAL,105.8,0.752,3,478.2
CASE9_0736_LINE_1_4,CASE9,736,3,"6,9,4",0,1,4,0,2,CRITICAL,999.0,0.0,10,508.9
CASE9_0736_LINE_4_5,CASE9,736,3,"6,9,4",1,4,5,1,2,CRITICAL,122.8,0.862,3,508.9
CASE9_0736_LINE_5_6,CASE9,736,3,"6,9,4",2,5,6,1,2,CRITICAL,118.6,0.894,3,508.9
CASE9_0736_LINE_3_6,CASE9,736,3,"6,9,4",3,3,6,0,2,CRITICAL,999.0,0.0,10,508.9
CASE9_0736_LINE_6_7,CASE9,736,3,"6,9,4",4,6,7,1,2,CRITICAL,113.8,0.902,1,508.9
CASE9_0736_LINE_7_8,CASE9,736,3,"6,9,4",5,7,8,1,2,CRITICAL,129.1,0.872,4,508.9
CASE9_0736_LINE_8_2,CASE9,736,3,"6,9,4",6,8,2,0,2,CRITICAL,999.0,0.0,10,508.9
CASE9_0736_LINE_8_9,CASE9,736,3,"6,9,4",7,8,9,1,2,CRITICAL,130.6,0.79,2,508.9
CASE9_0736_LINE_9_4,CASE9,736,3,"6,9,4",8,9,4,0,2,CRITICAL,999.0,0.0,10,508.9
CASE9_0737_LINE_1_4,CASE9,737,1,7,0,1,4,0,2,CRITICAL,999.0,0.0,10,392.8
CASE9_0737_LINE_4_5,CASE9,737,1,7,1,4,5,1,2,CRITICAL,75.1,0.888,1,392.8
CASE9_0737_LINE_5_6,CASE9,737,1,7,2,5,6,1,1,ALERT,65.9,0.927,0,392.8
CASE9_0737_LINE_3_6,CASE9,737,1,7,3,3,6,0,2,CRITICAL,999.0,0.0,10,392.8
CASE9_0737_LINE_6_7,CASE9,737,1,7,4,6,7,1,2,CRITICAL,75.3,0.866,1,392.8
CASE9_0737_LINE_7_8,CASE9,737,1,7,5,7,8,1,2,CRITICAL,140.6,0.793,2,392.8
CASE9_0737_LINE_8_2,CASE9,737,1,7,6,8,2,0,2,CRITICAL,999.0,0.0,10,392.8
CASE9_0737_LINE_8_9,CASE9,737,1,7,7,8,9,1,1,ALERT,66.5,0.904,0,392.8
CASE9_0737_LINE_9_4,CASE9,737,1,7,8,9,4,1,2,CRITICAL,105.7,0.755,2,392.8
CASE9_0738_LINE_1_4,CASE9,738,6,"9,6,7,3,8,4",0,1,4,0,2,CRITICAL,999.0,0.0,10,714.0
CASE9_0738_LINE_4_5,CASE9,738,6,"9,6,7,3,8,4",1,4,5,0,2,CRITICAL,999.0,0.0,10,714.0
CASE9_0738_LINE_5_6,CASE9,738,6,"9,6,7,3,8,4",2,5,6,0,2,CRITICAL,999.0,0.0,10,714.0
CASE9_0738_LINE_3_6,CASE9,738,6,"9,6,7,3,8,4",3,3,6,0,2,CRITICAL,999.0,0.0,10,714.0
CASE9_0738_LINE_6_7,CASE9,738,6,"9,6,7,3,8,4",4,6,7,1,2,CRITICAL,221.6,0.822,6,714.0
CASE9_0738_LINE_7_8,CASE9,738,6,"9,6,7,3,8,4",5,7,8,0,2,CRITICAL,999.0,0.0,10,714.0
CASE9_0738_LINE_8_2,CASE9,738,6,"9,6,7,3,8,4",6,8,2,0,2,CRITICAL,999.0,0.0,10,714.0
CASE9_0738_LINE_8_9,CASE9,738,6,"9,6,7,3,8,4",7,8,9,1,2,CRITICAL,266.1,0.663,5,714.0
CASE9_0738_LINE_9_4,CASE9,738,6,"9,6,7,3,8,4",8,9,4,0,2,CRITICAL,999.0,0.0,10,714.0
CASE9_0739_LINE_1_4,CASE9,739,1,9,0,1,4,0,2,CRITICAL,999.0,0.0,10,348.1
CASE9_0739_LINE_4_5,CASE9,739,1,9,1,4,5,1,1,ALERT,65.3,0.906,0,348.1
CASE9_0739_LINE_5_6,CASE9,739,1,9,2,5,6,1,1,ALERT,65.7,0.909,0,348.1
CASE9_0739_LINE_3_6,CASE9,739,1,9,3,3,6,0,2,CRITICAL,999.0,0.0,10,348.1
CASE9_0739_LINE_6_7,CASE9,739,1,9,4,6,7,1,1,ALERT,66.4,0.932,0,348.1
CASE9_0739_LINE_7_8,CASE9,739,1,9,5,7,8,1,1,ALERT,70.2,0.917,0,348.1
CASE9_0739_LINE_8_2,CASE9,739,1,9,6,8,2,0,2,CRITICAL,999.0,0.0,10,348.1
CASE9_0739_LINE_8_9,CASE9,739,1,9,7,8,9,1,2,CRITICAL,91.0,0.847,1,348.1
CASE9_0739_LINE_9_4,CASE9,739,1,9,8,9,4,0,2,CRITICAL,999.0,0.0,10,348.1
CASE9_0740_LINE_1_4,CASE9,740,5,"8,6,9,2,4",0,1,4,0,2,CRITICAL,999.0,0.0,10,557.4
CASE9_0740_LINE_4_5,CASE9,740,5,"8,6,9,2,4",1,4,5,1,2,CRITICAL,144.0,0.881,3,557.4
CASE9_0740_LINE_5_6,CASE9,740,5,"8,6,9,2,4",2,5,6,1,2,CRITICAL,141.2,0.88,3,557.4
CASE9_0740_LINE_3_6,CASE9,740,5,"8,6,9,2,4",3,3,6,0,2,CRITICAL,999.0,0.0,10,557.4
CASE9_0740_LINE_6_7,CASE9,740,5,"8,6,9,2,4",4,6,7,1,2,CRITICAL,136.1,0.899,2,557.4
CASE9_0740_LINE_7_8,CASE9,740,5,"8,6,9,2,4",5,7,8,1,2,CRITICAL,140.3,0.899,2,557.4
CASE9_0740_LINE_8_2,CASE9,740,5,"8,6,9,2,4",6,8,2,0,2,CRITICAL,999.0,0.0,10,557.4
CASE9_0740_LINE_8_9,CASE9,740,5,"8,6,9,2,4",7,8,9,1,2,CRITICAL,148.8,0.804,2,557.4
CASE9_0740_LINE_9_4,CASE9,740,5,"8,6,9,2,4",8,9,4,0,2,CRITICAL,999.0,0.0,10,557.4
CASE9_0731_LINE_1_4,CASE9,731,3,"2,6,4",0,1,4,0,2,CRITICAL,999.0,0.0,10,481.7
CASE9_0731_LINE_4_5,CASE9,731,3,"2,6,4",1,4,5,1,2,CRITICAL,101.8,0.899,2,481.7
CASE9_0731_LINE_5_6,CASE9,731,3,"2,6,4",2,5,6,1,2,CRITICAL,104.6,0.904,1,481.7
CASE9_0731_LINE_3_6,CASE9,731,3,"2,6,4",3,3,6,0,2,CRITICAL,999.0,0.0,10,481.7
CASE9_0731_LINE_6_7,CASE9,731,3,"2,6,4",4,6,7,1,1,ALERT,99.8,0.94,0,481.7
CASE9_0731_LINE_7_8,CASE9,731,3,"2,6,4",5,7,8,1,2,CRITICAL,103.8,0.925,1,481.7
CASE9_0731_LINE_8_2,CASE9,731,3,"2,6,4",6,8,2,0,2,CRITICAL,999.0,0.0,10,481.7
CASE9_0731_LINE_8_9,CASE9,731,3,"2,6,4",7,8,9,1,2,CRITICAL,107.6,0.877,2,481.7
CASE9_0731_LINE_9_4,CASE9,731,3,"2,6,4",8,9,4,1,2,CRITICAL,103.3,0.783,2,481.7
CASE9_0732_LINE_1_4,CASE9,732,8,"7,5,2,8,4,9,6,3",0,1,4,0,2,CRITICAL,999.0,0.0,10,748.7
CASE9_0732_LINE_4_5,CASE9,732,8,"7,5,2,8,4,9,6,3",1,4,5,0,2,CRITICAL,999.0,0.0,10,748.7
CASE9_0732_LINE_5_6,CASE9,732,8,"7,5,2,8,4,9,6,3",2,5,6,0,2,CRITICAL,999.0,0.0,10,748.7
CASE9_0732_LINE_3_6,CASE9,732,8,"7,5,2,8,4,9,6,3",3,3,6,0,2,CRITICAL,999.0,0.0,10,748.7
CASE9_0732_LINE_6_7,CASE9,732,8,"7,5,2,8,4,9,6,3",4,6,7,0,2,CRITICAL,999.0,0.0,10,748.7
CASE9_0732_LINE_7_8,CASE9,732,8,"7,5,2,8,4,9,6,3",5,7,8,0,2,CRITICAL,999.0,0.0,10,748.7
CASE9_0732_LINE_8_2,CASE9,732,8,"7,5,2,8,4,9,6,3",6,8,2,0,2,CRITICAL,999.0,0.0,10,748.7
CASE9_0732_LINE_8_9,CASE9,732,8,"7,5,2,8,4,9,6,3",7,8,9,0,2,CRITICAL,999.0,0.0,10,748.7
CASE9_0732_LINE_9_4,CASE9,732,8,"7,5,2,8,4,9,6,3",8,9,4,0,2,CRITICAL,999.0,0.0,10,748.7
CASE9_0733_LINE_1_4,CASE9,733,3,"6,8,5",0,1,4,0,2,CRITICAL,999.0,0.0,10,456.4
CASE9_0733_LINE_4_5,CASE9,733,3,"6,8,5",1,4,5,0,2,CRITICAL,999.0,0.0,10,456.4
CASE9_0733_LINE_5_6,CASE9,733,3,"6,8,5",2,5,6,1,2,CRITICAL,99.4,0.843,1,456.4
CASE9_0733_LINE_3_6,CASE9,733,3,"6,8,5",3,3,6,0,2,CRITICAL,999.0,0.0,10,456.4
CASE9_0733_LINE_6_7,CASE9,733,3,"6,8,5",4,6,7,1,1,ALERT,89.7,0.931,0,456.4
CASE9_0733_LINE_7_8,CASE9,733,3,"6,8,5",5,7,8,1,2,CRITICAL,98.1,0.898,1,456.4
CASE9_0733_LINE_8_2,CASE9,733,3,"6,8,5",6,8,2,0,2,CRITICAL,999.0,0.0,10,456.4
CASE9_0733_LINE_8_9,CASE9,733,3,"6,8,5",7,8,9,1,2,CRITICAL,95.6,0.887,1,456.4
CASE9_0733_LINE_9_4,CASE9,733,3,"6,8,5",8,9,4,1,2,CRITICAL,97.9,0.755,1,456.4
CASE9_0734_LINE_1_4,CASE9,734,4,"5,7,6,2",0,1,4,0,2,CRITICAL,999.0,0.0,10,476.5
CASE9_0734_LINE_4_5,CASE9,734,4,"5,7,6,2",1,4,5,0,2,CRITICAL,999.0,0.0,10,476.5
CASE9_0734_LINE_5_6,CASE9,734,4,"5,7,6,2",2,5,6,1,2,CRITICAL,108.1,0.83,2,476.5
CASE9_0734_LINE_3_6,CASE9,734,4,"5,7,6,2",3,3,6,0,2,CRITICAL,999.0,0.0,10,476.5
CASE9_0734_LINE_6_7,CASE9,734,4,"5,7,6,2",4,6,7,1,1,ALERT,97.6,0.927,0,476.5
CASE9_0734_LINE_7_8,CASE9,734,4,"5,7,6,2",5,7,8,1,2,CRITICAL,101.3,0.912,1,476.5
CASE9_0734_LINE_8_2,CASE9,734,4,"5,7,6,2",6,8,2,0,2,CRITICAL,999.0,0.0,10,476.5
CASE9_0734_LINE_8_9,CASE9,734,4,"5,7,6,2",7,8,9,1,2,CRITICAL,104.0,0.884,2,476.5
CASE9_0734_LINE_9_4,CASE9,734,4,"5,7,6,2",8,9,4,1,2,CRITICAL,108.7,0.784,4,476.5
CASE9_0735_LINE_1_4,CASE9,735,5,"3,7,5,6,2",0,1,4,0,2,CRITICAL,999.0,0.0,10,668.0
CASE9_0735_LINE_4_5,CASE9,735,5,"3,7,5,6,2",1,4,5,0,2,CRITICAL,999.0,0.0,10,668.0
CASE9_0735_LINE_5_6,CASE9,735,5,"3,7,5,6,2",2,5,6,0,2,CRITICAL,999.0,0.0,10,668.0
CASE9_0735_LINE_3_6,CASE9,735,5,"3,7,5,6,2",3,3,6,0,2,CRITICAL,999.0,0.0,10,668.0
CASE9_0735_LINE_6_7,CASE9,735,5,"3,7,5,6,2",4,6,7,1,2,CRITICAL,203.8,0.83,5,668.0
CASE9_0735_LINE_7_8,CASE9,735,5,"3,7,5,6,2",5,7,8,0,2,CRITICAL,999.0,0.0,10,668.0
CASE9_0735_LINE_8_2,CASE9,735,5,"3,7,5,6,2",6,8,2,0,2,CRITICAL,999.0,0.0,10,668.0
CASE9_0735_LINE_8_9,CASE9,735,5,"3,7,5,6,2",7,8,9,0,2,CRITICAL,999.0,0.0,10,668.0
CASE9_0735_LINE_9_4,CASE9,735,5,"3,7,5,6,2",8,9,4,0,2,CRITICAL,999.0,0.0,10,668.0
CASE9_0746_LINE_1_4,CASE9,746,6,"3,2,8,5,7,4",0,1,4,0,2,CRITICAL,999.0,0.0,10,496.4
CASE9_0746_LINE_4_5,CASE9,746,6,"3,2,8,5,7,4",1,4,5,1,2,CRITICAL,107.8,0.935,1,496.4
CASE9_0746_LINE_5_6,CASE9,746,6,"3,2,8,5,7,4",2,5,6,1,2,CRITICAL,106.9,0.932,1,496.4
CASE9_0746_LINE_3_6,CASE9,746,6,"3,2,8,5,7,4",3,3,6,0,2,CRITICAL,999.0,0.0,10,496.4
CASE9_0746_LINE_6_7,CASE9,746,6,"3,2,8,5,7,4",4,6,7,1,2,CRITICAL,106.3,0.934,1,496.4
CASE9_0746_LINE_7_8,CASE9,746,6,"3,2,8,5,7,4",5,7,8,1,2,CRITICAL,104.0,0.948,1,496.4
CASE9_0746_LINE_8_2,CASE9,746,6,"3,2,8,5,7,4",6,8,2,0,2,CRITICAL,999.0,0.0,10,496.4
CASE9_0746_LINE_8_9,CASE9,746,6,"3,2,8,5,7,4",7,8,9,1,2,CRITICAL,108.8,0.89,2,496.4
CASE9_0746_LINE_9_4,CASE9,746,6,"3,2,8,5,7,4",8,9,4,1,2,CRITICAL,117.2,0.747,3,496.4
CASE9_0747_LINE_1_4,CASE9,747,6,"4,9,7,6,3,8",0,1,4,0,2,CRITICAL,999.0,0.0,10,597.7
CASE9_0747_LINE_4_5,CASE9,747,6,"4,9,7,6,3,8",1,4,5,1,2,CRITICAL,174.3,0.819,5,597.7
CASE9_0747_LINE_5_6,CASE9,747,6,"4,9,7,6,3,8",2,5,6,1,2,CRITICAL,163.1,0.858,3,597.7
CASE9_0747_LINE_3_6,CASE9,747,6,"4,9,7,6,3,8",3,3,6,0,2,CRITICAL,999.0,0.0,10,597.7
CASE9_0747_LINE_6_7,CASE9,747,6,"4,9,7,6,3,8",4,6,7,1,2,CRITICAL,157.1,0.872,2,597.7
CASE9_0747_LINE_7_8,CASE9,747,6,"4,9,7,6,3,8",5,7,8,1,2,CRITICAL,167.4,0.851,3,597.7
CASE9_0747_LINE_8_2,CASE9,747,6,"4,9,7,6,3,8",6,8,2,0,2,CRITICAL,999.0,0.0,10,597.7
CASE9_0747_LINE_8_9,CASE9,747,6,"4,9,7,6,3,8",7,8,9,1,2,CRITICAL,188.9,0.682,4,597.7
CASE9_0747_LINE_9_4,CASE9,747,6,"4,9,7,6,3,8",8,9,4,0,2,CRITICAL,999.0,0.0,10,597.7
CASE9_0748_LINE_1_4,CASE9,748,7,"9,3,6,7,5,8,2",0,1,4,0,2,CRITICAL,999.0,0.0,10,564.0
CASE9_0748_LINE_4_5,CASE9,748,7,"9,3,6,7,5,8,2",1,4,5,0,2,CRITICAL,999.0,0.0,10,564.0
CASE9_0748_LINE_5_6,CASE9,748,7,"9,3,6,7,5,8,2",2,5,6,1,2,CRITICAL,150.5,0.8,3,564.0
CASE9_0748_LINE_3_6,CASE9,748,7,"9,3,6,7,5,8,2",3,3,6,0,2,CRITICAL,999.0,0.0,10,564.0
CASE9_0748_LINE_6_7,CASE9,748,7,"9,3,6,7,5,8,2",4,6,7,1,2,CRITICAL,139.1,0.908,1,564.0
CASE9_0748_LINE_7_8,CASE9,748,7,"9,3,6,7,5,8,2",5,7,8,1,2,CRITICAL,140.1,0.897,2,564.0
CASE9_0748_LINE_8_2,CASE9,748,7,"9,3,6,7,5,8,2",6,8,2,0,2,CRITICAL,999.0,0.0,10,564.0
CASE9_0748_LINE_8_9,CASE9,748,7,"9,3,6,7,5,8,2",7,8,9,1,2,CRITICAL,147.6,0.836,3,564.0
CASE9_0748_LINE_9_4,CASE9,748,7,"9,3,6,7,5,8,2",8,9,4,0,2,CRITICAL,999.0,0.0,10,564.0
CASE9_0749_LINE_1_4,CASE9,749,2,"2,3",0,1,4,0,2,CRITICAL,999.0,0.0,10,437.1
CASE9_0749_LINE_4_5,CASE9,749,2,"2,3",1,4,5,1,2,CRITICAL,84.0,0.896,1,437.1
CASE9_0749_LINE_5_6,CASE9,749,2,"2,3",2,5,6,1,1,ALERT,80.5,0.93,0,437.1
CASE9_0749_LINE_3_6,CASE9,749,2,"2,3",3,3,6,0,2,CRITICAL,999.0,0.0,10,437.1
CASE9_0749_LINE_6_7,CASE9,749,2,"2,3",4,6,7,1,1,ALERT,78.6,0.945,0,437.1
CASE9_0749_LINE_7_8,CASE9,749,2,"2,3",5,7,8,1,1,ALERT,82.7,0.926,0,437.1
CASE9_0749_LINE_8_2,CASE9,749,2,"2,3",6,8,2,0,2,CRITICAL,999.0,0.0,10,437.1
CASE9_0749_LINE_8_9,CASE9,749,2,"2,3",7,8,9,1,1,ALERT,81.5,0.909,0,437.1
CASE9_0749_LINE_9_4,CASE9,749,2,"2,3",8,9,4,1,2,CRITICAL,96.3,0.773,1,437.1
CASE9_0750_LINE_1_4,CASE9,750,3,"5,7,6",0,1,4,0,2,CRITICAL,999.0,0.0,10,434.4
CASE9_0750_LINE_4_5,CASE9,750,3,"5,7,6",1,4,5,0,2,CRITICAL,999.0,0.0,10,434.4
CASE9_0750_LINE_5_6,CASE9,750,3,"5,7,6",2,5,6,1,2,CRITICAL,90.7,0.846,1,434.4
CASE9_0750_LINE_3_6,CASE9,750,3,"5,7,6",3,3,6,0,2,CRITICAL,999.0,0.0,10,434.4
CASE9_0750_LINE_6_7,CASE9,750,3,"5,7,6",4,6,7,1,1,ALERT,82.7,0.924,0,434.4
CASE9_0750_LINE_7_8,CASE9,750,3,"5,7,6",5,7,8,1,2,CRITICAL,97.6,0.881,1,434.4
CASE9_0750_LINE_8_2,CASE9,750,3,"5,7,6",6,8,2,0,2,CRITICAL,999.0,0.0,10,434.4
CASE9_0750_LINE_8_9,CASE9,750,3,"5,7,6",7,8,9,1,2,CRITICAL,89.2,0.884,1,434.4
CASE9_0750_LINE_9_4,CASE9,750,3,"5,7,6",8,9,4,1,2,CRITICAL,85.0,0.79,1,434.4
CASE9_0756_LINE_1_4,CASE9,756,7,"2,4,8,6,5,3,9",0,1,4,0,2,CRITICAL,999.0,0.0,10,466.2
CASE9_0756_LINE_4_5,CASE9,756,7,"2,4,8,6,5,3,9",1,4,5,1,1,ALERT,98.3,0.929,0,466.2
CASE9_0756_LINE_5_6,CASE9,756,7,"2,4,8,6,5,3,9",2,5,6,1,1,ALERT,92.3,0.952,0,466.2
CASE9_0756_LINE_3_6,CASE9,756,7,"2,4,8,6,5,3,9",3,3,6,0,2,CRITICAL,999.0,0.0,10,466.2
CASE9_0756_LINE_6_7,CASE9,756,7,"2,4,8,6,5,3,9",4,6,7,1,1,ALERT,90.3,0.944,0,466.2
CASE9_0756_LINE_7_8,CASE9,756,7,"2,4,8,6,5,3,9",5,7,8,1,2,CRITICAL,107.7,0.881,3,466.2
CASE9_0756_LINE_8_2,CASE9,756,7,"2,4,8,6,5,3,9",6,8,2,0,2,CRITICAL,999.0,0.0,10,466.2
CASE9_0756_LINE_8_9,CASE9,756,7,"2,4,8,6,5,3,9",7,8,9,1,1,ALERT,92.1,0.929,0,466.2
CASE9_0756_LINE_9_4,CASE9,756,7,"2,4,8,6,5,3,9",8,9,4,1,2,CRITICAL,106.5,0.837,3,466.2
CASE9_0757_LINE_1_4,CASE9,757,6,"5,9,3,2,6,8",0,1,4,0,2,CRITICAL,999.0,0.0,10,661.4
CASE9_0757_LINE_4_5,CASE9,757,6,"5,9,3,2,6,8",1,4,5,0,2,CRITICAL,999.0,0.0,10,661.4
CASE9_0757_LINE_5_6,CASE9,757,6,"5,9,3,2,6,8",2,5,6,0,2,CRITICAL,999.0,0.0,10,661.4
CASE9_0757_LINE_3_6,CASE9,757,6,"5,9,3,2,6,8",3,3,6,0,2,CRITICAL,999.0,0.0,10,661.4
CASE9_0757_LINE_6_7,CASE9,757,6,"5,9,3,2,6,8",4,6,7,1,2,CRITICAL,202.1,0.791,6,661.4
CASE9_0757_LINE_7_8,CASE9,757,6,"5,9,3,2,6,8",5,7,8,1,2,CRITICAL,204.0,0.843,6,661.4
CASE9_0757_LINE_8_2,CASE9,757,6,"5,9,3,2,6,8",6,8,2,0,2,CRITICAL,999.0,0.0,10,661.4
CASE9_0757_LINE_8_9,CASE9,757,6,"5,9,3,2,6,8",7,8,9,0,2,CRITICAL,999.0,0.0,10,661.4
CASE9_0757_LINE_9_4,CASE9,757,6,"5,9,3,2,6,8",8,9,4,0,2,CRITICAL,999.0,0.0,10,661.4
CASE9_0758_LINE_1_4,CASE9,758,2,"6,7",0,1,4,0,2,CRITICAL,999.0,0.0,10,337.6
CASE9_0758_LINE_4_5,CASE9,758,2,"6,7",1,4,5,1,2,CRITICAL,65.2,0.895,1,337.6
CASE9_0758_LINE_5_6,CASE9,758,2,"6,7",2,5,6,1,1,ALERT,65.2,0.925,0,337.6
CASE9_0758_LINE_3_6,CASE9,758,2,"6,7",3,3,6,0,2,CRITICAL,999.0,0.0,10,337.6
CASE9_0758_LINE_6_7,CASE9,758,2,"6,7",4,6,7,1,0,SAFE,65.2,0.952,0,337.6
CASE9_0758_LINE_7_8,CASE9,758,2,"6,7",5,7,8,1,1,ALERT,65.3,0.933,0,337.6
CASE9_0758_LINE_8_2,CASE9,758,2,"6,7",6,8,2,0,2,CRITICAL,999.0,0.0,10,337.6
CASE9_0758_LINE_8_9,CASE9,758,2,"6,7",7,8,9,1,2,CRITICAL,77.2,0.895,1,337.6
CASE9_0758_LINE_9_4,CASE9,758,2,"6,7",8,9,4,1,2,CRITICAL,68.2,0.802,1,337.6
CASE9_0759_LINE_1_4,CASE9,759,2,"9,3",0,1,4,0,2,CRITICAL,999.0,0.0,10,444.8
CASE9_0759_LINE_4_5,CASE9,759,2,"9,3",1,4,5,1,2,CRITICAL,90.1,0.889,1,444.8
CASE9_0759_LINE_5_6,CASE9,759,2,"9,3",2,5,6,1,1,ALERT,88.3,0.913,0,444.8
CASE9_0759_LINE_3_6,CASE9,759,2,"9,3",3,3,6,0,2,CRITICAL,999.0,0.0,10,444.8
CASE9_0759_LINE_6_7,CASE9,759,2,"9,3",4,6,7,1,1,ALERT,84.2,0.921,0,444.8
CASE9_0759_LINE_7_8,CASE9,759,2,"9,3",5,7,8,1,2,CRITICAL,96.2,0.895,1,444.8
CASE9_0759_LINE_8_2,CASE9,759,2,"9,3",6,8,2,0,2,CRITICAL,999.0,0.0,10,444.8
CASE9_0759_LINE_8_9,CASE9,759,2,"9,3",7,8,9,1,2,CRITICAL,96.7,0.832,1,444.8
CASE9_0759_LINE_9_4,CASE9,759,2,"9,3",8,9,4,0,2,CRITICAL,999.0,0.0,10,444.8
CASE9_0760_LINE_1_4,CASE9,760,1,7,0,1,4,0,2,CRITICAL,999.0,0.0,10,365.1
CASE9_0760_LINE_4_5,CASE9,760,1,7,1,4,5,1,2,CRITICAL,65.8,0.896,1,365.1
CASE9_0760_LINE_5_6,CASE9,760,1,7,2,5,6,1,1,ALERT,65.6,0.926,0,365.1
CASE9_0760_LINE_3_6,CASE9,760,1,7,3,3,6,0,2,CRITICAL,999.0,0.0,10,365.1
CASE9_0760_LINE_6_7,CASE9,760,1,7,4,6,7,1,1,ALERT,68.8,0.9,0,365.1
CASE9_0760_LINE_7_8,CASE9,760,1,7,5,7,8,1,2,CRITICAL,112.5,0.859,2,365.1
CASE9_0760_LINE_8_2,CASE9,760,1,7,6,8,2,0,2,CRITICAL,999.0,0.0,10,365.1
CASE9_0760_LINE_8_9,CASE9,760,1,7,7,8,9,1,1,ALERT,65.6,0.901,0,365.1
CASE9_0760_LINE_9_4,CASE9,760,1,7,8,9,4,1,2,CRITICAL,85.3,0.771,1,365.1
CASE9_0751_LINE_1_4,CASE9,751,8,"3,6,7,4,9,5,2,8",0,1,4,0,2,CRITICAL,999.0,0.0,10,675.4
CASE9_0751_LINE_4_5,CASE9,751,8,"3,6,7,4,9,5,2,8",1,4,5,0,2,CRITICAL,999.0,0.0,10,675.4
CASE9_0751_LINE_5_6,CASE9,751,8,"3,6,7,4,9,5,2,8",2,5,6,0,2,CRITICAL,999.0,0.0,10,675.4
CASE9_0751_LINE_3_6,CASE9,751,8,"3,6,7,4,9,5,2,8",3,3,6,0,2,CRITICAL,999.0,0.0,10,675.4
CASE9_0751_LINE_6_7,CASE9,751,8,"3,6,7,4,9,5,2,8",4,6,7,1,2,CRITICAL,201.5,0.84,4,675.4
CASE9_0751_LINE_7_8,CASE9,751,8,"3,6,7,4,9,5,2,8",5,7,8,0,2,CRITICAL,999.0,0.0,10,675.4
CASE9_0751_LINE_8_2,CASE9,751,8,"3,6,7,4,9,5,2,8",6,8,2,0,2,CRITICAL,999.0,0.0,10,675.4
CASE9_0751_LINE_8_9,CASE9,751,8,"3,6,7,4,9,5,2,8",7,8,9,0,2,CRITICAL,999.0,0.0,10,675.4
CASE9_0751_LINE_9_4,CASE9,751,8,"3,6,7,4,9,5,2,8",8,9,4,0,2,CRITICAL,999.0,0.0,10,675.4
CASE9_0752_LINE_1_4,CASE9,752,4,"8,6,4,3",0,1,4,0,2,CRITICAL,999.0,0.0,10,545.1
CASE9_0752_LINE_4_5,CASE9,752,4,"8,6,4,3",1,4,5,1,2,CRITICAL,152.5,0.837,5,545.1
CASE9_0752_LINE_5_6,CASE9,752,4,"8,6,4,3",2,5,6,1,2,CRITICAL,131.1,0.903,1,545.1
CASE9_0752_LINE_3_6,CASE9,752,4,"8,6,4,3",3,3,6,0,2,CRITICAL,999.0,0.0,10,545.1
CASE9_0752_LINE_6_7,CASE9,752,4,"8,6,4,3",4,6,7,1,2,CRITICAL,126.2,0.922,1,545.1
CASE9_0752_LINE_7_8,CASE9,752,4,"8,6,4,3",5,7,8,1,2,CRITICAL,141.1,0.875,5,545.1
CASE9_0752_LINE_8_2,CASE9,752,4,"8,6,4,3",6,8,2,0,2,CRITICAL,999.0,0.0,10,545.1
CASE9_0752_LINE_8_9,CASE9,752,4,"8,6,4,3",7,8,9,1,2,CRITICAL,130.8,0.886,2,545.1
CASE9_0752_LINE_9_4,CASE9,752,4,"8,6,4,3",8,9,4,0,2,CRITICAL,999.0,0.0,10,545.1
CASE9_0753_LINE_1_4,CASE9,753,6,"5,4,9,3,6,8",0,1,4,0,2,CRITICAL,999.0,0.0,10,481.0
CASE9_0753_LINE_4_5,CASE9,753,6,"5,4,9,3,6,8",1,4,5,1,1,ALERT,100.0,0.955,0,481.0
CASE9_0753_LINE_5_6,CASE9,753,6,"5,4,9,3,6,8",2,5,6,1,1,ALERT,97.2,0.954,0,481.0
CASE9_0753_LINE_3_6,CASE9,753,6,"5,4,9,3,6,8",3,3,6,0,2,CRITICAL,999.0,0.0,10,481.0
CASE9_0753_LINE_6_7,CASE9,753,6,"5,4,9,3,6,8",4,6,7,1,1,ALERT,95.8,0.929,0,481.0
CASE9_0753_LINE_7_8,CASE9,753,6,"5,4,9,3,6,8",5,7,8,1,2,CRITICAL,101.8,0.913,1,481.0
CASE9_0753_LINE_8_2,CASE9,753,6,"5,4,9,3,6,8",6,8,2,0,2,CRITICAL,999.0,0.0,10,481.0
CASE9_0753_LINE_8_9,CASE9,753,6,"5,4,9,3,6,8",7,8,9,1,1,ALERT,96.7,0.952,0,481.0
CASE9_0753_LINE_9_4,CASE9,753,6,"5,4,9,3,6,8",8,9,4,1,1,ALERT,99.7,0.909,0,481.0
CASE9_0754_LINE_1_4,CASE9,754,1,7,0,1,4,0,2,CRITICAL,999.0,0.0,10,384.3
CASE9_0754_LINE_4_5,CASE9,754,1,7,1,4,5,1,2,CRITICAL,71.7,0.89,1,384.3
CASE9_0754_LINE_5_6,CASE9,754,1,7,2,5,6,1,1,ALERT,65.8,0.926,0,384.3
CASE9_0754_LINE_3_6,CASE9,754,1,7,3,3,6,0,2,CRITICAL,999.0,0.0,10,384.3
CASE9_0754_LINE_6_7,CASE9,754,1,7,4,6,7,1,2,CRITICAL,71.7,0.878,1,384.3
CASE9_0754_LINE_7_8,CASE9,754,1,7,5,7,8,1,2,CRITICAL,131.4,0.816,2,384.3
CASE9_0754_LINE_8_2,CASE9,754,1,7,6,8,2,0,2,CRITICAL,999.0,0.0,10,384.3
CASE9_0754_LINE_8_9,CASE9,754,1,7,7,8,9,1,1,ALERT,65.8,0.903,0,384.3
CASE9_0754_LINE_9_4,CASE9,754,1,7,8,9,4,1,2,CRITICAL,99.4,0.76,1,384.3
CASE9_0755_LINE_1_4,CASE9,755,7,"8,7,2,4,9,5,6",0,1,4,0,2,CRITICAL,999.0,0.0,10,624.0
CASE9_0755_LINE_4_5,CASE9,755,7,"8,7,2,4,9,5,6",1,4,5,0,2,CRITICAL,999.0,0.0,10,624.0
CASE9_0755_LINE_5_6,CASE9,755,7,"8,7,2,4,9,5,6",2,5,6,1,2,CRITICAL,177.9,0.829,3,624.0
CASE9_0755_LINE_3_6,CASE9,755,7,"8,7,2,4,9,5,6",3,3,6,0,2,CRITICAL,999.0,0.0,10,624.0
CASE9_0755_LINE_6_7,CASE9,755,7,"8,7,2,4,9,5,6",4,6,7,1,2,CRITICAL,173.6,0.85,3,624.0
CASE9_0755_LINE_7_8,CASE9,755,7,"8,7,2,4,9,5,6",5,7,8,1,2,CRITICAL,170.2,0.891,4,624.0
CASE9_0755_LINE_8_2,CASE9,755,7,"8,7,2,4,9,5,6",6,8,2,0,2,CRITICAL,999.0,0.0,10,624.0
CASE9_0755_LINE_8_9,CASE9,755,7,"8,7,2,4,9,5,6",7,8,9,1,2,CRITICAL,180.8,0.786,4,624.0
CASE9_0755_LINE_9_4,CASE9,755,7,"8,7,2,4,9,5,6",8,9,4,0,2,CRITICAL,999.0,0.0,10,624.0
CASE9_0761_LINE_1_4,CASE9,761,2,"6,3",0,1,4,0,2,CRITICAL,999.0,0.0,10,459.0
CASE9_0761_LINE_4_5,CASE9,761,2,"6,3",1,4,5,1,2,CRITICAL,108.8,0.847,4,459.0
CASE9_0761_LINE_5_6,CASE9,761,2,"6,3",2,5,6,1,1,ALERT,91.1,0.926,0,459.0
CASE9_0761_LINE_3_6,CASE9,761,2,"6,3",3,3,6,0,2,CRITICAL,999.0,0.0,10,459.0
CASE9_0761_LINE_6_7,CASE9,761,2,"6,3",4,6,7,1,1,ALERT,90.2,0.945,0,459.0
CASE9_0761_LINE_7_8,CASE9,761,2,"6,3",5,7,8,1,2,CRITICAL,122.7,0.842,6,459.0
CASE9_0761_LINE_8_2,CASE9,761,2,"6,3",6,8,2,0,2,CRITICAL,999.0,0.0,10,459.0
CASE9_0761_LINE_8_9,CASE9,761,2,"6,3",7,8,9,1,1,ALERT,92.1,0.904,0,459.0
CASE9_0761_LINE_9_4,CASE9,761,2,"6,3",8,9,4,1,2,CRITICAL,100.2,0.772,2,459.0
CASE9_0762_LINE_1_4,CASE9,762,5,"4,6,2,5,9",0,1,4,0,2,CRITICAL,999.0,0.0,10,395.1
CASE9_0762_LINE_4_5,CASE9,762,5,"4,6,2,5,9",1,4,5,1,2,CRITICAL,67.2,0.89,1,395.1
CASE9_0762_LINE_5_6,CASE9,762,5,"4,6,2,5,9",2,5,6,1,1,ALERT,68.4,0.914,0,395.1
CASE9_0762_LINE_3_6,CASE9,762,5,"4,6,2,5,9",3,3,6,0,2,CRITICAL,999.0,0.0,10,395.1
CASE9_0762_LINE_6_7,CASE9,762,5,"4,6,2,5,9",4,6,7,1,1,ALERT,62.7,0.947,0,395.1
CASE9_0762_LINE_7_8,CASE9,762,5,"4,6,2,5,9",5,7,8,1,1,ALERT,70.3,0.93,0,395.1
CASE9_0762_LINE_8_2,CASE9,762,5,"4,6,2,5,9",6,8,2,0,2,CRITICAL,999.0,0.0,10,395.1
CASE9_0762_LINE_8_9,CASE9,762,5,"4,6,2,5,9",7,8,9,1,1,ALERT,70.8,0.9,0,395.1
CASE9_0762_LINE_9_4,CASE9,762,5,"4,6,2,5,9",8,9,4,1,2,CRITICAL,63.6,0.823,1,395.1
CASE9_0763_LINE_1_4,CASE9,763,5,"3,4,6,9,7",0,1,4,0,2,CRITICAL,999.0,0.0,10,667.7
CASE9_0763_LINE_4_5,CASE9,763,5,"3,4,6,9,7",1,4,5,0,2,CRITICAL,999.0,0.0,10,667.7
CASE9_0763_LINE_5_6,CASE9,763,5,"3,4,6,9,7",2,5,6,0,2,CRITICAL,999.0,0.0,10,667.7
CASE9_0763_LINE_3_6,CASE9,763,5,"3,4,6,9,7",3,3,6,0,2,CRITICAL,999.0,0.0,10,667.7
CASE9_0763_LINE_6_7,CASE9,763,5,"3,4,6,9,7",4,6,7,1,2,CRITICAL,199.1,0.805,5,667.7
CASE9_0763_LINE_7_8,CASE9,763,5,"3,4,6,9,7",5,7,8,0,2,CRITICAL,999.0,0.0,10,667.7
CASE9_0763_LINE_8_2,CASE9,763,5,"3,4,6,9,7",6,8,2,0,2,CRITICAL,999.0,0.0,10,667.7
CASE9_0763_LINE_8_9,CASE9,763,5,"3,4,6,9,7",7,8,9,1,2,CRITICAL,229.9,0.67,4,667.7
CASE9_0763_LINE_9_4,CASE9,763,5,"3,4,6,9,7",8,9,4,0,2,CRITICAL,999.0,0.0,10,667.7
CASE9_0764_LINE_1_4,CASE9,764,6,"9,8,3,4,2,5",0,1,4,0,2,CRITICAL,999.0,0.0,10,577.7
CASE9_0764_LINE_4_5,CASE9,764,6,"9,8,3,4,2,5",1,4,5,0,2,CRITICAL,999.0,0.0,10,577.7
CASE9_0764_LINE_5_6,CASE9,764,6,"9,8,3,4,2,5",2,5,6,1,2,CRITICAL,156.2,0.804,3,577.7
CASE9_0764_LINE_3_6,CASE9,764,6,"9,8,3,4,2,5",3,3,6,0,2,CRITICAL,999.0,0.0,10,577.7
CASE9_0764_LINE_6_7,CASE9,764,6,"9,8,3,4,2,5",4,6,7,1,2,CRITICAL,144.1,0.915,1,577.7
CASE9_0764_LINE_7_8,CASE9,764,6,"9,8,3,4,2,5",5,7,8,1,2,CRITICAL,154.0,0.87,2,577.7
CASE9_0764_LINE_8_2,CASE9,764,6,"9,8,3,4,2,5",6,8,2,0,2,CRITICAL,999.0,0.0,10,577.7
CASE9_0764_LINE_8_9,CASE9,764,6,"9,8,3,4,2,5",7,8,9,1,2,CRITICAL,152.6,0.843,3,577.7
CASE9_0764_LINE_9_4,CASE9,764,6,"9,8,3,4,2,5",8,9,4,0,2,CRITICAL,999.0,0.0,10,577.7
CASE9_0765_LINE_1_4,CASE9,765,7,"7,2,6,3,9,4,5",0,1,4,0,2,CRITICAL,999.0,0.0,10,617.2
CASE9_0765_LINE_4_5,CASE9,765,7,"7,2,6,3,9,4,5",1,4,5,1,2,CRITICAL,204.8,0.747,6,617.2
CASE9_0765_LINE_5_6,CASE9,765,7,"7,2,6,3,9,4,5",2,5,6,1,2,CRITICAL,172.2,0.859,4,617.2
CASE9_0765_LINE_3_6,CASE9,765,7,"7,2,6,3,9,4,5",3,3,6,0,2,CRITICAL,999.0,0.0,10,617.2
CASE9_0765_LINE_6_7,CASE9,765,7,"7,2,6,3,9,4,5",4,6,7,1,2,CRITICAL,161.8,0.889,3,617.2
CASE9_0765_LINE_7_8,CASE9,765,7,"7,2,6,3,9,4,5",5,7,8,1,2,CRITICAL,186.7,0.798,7,617.2
CASE9_0765_LINE_8_2,CASE9,765,7,"7,2,6,3,9,4,5",6,8,2,0,2,CRITICAL,999.0,0.0,10,617.2
CASE9_0765_LINE_8_9,CASE9,765,7,"7,2,6,3,9,4,5",7,8,9,1,2,CRITICAL,171.8,0.81,2,617.2
CASE9_0765_LINE_9_4,CASE9,765,7,"7,2,6,3,9,4,5",8,9,4,0,2,CRITICAL,999.0,0.0,10,617.2
CASE9_0766_LINE_1_4,CASE9,766,6,"4,2,7,8,9,3",0,1,4,0,2,CRITICAL,999.0,0.0,10,649.2
CASE9_0766_LINE_4_5,CASE9,766,6,"4,2,7,8,9,3",1,4,5,0,2,CRITICAL,999.0,0.0,10,649.2
CASE9_0766_LINE_5_6,CASE9,766,6,"4,2,7,8,9,3",2,5,6,1,2,CRITICAL,186.6,0.86,3,649.2
CASE9_0766_LINE_3_6,CASE9,766,6,"4,2,7,8,9,3",3,3,6,0,2,CRITICAL,999.0,0.0,10,649.2
CASE9_0766_LINE_6_7,CASE9,766,6,"4,2,7,8,9,3",4,6,7,1,2,CRITICAL,184.7,0.849,4,649.2
CASE9_0766_LINE_7_8,CASE9,766,6,"4,2,7,8,9,3",5,7,8,1,2,CRITICAL,177.0,0.903,1,649.2
CASE9_0766_LINE_8_2,CASE9,766,6,"4,2,7,8,9,3",6,8,2,0,2,CRITICAL,999.0,0.0,10,649.2
CASE9_0766_LINE_8_9,CASE9,766,6,"4,2,7,8,9,3",7,8,9,1,2,CRITICAL,188.1,0.808,2,649.2
CASE9_0766_LINE_9_4,CASE9,766,6,"4,2,7,8,9,3",8,9,4,0,2,CRITICAL,999.0,0.0,10,649.2
CASE9_0767_LINE_1_4,CASE9,767,3,"5,3,4",0,1,4,0,2,CRITICAL,999.0,0.0,10,437.8
CASE9_0767_LINE_4_5,CASE9,767,3,"5,3,4",1,4,5,1,2,CRITICAL,83.6,0.887,1,437.8
CASE9_0767_LINE_5_6,CASE9,767,3,"5,3,4",2,5,6,1,2,CRITICAL,91.3,0.892,1,437.8
CASE9_0767_LINE_3_6,CASE9,767,3,"5,3,4",3,3,6,0,2,CRITICAL,999.0,0.0,10,437.8
CASE9_0767_LINE_6_7,CASE9,767,3,"5,3,4",4,6,7,1,1,ALERT,82.7,0.938,0,437.8
CASE9_0767_LINE_7_8,CASE9,767,3,"5,3,4",5,7,8,1,1,ALERT,90.2,0.915,0,437.8
CASE9_0767_LINE_8_2,CASE9,767,3,"5,3,4",6,8,2,0,2,CRITICAL,999.0,0.0,10,437.8
CASE9_0767_LINE_8_9,CASE9,767,3,"5,3,4",7,8,9,1,2,CRITICAL,95.7,0.869,1,437.8
CASE9_0767_LINE_9_4,CASE9,767,3,"5,3,4",8,9,4,1,2,CRITICAL,83.1,0.791,1,437.8
CASE9_0768_LINE_1_4,CASE9,768,6,"7,8,3,4,2,9",0,1,4,0,2,CRITICAL,999.0,0.0,10,698.8
CASE9_0768_LINE_4_5,CASE9,768,6,"7,8,3,4,2,9",1,4,5,0,2,CRITICAL,999.0,0.0,10,698.8
CASE9_0768_LINE_5_6,CASE9,768,6,"7,8,3,4,2,9",2,5,6,0,2,CRITICAL,999.0,0.0,10,698.8
CASE9_0768_LINE_3_6,CASE9,768,6,"7,8,3,4,2,9",3,3,6,0,2,CRITICAL,999.0,0.0,10,698.8
CASE9_0768_LINE_6_7,CASE9,768,6,"7,8,3,4,2,9",4,6,7,0,2,CRITICAL,999.0,0.0,10,698.8
CASE9_0768_LINE_7_8,CASE9,768,6,"7,8,3,4,2,9",5,7,8,0,2,CRITICAL,999.0,0.0,10,698.8
CASE9_0768_LINE_8_2,CASE9,768,6,"7,8,3,4,2,9",6,8,2,0,2,CRITICAL,999.0,0.0,10,698.8
CASE9_0768_LINE_8_9,CASE9,768,6,"7,8,3,4,2,9",7,8,9,1,2,CRITICAL,252.5,0.665,4,698.8
CASE9_0768_LINE_9_4,CASE9,768,6,"7,8,3,4,2,9",8,9,4,0,2,CRITICAL,999.0,0.0,10,698.8
CASE9_0769_LINE_1_4,CASE9,769,8,"5,8,2,7,3,4,9,6",0,1,4,0,2,CRITICAL,999.0,0.0,10,512.7
CASE9_0769_LINE_4_5,CASE9,769,8,"5,8,2,7,3,4,9,6",1,4,5,1,2,CRITICAL,125.9,0.885,4,512.7
CASE9_0769_LINE_5_6,CASE9,769,8,"5,8,2,7,3,4,9,6",2,5,6,1,2,CRITICAL,115.2,0.926,1,512.7
CASE9_0769_LINE_3_6,CASE9,769,8,"5,8,2,7,3,4,9,6",3,3,6,0,2,CRITICAL,999.0,0.0,10,512.7
CASE9_0769_LINE_6_7,CASE9,769,8,"5,8,2,7,3,4,9,6",4,6,7,1,2,CRITICAL,111.6,0.932,1,512.7
CASE9_0769_LINE_7_8,CASE9,769,8,"5,8,2,7,3,4,9,6",5,7,8,1,2,CRITICAL,127.9,0.866,4,512.7
CASE9_0769_LINE_8_2,CASE9,769,8,"5,8,2,7,3,4,9,6",6,8,2,0,2,CRITICAL,999.0,0.0,10,512.7
CASE9_0769_LINE_8_9,CASE9,769,8,"5,8,2,7,3,4,9,6",7,8,9,1,2,CRITICAL,116.0,0.884,2,512.7
CASE9_0769_LINE_9_4,CASE9,769,8,"5,8,2,7,3,4,9,6",8,9,4,1,2,CRITICAL,153.1,0.624,9,512.7
CASE9_0770_LINE_1_4,CASE9,770,6,"5,3,9,2,8,7",0,1,4,0,2,CRITICAL,999.0,0.0,10,731.3
CASE9_0770_LINE_4_5,CASE9,770,6,"5,3,9,2,8,7",1,4,5,0,2,CRITICAL,999.0,0.0,10,731.3
CASE9_0770_LINE_5_6,CASE9,770,6,"5,3,9,2,8,7",2,5,6,0,2,CRITICAL,999.0,0.0,10,731.3
CASE9_0770_LINE_3_6,CASE9,770,6,"5,3,9,2,8,7",3,3,6,0,2,CRITICAL,999.0,0.0,10,731.3
CASE9_0770_LINE_6_7,CASE9,770,6,"5,3,9,2,8,7",4,6,7,0,2,CRITICAL,999.0,0.0,10,731.3
CASE9_0770_LINE_7_8,CASE9,770,6,"5,3,9,2,8,7",5,7,8,0,2,CRITICAL,999.0,0.0,10,731.3
CASE9_0770_LINE_8_2,CASE9,770,6,"5,3,9,2,8,7",6,8,2,0,2,CRITICAL,999.0,0.0,10,731.3
CASE9_0770_LINE_8_9,CASE9,770,6,"5,3,9,2,8,7",7,8,9,0,2,CRITICAL,999.0,0.0,10,731.3
CASE9_0770_LINE_9_4,CASE9,770,6,"5,3,9,2,8,7",8,9,4,0,2,CRITICAL,999.0,0.0,10,731.3
CASE9_0776_LINE_1_4,CASE9,776,6,"2,9,7,8,3,6",0,1,4,0,2,CRITICAL,999.0,0.0,10,518.1
CASE9_0776_LINE_4_5,CASE9,776,6,"2,9,7,8,3,6",1,4,5,1,2,CRITICAL,135.3,0.854,4,518.1
CASE9_0776_LINE_5_6,CASE9,776,6,"2,9,7,8,3,6",2,5,6,1,2,CRITICAL,118.2,0.911,1,518.1
CASE9_0776_LINE_3_6,CASE9,776,6,"2,9,7,8,3,6",3,3,6,0,2,CRITICAL,999.0,0.0,10,518.1
CASE9_0776_LINE_6_7,CASE9,776,6,"2,9,7,8,3,6",4,6,7,1,2,CRITICAL,113.9,0.938,1,518.1
CASE9_0776_LINE_7_8,CASE9,776,6,"2,9,7,8,3,6",5,7,8,1,2,CRITICAL,117.7,0.936,1,518.1
CASE9_0776_LINE_8_2,CASE9,776,6,"2,9,7,8,3,6",6,8,2,0,2,CRITICAL,999.0,0.0,10,518.1
CASE9_0776_LINE_8_9,CASE9,776,6,"2,9,7,8,3,6",7,8,9,1,2,CRITICAL,119.2,0.876,2,518.1
CASE9_0776_LINE_9_4,CASE9,776,6,"2,9,7,8,3,6",8,9,4,0,2,CRITICAL,999.0,0.0,10,518.1
CASE9_0777_LINE_1_4,CASE9,777,3,"7,3,5",0,1,4,0,2,CRITICAL,999.0,0.0,10,349.2
CASE9_0777_LINE_4_5,CASE9,777,3,"7,3,5",1,4,5,1,0,SAFE,65.2,0.964,0,349.2
CASE9_0777_LINE_5_6,CASE9,777,3,"7,3,5",2,5,6,1,0,SAFE,65.2,0.959,0,349.2
CASE9_0777_LINE_3_6,CASE9,777,3,"7,3,5",3,3,6,0,2,CRITICAL,999.0,0.0,10,349.2
CASE9_0777_LINE_6_7,CASE9,777,3,"7,3,5",4,6,7,1,0,SAFE,65.3,0.96,0,349.2
CASE9_0777_LINE_7_8,CASE9,777,3,"7,3,5",5,7,8,1,1,ALERT,67.9,0.936,0,349.2
CASE9_0777_LINE_8_2,CASE9,777,3,"7,3,5",6,8,2,0,2,CRITICAL,999.0,0.0,10,349.2
CASE9_0777_LINE_8_9,CASE9,777,3,"7,3,5",7,8,9,1,1,ALERT,65.2,0.912,0,349.2
CASE9_0777_LINE_9_4,CASE9,777,3,"7,3,5",8,9,4,1,2,CRITICAL,68.4,0.801,1,349.2
CASE9_0778_LINE_1_4,CASE9,778,8,"6,3,7,2,9,4,5,8",0,1,4,0,2,CRITICAL,999.0,0.0,10,653.7
CASE9_0778_LINE_4_5,CASE9,778,8,"6,3,7,2,9,4,5,8",1,4,5,0,2,CRITICAL,999.0,0.0,10,653.7
CASE9_0778_LINE_5_6,CASE9,778,8,"6,3,7,2,9,4,5,8",2,5,6,0,2,CRITICAL,999.0,0.0,10,653.7
CASE9_0778_LINE_3_6,CASE9,778,8,"6,3,7,2,9,4,5,8",3,3,6,0,2,CRITICAL,999.0,0.0,10,653.7
CASE9_0778_LINE_6_7,CASE9,778,8,"6,3,7,2,9,4,5,8",4,6,7,1,2,CRITICAL,214.5,0.729,8,653.7
CASE9_0778_LINE_7_8,CASE9,778,8,"6,3,7,2,9,4,5,8",5,7,8,0,2,CRITICAL,999.0,0.0,10,653.7
CASE9_0778_LINE_8_2,CASE9,778,8,"6,3,7,2,9,4,5,8",6,8,2,0,2,CRITICAL,999.0,0.0,10,653.7
CASE9_0778_LINE_8_9,CASE9,778,8,"6,3,7,2,9,4,5,8",7,8,9,1,2,CRITICAL,205.6,0.767,5,653.7
CASE9_0778_LINE_9_4,CASE9,778,8,"6,3,7,2,9,4,5,8",8,9,4,0,2,CRITICAL,999.0,0.0,10,653.7
CASE9_0779_LINE_1_4,CASE9,779,1,9,0,1,4,0,2,CRITICAL,999.0,0.0,10,372.6
CASE9_0779_LINE_4_5,CASE9,779,1,9,1,4,5,1,1,ALERT,65.5,0.905,0,372.6
CASE9_0779_LINE_5_6,CASE9,779,1,9,2,5,6,1,2,CRITICAL,66.0,0.894,1,372.6
CASE9_0779_LINE_3_6,CASE9,779,1,9,3,3,6,0,2,CRITICAL,999.0,0.0,10,372.6
CASE9_0779_LINE_6_7,CASE9,779,1,9,4,6,7,1,1,ALERT,67.0,0.916,0,372.6
CASE9_0779_LINE_7_8,CASE9,779,1,9,5,7,8,1,1,ALERT,70.2,0.903,0,372.6
CASE9_0779_LINE_8_2,CASE9,779,1,9,6,8,2,0,2,CRITICAL,999.0,0.0,10,372.6
CASE9_0779_LINE_8_9,CASE9,779,1,9,7,8,9,1,2,CRITICAL,90.9,0.806,1,372.6
CASE9_0779_LINE_9_4,CASE9,779,1,9,8,9,4,0,2,CRITICAL,999.0,0.0,10,372.6
CASE9_0780_LINE_1_4,CASE9,780,5,"4,8,2,5,7",0,1,4,0,2,CRITICAL,999.0,0.0,10,580.1
CASE9_0780_LINE_4_5,CASE9,780,5,"4,8,2,5,7",1,4,5,0,2,CRITICAL,999.0,0.0,10,580.1
CASE9_0780_LINE_5_6,CASE9,780,5,"4,8,2,5,7",2,5,6,1,2,CRITICAL,160.4,0.789,3,580.1
CASE9_0780_LINE_3_6,CASE9,780,5,"4,8,2,5,7",3,3,6,0,2,CRITICAL,999.0,0.0,10,580.1
CASE9_0780_LINE_6_7,CASE9,780,5,"4,8,2,5,7",4,6,7,1,2,CRITICAL,147.4,0.906,1,580.1
CASE9_0780_LINE_7_8,CASE9,780,5,"4,8,2,5,7",5,7,8,1,2,CRITICAL,146.4,0.902,1,580.1
CASE9_0780_LINE_8_2,CASE9,780,5,"4,8,2,5,7",6,8,2,0,2,CRITICAL,999.0,0.0,10,580.1
CASE9_0780_LINE_8_9,CASE9,780,5,"4,8,2,5,7",7,8,9,1,2,CRITICAL,153.0,0.854,3,580.1
CASE9_0780_LINE_9_4,CASE9,780,5,"4,8,2,5,7",8,9,4,1,2,CRITICAL,166.0,0.727,5,580.1
CASE9_0771_LINE_1_4,CASE9,771,6,"6,3,5,9,2,7",0,1,4,0,2,CRITICAL,999.0,0.0,10,718.8
CASE9_0771_LINE_4_5,CASE9,771,6,"6,3,5,9,2,7",1,4,5,0,2,CRITICAL,999.0,0.0,10,718.8
CASE9_0771_LINE_5_6,CASE9,771,6,"6,3,5,9,2,7",2,5,6,0,2,CRITICAL,999.0,0.0,10,718.8
CASE9_0771_LINE_3_6,CASE9,771,6,"6,3,5,9,2,7",3,3,6,0,2,CRITICAL,999.0,0.0,10,718.8
CASE9_0771_LINE_6_7,CASE9,771,6,"6,3,5,9,2,7",4,6,7,1,2,CRITICAL,241.8,0.791,6,718.8
CASE9_0771_LINE_7_8,CASE9,771,6,"6,3,5,9,2,7",5,7,8,0,2,CRITICAL,999.0,0.0,10,718.8
CASE9_0771_LINE_8_2,CASE9,771,6,"6,3,5,9,2,7",6,8,2,0,2,CRITICAL,999.0,0.0,10,718.8
CASE9_0771_LINE_8_9,CASE9,771,6,"6,3,5,9,2,7",7,8,9,0,2,CRITICAL,999.0,0.0,10,718.8
CASE9_0771_LINE_9_4,CASE9,771,6,"6,3,5,9,2,7",8,9,4,0,2,CRITICAL,999.0,0.0,10,718.8
CASE9_0772_LINE_1_4,CASE9,772,4,"7,4,9,5",0,1,4,0,2,CRITICAL,999.0,0.0,10,499.8
CASE9_0772_LINE_4_5,CASE9,772,4,"7,4,9,5",1,4,5,1,2,CRITICAL,120.8,0.689,2,499.8
CASE9_0772_LINE_5_6,CASE9,772,4,"7,4,9,5",2,5,6,1,2,CRITICAL,122.0,0.838,3,499.8
CASE9_0772_LINE_3_6,CASE9,772,4,"7,4,9,5",3,3,6,0,2,CRITICAL,999.0,0.0,10,499.8
CASE9_0772_LINE_6_7,CASE9,772,4,"7,4,9,5",4,6,7,1,2,CRITICAL,111.4,0.905,1,499.8
CASE9_0772_LINE_7_8,CASE9,772,4,"7,4,9,5",5,7,8,1,2,CRITICAL,123.3,0.866,5,499.8
CASE9_0772_LINE_8_2,CASE9,772,4,"7,4,9,5",6,8,2,0,2,CRITICAL,999.0,0.0,10,499.8
CASE9_0772_LINE_8_9,CASE9,772,4,"7,4,9,5",7,8,9,1,2,CRITICAL,122.9,0.839,3,499.8
CASE9_0772_LINE_9_4,CASE9,772,4,"7,4,9,5",8,9,4,0,2,CRITICAL,999.0,0.0,10,499.8
CASE9_0773_LINE_1_4,CASE9,773,8,"7,3,9,8,4,6,2,5",0,1,4,0,2,CRITICAL,999.0,0.0,10,661.6
CASE9_0773_LINE_4_5,CASE9,773,8,"7,3,9,8,4,6,2,5",1,4,5,0,2,CRITICAL,999.0,0.0,10,661.6
CASE9_0773_LINE_5_6,CASE9,773,8,"7,3,9,8,4,6,2,5",2,5,6,1,2,CRITICAL,198.1,0.811,4,661.6
CASE9_0773_LINE_3_6,CASE9,773,8,"7,3,9,8,4,6,2,5",3,3,6,0,2,CRITICAL,999.0,0.0,10,661.6
CASE9_0773_LINE_6_7,CASE9,773,8,"7,3,9,8,4,6,2,5",4,6,7,1,2,CRITICAL,183.9,0.905,1,661.6
CASE9_0773_LINE_7_8,CASE9,773,8,"7,3,9,8,4,6,2,5",5,7,8,1,2,CRITICAL,192.1,0.859,3,661.6
CASE9_0773_LINE_8_2,CASE9,773,8,"7,3,9,8,4,6,2,5",6,8,2,0,2,CRITICAL,999.0,0.0,10,661.6
CASE9_0773_LINE_8_9,CASE9,773,8,"7,3,9,8,4,6,2,5",7,8,9,1,2,CRITICAL,202.3,0.837,5,661.6
CASE9_0773_LINE_9_4,CASE9,773,8,"7,3,9,8,4,6,2,5",8,9,4,0,2,CRITICAL,999.0,0.0,10,661.6
CASE9_0774_LINE_1_4,CASE9,774,3,"9,4,8",0,1,4,0,2,CRITICAL,999.0,0.0,10,518.3
CASE9_0774_LINE_4_5,CASE9,774,3,"9,4,8",1,4,5,1,2,CRITICAL,130.6,0.841,4,518.3
CASE9_0774_LINE_5_6,CASE9,774,3,"9,4,8",2,5,6,1,2,CRITICAL,127.9,0.855,3,518.3
CASE9_0774_LINE_3_6,CASE9,774,3,"9,4,8",3,3,6,0,2,CRITICAL,999.0,0.0,10,518.3
CASE9_0774_LINE_6_7,CASE9,774,3,"9,4,8",4,6,7,1,2,CRITICAL,128.6,0.838,3,518.3
CASE9_0774_LINE_7_8,CASE9,774,3,"9,4,8",5,7,8,1,2,CRITICAL,121.5,0.872,2,518.3
CASE9_0774_LINE_8_2,CASE9,774,3,"9,4,8",6,8,2,0,2,CRITICAL,999.0,0.0,10,518.3
CASE9_0774_LINE_8_9,CASE9,774,3,"9,4,8",7,8,9,1,2,CRITICAL,155.8,0.673,4,518.3
CASE9_0774_LINE_9_4,CASE9,774,3,"9,4,8",8,9,4,0,2,CRITICAL,999.0,0.0,10,518.3
CASE9_0775_LINE_1_4,CASE9,775,7,"6,9,2,3,5,8,4",0,1,4,0,2,CRITICAL,999.0,0.0,10,675.0
CASE9_0775_LINE_4_5,CASE9,775,7,"6,9,2,3,5,8,4",1,4,5,0,2,CRITICAL,999.0,0.0,10,675.0
CASE9_0775_LINE_5_6,CASE9,775,7,"6,9,2,3,5,8,4",2,5,6,1,2,CRITICAL,204.9,0.836,5,675.0
CASE9_0775_LINE_3_6,CASE9,775,7,"6,9,2,3,5,8,4",3,3,6,0,2,CRITICAL,999.0,0.0,10,675.0
CASE9_0775_LINE_6_7,CASE9,775,7,"6,9,2,3,5,8,4",4,6,7,1,2,CRITICAL,191.4,0.871,2,675.0
CASE9_0775_LINE_7_8,CASE9,775,7,"6,9,2,3,5,8,4",5,7,8,1,2,CRITICAL,196.2,0.884,4,675.0
CASE9_0775_LINE_8_2,CASE9,775,7,"6,9,2,3,5,8,4",6,8,2,0,2,CRITICAL,999.0,0.0,10,675.0
CASE9_0775_LINE_8_9,CASE9,775,7,"6,9,2,3,5,8,4",7,8,9,1,2,CRITICAL,203.8,0.794,4,675.0
CASE9_0775_LINE_9_4,CASE9,775,7,"6,9,2,3,5,8,4",8,9,4,0,2,CRITICAL,999.0,0.0,10,675.0
CASE9_0781_LINE_1_4,CASE9,781,8,"6,5,8,7,4,3,9,2",0,1,4,0,2,CRITICAL,999.0,0.0,10,677.8
CASE9_0781_LINE_4_5,CASE9,781,8,"6,5,8,7,4,3,9,2",1,4,5,0,2,CRITICAL,999.0,0.0,10,677.8
CASE9_0781_LINE_5_6,CASE9,781,8,"6,5,8,7,4,3,9,2",2,5,6,1,2,CRITICAL,226.9,0.791,5,677.8
CASE9_0781_LINE_3_6,CASE9,781,8,"6,5,8,7,4,3,9,2",3,3,6,0,2,CRITICAL,999.0,0.0,10,677.8
CASE9_0781_LINE_6_7,CASE9,781,8,"6,5,8,7,4,3,9,2",4,6,7,1,2,CRITICAL,195.1,0.886,3,677.8
CASE9_0781_LINE_7_8,CASE9,781,8,"6,5,8,7,4,3,9,2",5,7,8,1,2,CRITICAL,216.2,0.803,8,677.8
CASE9_0781_LINE_8_2,CASE9,781,8,"6,5,8,7,4,3,9,2",6,8,2,0,2,CRITICAL,999.0,0.0,10,677.8
CASE9_0781_LINE_8_9,CASE9,781,8,"6,5,8,7,4,3,9,2",7,8,9,1,2,CRITICAL,238.1,0.763,6,677.8
CASE9_0781_LINE_9_4,CASE9,781,8,"6,5,8,7,4,3,9,2",8,9,4,0,2,CRITICAL,999.0,0.0,10,677.8
CASE9_0782_LINE_1_4,CASE9,782,1,4,0,1,4,0,2,CRITICAL,999.0,0.0,10,338.7
CASE9_0782_LINE_4_5,CASE9,782,1,4,1,4,5,1,1,ALERT,65.2,0.907,0,338.7
CASE9_0782_LINE_5_6,CASE9,782,1,4,2,5,6,1,1,ALERT,65.5,0.914,0,338.7
CASE9_0782_LINE_3_6,CASE9,782,1,4,3,3,6,0,2,CRITICAL,999.0,0.0,10,338.7
CASE9_0782_LINE_6_7,CASE9,782,1,4,4,6,7,1,1,ALERT,65.9,0.946,0,338.7
CASE9_0782_LINE_7_8,CASE9,782,1,4,5,7,8,1,1,ALERT,70.2,0.93,0,338.7
CASE9_0782_LINE_8_2,CASE9,782,1,4,6,8,2,0,2,CRITICAL,999.0,0.0,10,338.7
CASE9_0782_LINE_8_9,CASE9,782,1,4,7,8,9,1,2,CRITICAL,91.1,0.885,1,338.7
CASE9_0782_LINE_9_4,CASE9,782,1,4,8,9,4,1,2,CRITICAL,69.3,0.794,1,338.7
CASE9_0783_LINE_1_4,CASE9,783,6,"3,8,9,6,2,4",0,1,4,0,2,CRITICAL,999.0,0.0,10,639.5
CASE9_0783_LINE_4_5,CASE9,783,6,"3,8,9,6,2,4",1,4,5,0,2,CRITICAL,999.0,0.0,10,639.5
CASE9_0783_LINE_5_6,CASE9,783,6,"3,8,9,6,2,4",2,5,6,1,2,CRITICAL,184.0,0.856,3,639.5
CASE9_0783_LINE_3_6,CASE9,783,6,"3,8,9,6,2,4",3,3,6,0,2,CRITICAL,999.0,0.0,10,639.5
CASE9_0783_LINE_6_7,CASE9,783,6,"3,8,9,6,2,4",4,6,7,1,2,CRITICAL,173.7,0.891,2,639.5
CASE9_0783_LINE_7_8,CASE9,783,6,"3,8,9,6,2,4",5,7,8,1,2,CRITICAL,182.6,0.877,4,639.5
CASE9_0783_LINE_8_2,CASE9,783,6,"3,8,9,6,2,4",6,8,2,0,2,CRITICAL,999.0,0.0,10,639.5
CASE9_0783_LINE_8_9,CASE9,783,6,"3,8,9,6,2,4",7,8,9,1,2,CRITICAL,184.1,0.824,3,639.5
CASE9_0783_LINE_9_4,CASE9,783,6,"3,8,9,6,2,4",8,9,4,0,2,CRITICAL,999.0,0.0,10,639.5
CASE9_0784_LINE_1_4,CASE9,784,8,"6,4,7,8,5,3,2,9",0,1,4,0,2,CRITICAL,999.0,0.0,10,688.1
CASE9_0784_LINE_4_5,CASE9,784,8,"6,4,7,8,5,3,2,9",1,4,5,0,2,CRITICAL,999.0,0.0,10,688.1
CASE9_0784_LINE_5_6,CASE9,784,8,"6,4,7,8,5,3,2,9",2,5,6,0,2,CRITICAL,999.0,0.0,10,688.1
CASE9_0784_LINE_3_6,CASE9,784,8,"6,4,7,8,5,3,2,9",3,3,6,0,2,CRITICAL,999.0,0.0,10,688.1
CASE9_0784_LINE_6_7,CASE9,784,8,"6,4,7,8,5,3,2,9",4,6,7,1,2,CRITICAL,223.4,0.739,7,688.1
CASE9_0784_LINE_7_8,CASE9,784,8,"6,4,7,8,5,3,2,9",5,7,8,0,2,CRITICAL,999.0,0.0,10,688.1
CASE9_0784_LINE_8_2,CASE9,784,8,"6,4,7,8,5,3,2,9",6,8,2,0,2,CRITICAL,999.0,0.0,10,688.1
CASE9_0784_LINE_8_9,CASE9,784,8,"6,4,7,8,5,3,2,9",7,8,9,0,2,CRITICAL,999.0,0.0,10,688.1
CASE9_0784_LINE_9_4,CASE9,784,8,"6,4,7,8,5,3,2,9",8,9,4,0,2,CRITICAL,999.0,0.0,10,688.1
CASE9_0785_LINE_1_4,CASE9,785,5,"3,8,2,4,7",0,1,4,0,2,CRITICAL,999.0,0.0,10,564.6
CASE9_0785_LINE_4_5,CASE9,785,5,"3,8,2,4,7",1,4,5,1,2,CRITICAL,149.0,0.884,3,564.6
CASE9_0785_LINE_5_6,CASE9,785,5,"3,8,2,4,7",2,5,6,1,2,CRITICAL,139.6,0.895,2,564.6
CASE9_0785_LINE_3_6,CASE9,785,5,"3,8,2,4,7",3,3,6,0,2,CRITICAL,999.0,0.0,10,564.6
CASE9_0785_LINE_6_7,CASE9,785,5,"3,8,2,4,7",4,6,7,1,2,CRITICAL,136.7,0.92,1,564.6
CASE9_0785_LINE_7_8,CASE9,785,5,"3,8,2,4,7",5,7,8,1,2,CRITICAL,136.5,0.936,1,564.6
CASE9_0785_LINE_8_2,CASE9,785,5,"3,8,2,4,7",6,8,2,0,2,CRITICAL,999.0,0.0,10,564.6
CASE9_0785_LINE_8_9,CASE9,785,5,"3,8,2,4,7",7,8,9,1,2,CRITICAL,140.2,0.876,2,564.6
CASE9_0785_LINE_9_4,CASE9,785,5,"3,8,2,4,7",8,9,4,1,2,CRITICAL,166.6,0.712,7,564.6
CASE9_0806_LINE_1_4,CASE9,806,3,"6,9,5",0,1,4,0,2,CRITICAL,999.0,0.0,10,502.5
CASE9_0806_LINE_4_5,CASE9,806,3,"6,9,5",1,4,5,0,2,CRITICAL,999.0,0.0,10,502.5
CASE9_0806_LINE_5_6,CASE9,806,3,"6,9,5",2,5,6,1,2,CRITICAL,128.2,0.799,3,502.5
CASE9_0806_LINE_3_6,CASE9,806,3,"6,9,5",3,3,6,0,2,CRITICAL,999.0,0.0,10,502.5
CASE9_0806_LINE_6_7,CASE9,806,3,"6,9,5",4,6,7,1,2,CRITICAL,113.6,0.901,1,502.5
CASE9_0806_LINE_7_8,CASE9,806,3,"6,9,5",5,7,8,1,2,CRITICAL,131.4,0.85,5,502.5
CASE9_0806_LINE_8_2,CASE9,806,3,"6,9,5",6,8,2,0,2,CRITICAL,999.0,0.0,10,502.5
CASE9_0806_LINE_8_9,CASE9,806,3,"6,9,5",7,8,9,1,2,CRITICAL,131.2,0.791,3,502.5
CASE9_0806_LINE_9_4,CASE9,806,3,"6,9,5",8,9,4,0,2,CRITICAL,999.0,0.0,10,502.5
CASE9_0807_LINE_1_4,CASE9,807,2,"2,9",0,1,4,0,2,CRITICAL,999.0,0.0,10,329.9
CASE9_0807_LINE_4_5,CASE9,807,2,"2,9",1,4,5,1,1,ALERT,63.2,0.909,0,329.9
CASE9_0807_LINE_5_6,CASE9,807,2,"2,9",2,5,6,1,1,ALERT,56.7,0.932,0,329.9
CASE9_0807_LINE_3_6,CASE9,807,2,"2,9",3,3,6,0,2,CRITICAL,999.0,0.0,10,329.9
CASE9_0807_LINE_6_7,CASE9,807,2,"2,9",4,6,7,1,0,SAFE,55.2,0.951,0,329.9
CASE9_0807_LINE_7_8,CASE9,807,2,"2,9",5,7,8,1,1,ALERT,70.1,0.939,0,329.9
CASE9_0807_LINE_8_2,CASE9,807,2,"2,9",6,8,2,0,2,CRITICAL,999.0,0.0,10,329.9
CASE9_0807_LINE_8_9,CASE9,807,2,"2,9",7,8,9,1,1,ALERT,66.5,0.931,0,329.9
CASE9_0807_LINE_9_4,CASE9,807,2,"2,9",8,9,4,1,2,CRITICAL,55.1,0.877,1,329.9
CASE9_0808_LINE_1_4,CASE9,808,1,2,0,1,4,0,2,CRITICAL,999.0,0.0,10,384.8
CASE9_0808_LINE_4_5,CASE9,808,1,2,1,4,5,1,1,ALERT,63.2,0.907,0,384.8
CASE9_0808_LINE_5_6,CASE9,808,1,2,2,5,6,1,1,ALERT,60.7,0.929,0,384.8
CASE9_0808_LINE_3_6,CASE9,808,1,2,3,3,6,0,2,CRITICAL,999.0,0.0,10,384.8
CASE9_0808_LINE_6_7,CASE9,808,1,2,4,6,7,1,1,ALERT,58.9,0.944,0,384.8
CASE9_0808_LINE_7_8,CASE9,808,1,2,5,7,8,1,1,ALERT,70.1,0.939,0,384.8
CASE9_0808_LINE_8_2,CASE9,808,1,2,6,8,2,0,2,CRITICAL,999.0,0.0,10,384.8
CASE9_0808_LINE_8_9,CASE9,808,1,2,7,8,9,1,1,ALERT,62.5,0.906,0,384.8
CASE9_0808_LINE_9_4,CASE9,808,1,2,8,9,4,1,2,CRITICAL,96.9,0.781,1,384.8
CASE9_0809_LINE_1_4,CASE9,809,4,"2,8,7,5",0,1,4,0,2,CRITICAL,999.0,0.0,10,456.3
CASE9_0809_LINE_4_5,CASE9,809,4,"2,8,7,5",1,4,5,1,2,CRITICAL,103.1,0.679,3,456.3
CASE9_0809_LINE_5_6,CASE9,809,4,"2,8,7,5",2,5,6,1,2,CRITICAL,95.7,0.865,1,456.3
CASE9_0809_LINE_3_6,CASE9,809,4,"2,8,7,5",3,3,6,0,2,CRITICAL,999.0,0.0,10,456.3
CASE9_0809_LINE_6_7,CASE9,809,4,"2,8,7,5",4,6,7,1,1,ALERT,90.1,0.939,0,456.3
CASE9_0809_LINE_7_8,CASE9,809,4,"2,8,7,5",5,7,8,1,1,ALERT,90.2,0.932,0,456.3
CASE9_0809_LINE_8_2,CASE9,809,4,"2,8,7,5",6,8,2,0,2,CRITICAL,999.0,0.0,10,456.3
CASE9_0809_LINE_8_9,CASE9,809,4,"2,8,7,5",7,8,9,1,2,CRITICAL,93.2,0.893,1,456.3
CASE9_0809_LINE_9_4,CASE9,809,4,"2,8,7,5",8,9,4,1,2,CRITICAL,109.5,0.763,2,456.3
CASE9_0810_LINE_1_4,CASE9,810,3,"7,2,8",0,1,4,0,2,CRITICAL,999.0,0.0,10,394.6
CASE9_0810_LINE_4_5,CASE9,810,3,"7,2,8",1,4,5,1,1,ALERT,63.2,0.909,0,394.6
CASE9_0810_LINE_5_6,CASE9,810,3,"7,2,8",2,5,6,1,1,ALERT,64.7,0.928,0,394.6
CASE9_0810_LINE_3_6,CASE9,810,3,"7,2,8",3,3,6,0,2,CRITICAL,999.0,0.0,10,394.6
CASE9_0810_LINE_6_7,CASE9,810,3,"7,2,8",4,6,7,1,1,ALERT,63.0,0.947,0,394.6
CASE9_0810_LINE_7_8,CASE9,810,3,"7,2,8",5,7,8,1,0,SAFE,60.9,0.957,0,394.6
CASE9_0810_LINE_8_2,CASE9,810,3,"7,2,8",6,8,2,0,2,CRITICAL,999.0,0.0,10,394.6
CASE9_0810_LINE_8_9,CASE9,810,3,"7,2,8",7,8,9,1,1,ALERT,65.5,0.907,0,394.6
CASE9_0810_LINE_9_4,CASE9,810,3,"7,2,8",8,9,4,1,2,CRITICAL,104.9,0.752,2,394.6
CASE9_0786_LINE_1_4,CASE9,786,3,"9,8,6",0,1,4,0,2,CRITICAL,999.0,0.0,10,446.0
CASE9_0786_LINE_4_5,CASE9,786,3,"9,8,6",1,4,5,1,2,CRITICAL,89.9,0.873,1,446.0
CASE9_0786_LINE_5_6,CASE9,786,3,"9,8,6",2,5,6,1,1,ALERT,86.8,0.919,0,446.0
CASE9_0786_LINE_3_6,CASE9,786,3,"9,8,6",3,3,6,0,2,CRITICAL,999.0,0.0,10,446.0
CASE9_0786_LINE_6_7,CASE9,786,3,"9,8,6",4,6,7,1,1,ALERT,83.8,0.931,0,446.0
CASE9_0786_LINE_7_8,CASE9,786,3,"9,8,6",5,7,8,1,1,ALERT,91.3,0.903,0,446.0
CASE9_0786_LINE_8_2,CASE9,786,3,"9,8,6",6,8,2,0,2,CRITICAL,999.0,0.0,10,446.0
CASE9_0786_LINE_8_9,CASE9,786,3,"9,8,6",7,8,9,1,2,CRITICAL,90.9,0.868,1,446.0
CASE9_0786_LINE_9_4,CASE9,786,3,"9,8,6",8,9,4,0,2,CRITICAL,999.0,0.0,10,446.0
CASE9_0787_LINE_1_4,CASE9,787,5,"5,7,8,2,6",0,1,4,0,2,CRITICAL,999.0,0.0,10,628.9
CASE9_0787_LINE_4_5,CASE9,787,5,"5,7,8,2,6",1,4,5,0,2,CRITICAL,999.0,0.0,10,628.9
CASE9_0787_LINE_5_6,CASE9,787,5,"5,7,8,2,6",2,5,6,1,2,CRITICAL,191.7,0.755,4,628.9
CASE9_0787_LINE_3_6,CASE9,787,5,"5,7,8,2,6",3,3,6,0,2,CRITICAL,999.0,0.0,10,628.9
CASE9_0787_LINE_6_7,CASE9,787,5,"5,7,8,2,6",4,6,7,1,2,CRITICAL,175.3,0.866,4,628.9
CASE9_0787_LINE_7_8,CASE9,787,5,"5,7,8,2,6",5,7,8,0,2,CRITICAL,999.0,0.0,10,628.9
CASE9_0787_LINE_8_2,CASE9,787,5,"5,7,8,2,6",6,8,2,0,2,CRITICAL,999.0,0.0,10,628.9
CASE9_0787_LINE_8_9,CASE9,787,5,"5,7,8,2,6",7,8,9,1,2,CRITICAL,196.8,0.797,5,628.9
CASE9_0787_LINE_9_4,CASE9,787,5,"5,7,8,2,6",8,9,4,0,2,CRITICAL,999.0,0.0,10,628.9
CASE9_0788_LINE_1_4,CASE9,788,5,"3,8,6,7,2",0,1,4,0,2,CRITICAL,999.0,0.0,10,537.5
CASE9_0788_LINE_4_5,CASE9,788,5,"3,8,6,7,2",1,4,5,0,2,CRITICAL,999.0,0.0,10,537.5
CASE9_0788_LINE_5_6,CASE9,788,5,"3,8,6,7,2",2,5,6,1,2,CRITICAL,129.9,0.904,1,537.5
CASE9_0788_LINE_3_6,CASE9,788,5,"3,8,6,7,2",3,3,6,0,2,CRITICAL,999.0,0.0,10,537.5
CASE9_0788_LINE_6_7,CASE9,788,5,"3,8,6,7,2",4,6,7,1,2,CRITICAL,124.2,0.934,1,537.5
CASE9_0788_LINE_7_8,CASE9,788,5,"3,8,6,7,2",5,7,8,1,2,CRITICAL,159.8,0.789,7,537.5
CASE9_0788_LINE_8_2,CASE9,788,5,"3,8,6,7,2",6,8,2,0,2,CRITICAL,999.0,0.0,10,537.5
CASE9_0788_LINE_8_9,CASE9,788,5,"3,8,6,7,2",7,8,9,1,2,CRITICAL,129.1,0.888,2,537.5
CASE9_0788_LINE_9_4,CASE9,788,5,"3,8,6,7,2",8,9,4,0,2,CRITICAL,999.0,0.0,10,537.5
CASE9_0789_LINE_1_4,CASE9,789,7,"6,8,3,7,5,9,4",0,1,4,0,2,CRITICAL,999.0,0.0,10,694.4
CASE9_0789_LINE_4_5,CASE9,789,7,"6,8,3,7,5,9,4",1,4,5,0,2,CRITICAL,999.0,0.0,10,694.4
CASE9_0789_LINE_5_6,CASE9,789,7,"6,8,3,7,5,9,4",2,5,6,1,2,CRITICAL,241.6,0.682,4,694.4
CASE9_0789_LINE_3_6,CASE9,789,7,"6,8,3,7,5,9,4",3,3,6,0,2,CRITICAL,999.0,0.0,10,694.4
CASE9_0789_LINE_6_7,CASE9,789,7,"6,8,3,7,5,9,4",4,6,7,1,2,CRITICAL,209.7,0.835,4,694.4
CASE9_0789_LINE_7_8,CASE9,789,7,"6,8,3,7,5,9,4",5,7,8,0,2,CRITICAL,999.0,0.0,10,694.4
CASE9_0789_LINE_8_2,CASE9,789,7,"6,8,3,7,5,9,4",6,8,2,0,2,CRITICAL,999.0,0.0,10,694.4
CASE9_0789_LINE_8_9,CASE9,789,7,"6,8,3,7,5,9,4",7,8,9,1,2,CRITICAL,247.0,0.74,5,694.4
CASE9_0789_LINE_9_4,CASE9,789,7,"6,8,3,7,5,9,4",8,9,4,0,2,CRITICAL,999.0,0.0,10,694.4
CASE9_0790_LINE_1_4,CASE9,790,7,"5,8,6,3,9,2,7",0,1,4,0,2,CRITICAL,999.0,0.0,10,729.3
CASE9_0790_LINE_4_5,CASE9,790,7,"5,8,6,3,9,2,7",1,4,5,0,2,CRITICAL,999.0,0.0,10,729.3
CASE9_0790_LINE_5_6,CASE9,790,7,"5,8,6,3,9,2,7",2,5,6,0,2,CRITICAL,999.0,0.0,10,729.3
CASE9_0790_LINE_3_6,CASE9,790,7,"5,8,6,3,9,2,7",3,3,6,0,2,CRITICAL,999.0,0.0,10,729.3
CASE9_0790_LINE_6_7,CASE9,790,7,"5,8,6,3,9,2,7",4,6,7,1,2,CRITICAL,252.6,0.771,6,729.3
CASE9_0790_LINE_7_8,CASE9,790,7,"5,8,6,3,9,2,7",5,7,8,0,2,CRITICAL,999.0,0.0,10,729.3
CASE9_0790_LINE_8_2,CASE9,790,7,"5,8,6,3,9,2,7",6,8,2,0,2,CRITICAL,999.0,0.0,10,729.3
CASE9_0790_LINE_8_9,CASE9,790,7,"5,8,6,3,9,2,7",7,8,9,0,2,CRITICAL,999.0,0.0,10,729.3
CASE9_0790_LINE_9_4,CASE9,790,7,"5,8,6,3,9,2,7",8,9,4,0,2,CRITICAL,999.0,0.0,10,729.3
CASE9_0801_LINE_1_4,CASE9,801,5,"6,5,7,9,2",0,1,4,0,2,CRITICAL,999.0,0.0,10,506.1
CASE9_0801_LINE_4_5,CASE9,801,5,"6,5,7,9,2",1,4,5,1,2,CRITICAL,127.5,0.862,5,506.1
CASE9_0801_LINE_5_6,CASE9,801,5,"6,5,7,9,2",2,5,6,1,2,CRITICAL,113.6,0.917,1,506.1
CASE9_0801_LINE_3_6,CASE9,801,5,"6,5,7,9,2",3,3,6,0,2,CRITICAL,999.0,0.0,10,506.1
CASE9_0801_LINE_6_7,CASE9,801,5,"6,5,7,9,2",4,6,7,1,2,CRITICAL,116.2,0.822,3,506.1
CASE9_0801_LINE_7_8,CASE9,801,5,"6,5,7,9,2",5,7,8,0,2,CRITICAL,999.0,0.0,10,506.1
CASE9_0801_LINE_8_2,CASE9,801,5,"6,5,7,9,2",6,8,2,0,2,CRITICAL,999.0,0.0,10,506.1
CASE9_0801_LINE_8_9,CASE9,801,5,"6,5,7,9,2",7,8,9,1,2,CRITICAL,114.3,0.881,2,506.1
CASE9_0801_LINE_9_4,CASE9,801,5,"6,5,7,9,2",8,9,4,0,2,CRITICAL,999.0,0.0,10,506.1
CASE9_0802_LINE_1_4,CASE9,802,8,"9,7,5,6,2,8,4,3",0,1,4,0,2,CRITICAL,999.0,0.0,10,573.9
CASE9_0802_LINE_4_5,CASE9,802,8,"9,7,5,6,2,8,4,3",1,4,5,0,2,CRITICAL,999.0,0.0,10,573.9
CASE9_0802_LINE_5_6,CASE9,802,8,"9,7,5,6,2,8,4,3",2,5,6,1,2,CRITICAL,154.3,0.88,3,573.9
CASE9_0802_LINE_3_6,CASE9,802,8,"9,7,5,6,2,8,4,3",3,3,6,0,2,CRITICAL,999.0,0.0,10,573.9
CASE9_0802_LINE_6_7,CASE9,802,8,"9,7,5,6,2,8,4,3",4,6,7,1,2,CRITICAL,139.4,0.942,1,573.9
CASE9_0802_LINE_7_8,CASE9,802,8,"9,7,5,6,2,8,4,3",5,7,8,1,2,CRITICAL,158.1,0.863,5,573.9
CASE9_0802_LINE_8_2,CASE9,802,8,"9,7,5,6,2,8,4,3",6,8,2,0,2,CRITICAL,999.0,0.0,10,573.9
CASE9_0802_LINE_8_9,CASE9,802,8,"9,7,5,6,2,8,4,3",7,8,9,1,2,CRITICAL,149.7,0.901,2,573.9
CASE9_0802_LINE_9_4,CASE9,802,8,"9,7,5,6,2,8,4,3",8,9,4,0,2,CRITICAL,999.0,0.0,10,573.9
CASE9_0803_LINE_1_4,CASE9,803,8,"2,6,4,8,9,5,7,3",0,1,4,0,2,CRITICAL,999.0,0.0,10,620.9
CASE9_0803_LINE_4_5,CASE9,803,8,"2,6,4,8,9,5,7,3",1,4,5,1,2,CRITICAL,200.3,0.742,4,620.9
CASE9_0803_LINE_5_6,CASE9,803,8,"2,6,4,8,9,5,7,3",2,5,6,1,2,CRITICAL,178.6,0.816,4,620.9
CASE9_0803_LINE_3_6,CASE9,803,8,"2,6,4,8,9,5,7,3",3,3,6,0,2,CRITICAL,999.0,0.0,10,620.9
CASE9_0803_LINE_6_7,CASE9,803,8,"2,6,4,8,9,5,7,3",4,6,7,1,2,CRITICAL,174.1,0.815,3,620.9
CASE9_0803_LINE_7_8,CASE9,803,8,"2,6,4,8,9,5,7,3",5,7,8,1,2,CRITICAL,167.5,0.85,2,620.9
CASE9_0803_LINE_8_2,CASE9,803,8,"2,6,4,8,9,5,7,3",6,8,2,0,2,CRITICAL,999.0,0.0,10,620.9
CASE9_0803_LINE_8_9,CASE9,803,8,"2,6,4,8,9,5,7,3",7,8,9,0,2,CRITICAL,999.0,0.0,10,620.9
CASE9_0803_LINE_9_4,CASE9,803,8,"2,6,4,8,9,5,7,3",8,9,4,0,2,CRITICAL,999.0,0.0,10,620.9
CASE9_0804_LINE_1_4,CASE9,804,4,"5,8,7,9",0,1,4,0,2,CRITICAL,999.0,0.0,10,453.6
CASE9_0804_LINE_4_5,CASE9,804,4,"5,8,7,9",1,4,5,1,2,CRITICAL,96.0,0.813,1,453.6
CASE9_0804_LINE_5_6,CASE9,804,4,"5,8,7,9",2,5,6,1,1,ALERT,89.8,0.902,0,453.6
CASE9_0804_LINE_3_6,CASE9,804,4,"5,8,7,9",3,3,6,0,2,CRITICAL,999.0,0.0,10,453.6
CASE9_0804_LINE_6_7,CASE9,804,4,"5,8,7,9",4,6,7,1,2,CRITICAL,90.5,0.891,1,453.6
CASE9_0804_LINE_7_8,CASE9,804,4,"5,8,7,9",5,7,8,1,2,CRITICAL,91.7,0.897,1,453.6
CASE9_0804_LINE_8_2,CASE9,804,4,"5,8,7,9",6,8,2,0,2,CRITICAL,999.0,0.0,10,453.6
CASE9_0804_LINE_8_9,CASE9,804,4,"5,8,7,9",7,8,9,1,1,ALERT,88.2,0.921,0,453.6
CASE9_0804_LINE_9_4,CASE9,804,4,"5,8,7,9",8,9,4,1,2,CRITICAL,125.5,0.795,2,453.6
CASE9_0805_LINE_1_4,CASE9,805,2,"5,2",0,1,4,0,2,CRITICAL,999.0,0.0,10,337.6
CASE9_0805_LINE_4_5,CASE9,805,2,"5,2",1,4,5,1,1,ALERT,51.2,0.943,0,337.6
CASE9_0805_LINE_5_6,CASE9,805,2,"5,2",2,5,6,1,1,ALERT,56.7,0.943,0,337.6
CASE9_0805_LINE_3_6,CASE9,805,2,"5,2",3,3,6,0,2,CRITICAL,999.0,0.0,10,337.6
CASE9_0805_LINE_6_7,CASE9,805,2,"5,2",4,6,7,1,1,ALERT,55.1,0.947,0,337.6
CASE9_0805_LINE_7_8,CASE9,805,2,"5,2",5,7,8,1,1,ALERT,70.1,0.941,0,337.6
CASE9_0805_LINE_8_2,CASE9,805,2,"5,2",6,8,2,0,2,CRITICAL,999.0,0.0,10,337.6
CASE9_0805_LINE_8_9,CASE9,805,2,"5,2",7,8,9,1,1,ALERT,68.3,0.903,0,337.6
CASE9_0805_LINE_9_4,CASE9,805,2,"5,2",8,9,4,1,2,CRITICAL,76.2,0.79,1,337.6
CASE9_0796_LINE_1_4,CASE9,796,5,"9,8,4,2,7",0,1,4,0,2,CRITICAL,999.0,0.0,10,535.0
CASE9_0796_LINE_4_5,CASE9,796,5,"9,8,4,2,7",1,4,5,1,2,CRITICAL,144.9,0.849,5,535.0
CASE9_0796_LINE_5_6,CASE9,796,5,"9,8,4,2,7",2,5,6,1,2,CRITICAL,126.0,0.91,1,535.0
CASE9_0796_LINE_3_6,CASE9,796,5,"9,8,4,2,7",3,3,6,0,2,CRITICAL,999.0,0.0,10,535.0
CASE9_0796_LINE_6_7,CASE9,796,5,"9,8,4,2,7",4,6,7,1,2,CRITICAL,143.1,0.801,5,535.0
CASE9_0796_LINE_7_8,CASE9,796,5,"9,8,4,2,7",5,7,8,1,2,CRITICAL,125.0,0.842,3,535.0
CASE9_0796_LINE_8_2,CASE9,796,5,"9,8,4,2,7",6,8,2,0,2,CRITICAL,999.0,0.0,10,535.0
CASE9_0796_LINE_8_9,CASE9,796,5,"9,8,4,2,7",7,8,9,1,2,CRITICAL,127.1,0.908,2,535.0
CASE9_0796_LINE_9_4,CASE9,796,5,"9,8,4,2,7",8,9,4,0,2,CRITICAL,999.0,0.0,10,535.0
CASE9_0797_LINE_1_4,CASE9,797,3,"3,2,7",0,1,4,0,2,CRITICAL,999.0,0.0,10,420.0
CASE9_0797_LINE_4_5,CASE9,797,3,"3,2,7",1,4,5,1,1,ALERT,75.4,0.902,0,420.0
CASE9_0797_LINE_5_6,CASE9,797,3,"3,2,7",2,5,6,1,1,ALERT,73.3,0.932,0,420.0
CASE9_0797_LINE_3_6,CASE9,797,3,"3,2,7",3,3,6,0,2,CRITICAL,999.0,0.0,10,420.0
CASE9_0797_LINE_6_7,CASE9,797,3,"3,2,7",4,6,7,1,0,SAFE,70.8,0.964,0,420.0
CASE9_0797_LINE_7_8,CASE9,797,3,"3,2,7",5,7,8,1,0,SAFE,73.4,0.957,0,420.0
CASE9_0797_LINE_8_2,CASE9,797,3,"3,2,7",6,8,2,0,2,CRITICAL,999.0,0.0,10,420.0
CASE9_0797_LINE_8_9,CASE9,797,3,"3,2,7",7,8,9,1,1,ALERT,74.8,0.909,0,420.0
CASE9_0797_LINE_9_4,CASE9,797,3,"3,2,7",8,9,4,1,2,CRITICAL,78.0,0.795,1,420.0
CASE9_0798_LINE_1_4,CASE9,798,6,"3,4,9,8,6,5",0,1,4,0,2,CRITICAL,999.0,0.0,10,599.5
CASE9_0798_LINE_4_5,CASE9,798,6,"3,4,9,8,6,5",1,4,5,0,2,CRITICAL,999.0,0.0,10,599.5
CASE9_0798_LINE_5_6,CASE9,798,6,"3,4,9,8,6,5",2,5,6,1,2,CRITICAL,164.1,0.852,3,599.5
CASE9_0798_LINE_3_6,CASE9,798,6,"3,4,9,8,6,5",3,3,6,0,2,CRITICAL,999.0,0.0,10,599.5
CASE9_0798_LINE_6_7,CASE9,798,6,"3,4,9,8,6,5",4,6,7,1,2,CRITICAL,156.9,0.901,1,599.5
CASE9_0798_LINE_7_8,CASE9,798,6,"3,4,9,8,6,5",5,7,8,0,2,CRITICAL,999.0,0.0,10,599.5
CASE9_0798_LINE_8_2,CASE9,798,6,"3,4,9,8,6,5",6,8,2,0,2,CRITICAL,999.0,0.0,10,599.5
CASE9_0798_LINE_8_9,CASE9,798,6,"3,4,9,8,6,5",7,8,9,1,2,CRITICAL,165.4,0.816,3,599.5
CASE9_0798_LINE_9_4,CASE9,798,6,"3,4,9,8,6,5",8,9,4,0,2,CRITICAL,999.0,0.0,10,599.5
CASE9_0799_LINE_1_4,CASE9,799,4,"6,7,9,2",0,1,4,0,2,CRITICAL,999.0,0.0,10,611.3
CASE9_0799_LINE_4_5,CASE9,799,4,"6,7,9,2",1,4,5,0,2,CRITICAL,999.0,0.0,10,611.3
CASE9_0799_LINE_5_6,CASE9,799,4,"6,7,9,2",2,5,6,1,2,CRITICAL,184.5,0.807,6,611.3
CASE9_0799_LINE_3_6,CASE9,799,4,"6,7,9,2",3,3,6,0,2,CRITICAL,999.0,0.0,10,611.3
CASE9_0799_LINE_6_7,CASE9,799,4,"6,7,9,2",4,6,7,1,2,CRITICAL,169.8,0.814,5,611.3
CASE9_0799_LINE_7_8,CASE9,799,4,"6,7,9,2",5,7,8,0,2,CRITICAL,999.0,0.0,10,611.3
CASE9_0799_LINE_8_2,CASE9,799,4,"6,7,9,2",6,8,2,0,2,CRITICAL,999.0,0.0,10,611.3
CASE9_0799_LINE_8_9,CASE9,799,4,"6,7,9,2",7,8,9,1,2,CRITICAL,180.1,0.785,4,611.3
CASE9_0799_LINE_9_4,CASE9,799,4,"6,7,9,2",8,9,4,0,2,CRITICAL,999.0,0.0,10,611.3
CASE9_0800_LINE_1_4,CASE9,800,5,"4,8,5,9,7",0,1,4,0,2,CRITICAL,999.0,0.0,10,533.4
CASE9_0800_LINE_4_5,CASE9,800,5,"4,8,5,9,7",1,4,5,1,2,CRITICAL,135.1,0.871,4,533.4
CASE9_0800_LINE_5_6,CASE9,800,5,"4,8,5,9,7",2,5,6,1,2,CRITICAL,125.1,0.906,1,533.4
CASE9_0800_LINE_3_6,CASE9,800,5,"4,8,5,9,7",3,3,6,0,2,CRITICAL,999.0,0.0,10,533.4
CASE9_0800_LINE_6_7,CASE9,800,5,"4,8,5,9,7",4,6,7,1,2,CRITICAL,135.4,0.792,4,533.4
CASE9_0800_LINE_7_8,CASE9,800,5,"4,8,5,9,7",5,7,8,1,2,CRITICAL,155.5,0.75,5,533.4
CASE9_0800_LINE_8_2,CASE9,800,5,"4,8,5,9,7",6,8,2,0,2,CRITICAL,999.0,0.0,10,533.4
CASE9_0800_LINE_8_9,CASE9,800,5,"4,8,5,9,7",7,8,9,1,2,CRITICAL,125.1,0.892,2,533.4
CASE9_0800_LINE_9_4,CASE9,800,5,"4,8,5,9,7",8,9,4,1,2,CRITICAL,173.6,0.66,9,533.4
CASE9_0791_LINE_1_4,CASE9,791,4,"6,8,4,9",0,1,4,0,2,CRITICAL,999.0,0.0,10,494.6
CASE9_0791_LINE_4_5,CASE9,791,4,"6,8,4,9",1,4,5,1,2,CRITICAL,112.2,0.87,2,494.6
CASE9_0791_LINE_5_6,CASE9,791,4,"6,8,4,9",2,5,6,1,2,CRITICAL,107.9,0.91,1,494.6
CASE9_0791_LINE_3_6,CASE9,791,4,"6,8,4,9",3,3,6,0,2,CRITICAL,999.0,0.0,10,494.6
CASE9_0791_LINE_6_7,CASE9,791,4,"6,8,4,9",4,6,7,1,2,CRITICAL,104.6,0.929,1,494.6
CASE9_0791_LINE_7_8,CASE9,791,4,"6,8,4,9",5,7,8,1,2,CRITICAL,112.4,0.9,2,494.6
CASE9_0791_LINE_8_2,CASE9,791,4,"6,8,4,9",6,8,2,0,2,CRITICAL,999.0,0.0,10,494.6
CASE9_0791_LINE_8_9,CASE9,791,4,"6,8,4,9",7,8,9,1,2,CRITICAL,110.9,0.869,2,494.6
CASE9_0791_LINE_9_4,CASE9,791,4,"6,8,4,9",8,9,4,0,2,CRITICAL,999.0,0.0,10,494.6
CASE9_0792_LINE_1_4,CASE9,792,6,"7,3,8,5,6,4",0,1,4,0,2,CRITICAL,999.0,0.0,10,676.2
CASE9_0792_LINE_4_5,CASE9,792,6,"7,3,8,5,6,4",1,4,5,0,2,CRITICAL,999.0,0.0,10,676.2
CASE9_0792_LINE_5_6,CASE9,792,6,"7,3,8,5,6,4",2,5,6,1,2,CRITICAL,229.7,0.714,5,676.2
CASE9_0792_LINE_3_6,CASE9,792,6,"7,3,8,5,6,4",3,3,6,0,2,CRITICAL,999.0,0.0,10,676.2
CASE9_0792_LINE_6_7,CASE9,792,6,"7,3,8,5,6,4",4,6,7,1,2,CRITICAL,201.0,0.856,4,676.2
CASE9_0792_LINE_7_8,CASE9,792,6,"7,3,8,5,6,4",5,7,8,0,2,CRITICAL,999.0,0.0,10,676.2
CASE9_0792_LINE_8_2,CASE9,792,6,"7,3,8,5,6,4",6,8,2,0,2,CRITICAL,999.0,0.0,10,676.2
CASE9_0792_LINE_8_9,CASE9,792,6,"7,3,8,5,6,4",7,8,9,1,2,CRITICAL,241.9,0.733,5,676.2
CASE9_0792_LINE_9_4,CASE9,792,6,"7,3,8,5,6,4",8,9,4,0,2,CRITICAL,999.0,0.0,10,676.2
CASE9_0793_LINE_1_4,CASE9,793,4,"4,7,5,9",0,1,4,0,2,CRITICAL,999.0,0.0,10,454.4
CASE9_0793_LINE_4_5,CASE9,793,4,"4,7,5,9",1,4,5,1,2,CRITICAL,94.5,0.892,2,454.4
CASE9_0793_LINE_5_6,CASE9,793,4,"4,7,5,9",2,5,6,1,2,CRITICAL,103.1,0.866,3,454.4
CASE9_0793_LINE_3_6,CASE9,793,4,"4,7,5,9",3,3,6,0,2,CRITICAL,999.0,0.0,10,454.4
CASE9_0793_LINE_6_7,CASE9,793,4,"4,7,5,9",4,6,7,1,2,CRITICAL,94.3,0.889,1,454.4
CASE9_0793_LINE_7_8,CASE9,793,4,"4,7,5,9",5,7,8,1,2,CRITICAL,97.5,0.879,1,454.4
CASE9_0793_LINE_8_2,CASE9,793,4,"4,7,5,9",6,8,2,0,2,CRITICAL,999.0,0.0,10,454.4
CASE9_0793_LINE_8_9,CASE9,793,4,"4,7,5,9",7,8,9,1,2,CRITICAL,129.8,0.725,4,454.4
CASE9_0793_LINE_9_4,CASE9,793,4,"4,7,5,9",8,9,4,0,2,CRITICAL,999.0,0.0,10,454.4
CASE9_0794_LINE_1_4,CASE9,794,4,"4,7,6,5",0,1,4,0,2,CRITICAL,999.0,0.0,10,558.6
CASE9_0794_LINE_4_5,CASE9,794,4,"4,7,6,5",1,4,5,1,2,CRITICAL,147.7,0.832,5,558.6
CASE9_0794_LINE_5_6,CASE9,794,4,"4,7,6,5",2,5,6,1,2,CRITICAL,136.8,0.896,2,558.6
CASE9_0794_LINE_3_6,CASE9,794,4,"4,7,6,5",3,3,6,0,2,CRITICAL,999.0,0.0,10,558.6
CASE9_0794_LINE_6_7,CASE9,794,4,"4,7,6,5",4,6,7,1,2,CRITICAL,134.7,0.852,2,558.6
CASE9_0794_LINE_7_8,CASE9,794,4,"4,7,6,5",5,7,8,0,2,CRITICAL,999.0,0.0,10,558.6
CASE9_0794_LINE_8_2,CASE9,794,4,"4,7,6,5",6,8,2,0,2,CRITICAL,999.0,0.0,10,558.6
CASE9_0794_LINE_8_9,CASE9,794,4,"4,7,6,5",7,8,9,1,2,CRITICAL,137.7,0.878,2,558.6
CASE9_0794_LINE_9_4,CASE9,794,4,"4,7,6,5",8,9,4,1,2,CRITICAL,151.9,0.724,7,558.6
CASE9_0795_LINE_1_4,CASE9,795,5,"7,4,5,3,9",0,1,4,0,2,CRITICAL,999.0,0.0,10,575.7
CASE9_0795_LINE_4_5,CASE9,795,5,"7,4,5,3,9",1,4,5,0,2,CRITICAL,999.0,0.0,10,575.7
CASE9_0795_LINE_5_6,CASE9,795,5,"7,4,5,3,9",2,5,6,1,2,CRITICAL,177.9,0.731,4,575.7
CASE9_0795_LINE_3_6,CASE9,795,5,"7,4,5,3,9",3,3,6,0,2,CRITICAL,999.0,0.0,10,575.7
CASE9_0795_LINE_6_7,CASE9,795,5,"7,4,5,3,9",4,6,7,1,2,CRITICAL,151.9,0.858,3,575.7
CASE9_0795_LINE_7_8,CASE9,795,5,"7,4,5,3,9",5,7,8,1,2,CRITICAL,165.9,0.83,3,575.7
CASE9_0795_LINE_8_2,CASE9,795,5,"7,4,5,3,9",6,8,2,0,2,CRITICAL,999.0,0.0,10,575.7
CASE9_0795_LINE_8_9,CASE9,795,5,"7,4,5,3,9",7,8,9,0,2,CRITICAL,999.0,0.0,10,575.7
CASE9_0795_LINE_9_4,CASE9,795,5,"7,4,5,3,9",8,9,4,0,2,CRITICAL,999.0,0.0,10,575.7
CASE9_0811_LINE_1_4,CASE9,811,6,"4,8,6,7,3,9",0,1,4,0,2,CRITICAL,999.0,0.0,10,593.8
CASE9_0811_LINE_4_5,CASE9,811,6,"4,8,6,7,3,9",1,4,5,0,2,CRITICAL,999.0,0.0,10,593.8
CASE9_0811_LINE_5_6,CASE9,811,6,"4,8,6,7,3,9",2,5,6,1,2,CRITICAL,163.4,0.869,4,593.8
CASE9_0811_LINE_3_6,CASE9,811,6,"4,8,6,7,3,9",3,3,6,0,2,CRITICAL,999.0,0.0,10,593.8
CASE9_0811_LINE_6_7,CASE9,811,6,"4,8,6,7,3,9",4,6,7,1,2,CRITICAL,155.1,0.809,3,593.8
CASE9_0811_LINE_7_8,CASE9,811,6,"4,8,6,7,3,9",5,7,8,0,2,CRITICAL,999.0,0.0,10,593.8
CASE9_0811_LINE_8_2,CASE9,811,6,"4,8,6,7,3,9",6,8,2,0,2,CRITICAL,999.0,0.0,10,593.8
CASE9_0811_LINE_8_9,CASE9,811,6,"4,8,6,7,3,9",7,8,9,1,2,CRITICAL,160.7,0.852,2,593.8
CASE9_0811_LINE_9_4,CASE9,811,6,"4,8,6,7,3,9",8,9,4,0,2,CRITICAL,999.0,0.0,10,593.8
CASE9_0812_LINE_1_4,CASE9,812,3,"2,3,9",0,1,4,0,2,CRITICAL,999.0,0.0,10,576.3
CASE9_0812_LINE_4_5,CASE9,812,3,"2,3,9",1,4,5,0,2,CRITICAL,999.0,0.0,10,576.3
CASE9_0812_LINE_5_6,CASE9,812,3,"2,3,9",2,5,6,1,2,CRITICAL,155.7,0.844,3,576.3
CASE9_0812_LINE_3_6,CASE9,812,3,"2,3,9",3,3,6,0,2,CRITICAL,999.0,0.0,10,576.3
CASE9_0812_LINE_6_7,CASE9,812,3,"2,3,9",4,6,7,1,2,CRITICAL,146.8,0.863,2,576.3
CASE9_0812_LINE_7_8,CASE9,812,3,"2,3,9",5,7,8,1,2,CRITICAL,154.4,0.868,4,576.3
CASE9_0812_LINE_8_2,CASE9,812,3,"2,3,9",6,8,2,0,2,CRITICAL,999.0,0.0,10,576.3
CASE9_0812_LINE_8_9,CASE9,812,3,"2,3,9",7,8,9,1,2,CRITICAL,173.0,0.693,4,576.3
CASE9_0812_LINE_9_4,CASE9,812,3,"2,3,9",8,9,4,0,2,CRITICAL,999.0,0.0,10,576.3
CASE9_0813_LINE_1_4,CASE9,813,4,"3,2,4,7",0,1,4,0,2,CRITICAL,999.0,0.0,10,424.4
CASE9_0813_LINE_4_5,CASE9,813,4,"3,2,4,7",1,4,5,1,1,ALERT,76.8,0.901,0,424.4
CASE9_0813_LINE_5_6,CASE9,813,4,"3,2,4,7",2,5,6,1,1,ALERT,76.7,0.925,0,424.4
CASE9_0813_LINE_3_6,CASE9,813,4,"3,2,4,7",3,3,6,0,2,CRITICAL,999.0,0.0,10,424.4
CASE9_0813_LINE_6_7,CASE9,813,4,"3,2,4,7",4,6,7,1,0,SAFE,73.4,0.956,0,424.4
CASE9_0813_LINE_7_8,CASE9,813,4,"3,2,4,7",5,7,8,1,1,ALERT,78.9,0.941,0,424.4
CASE9_0813_LINE_8_2,CASE9,813,4,"3,2,4,7",6,8,2,0,2,CRITICAL,999.0,0.0,10,424.4
CASE9_0813_LINE_8_9,CASE9,813,4,"3,2,4,7",7,8,9,1,2,CRITICAL,79.3,0.9,1,424.4
CASE9_0813_LINE_9_4,CASE9,813,4,"3,2,4,7",8,9,4,1,2,CRITICAL,77.9,0.797,1,424.4
CASE9_0814_LINE_1_4,CASE9,814,1,2,0,1,4,0,2,CRITICAL,999.0,0.0,10,404.3
CASE9_0814_LINE_4_5,CASE9,814,1,2,1,4,5,1,1,ALERT,67.5,0.906,0,404.3
CASE9_0814_LINE_5_6,CASE9,814,1,2,2,5,6,1,1,ALERT,67.8,0.93,0,404.3
CASE9_0814_LINE_3_6,CASE9,814,1,2,3,3,6,0,2,CRITICAL,999.0,0.0,10,404.3
CASE9_0814_LINE_6_7,CASE9,814,1,2,4,6,7,1,1,ALERT,67.3,0.941,0,404.3
CASE9_0814_LINE_7_8,CASE9,814,1,2,5,7,8,1,1,ALERT,70.1,0.939,0,404.3
CASE9_0814_LINE_8_2,CASE9,814,1,2,6,8,2,0,2,CRITICAL,999.0,0.0,10,404.3
CASE9_0814_LINE_8_9,CASE9,814,1,2,7,8,9,1,1,ALERT,69.0,0.908,0,404.3
CASE9_0814_LINE_9_4,CASE9,814,1,2,8,9,4,1,2,CRITICAL,110.8,0.773,2,404.3
CASE9_0815_LINE_1_4,CASE9,815,5,"3,9,7,6,4",0,1,4,0,2,CRITICAL,999.0,0.0,10,509.6
CASE9_0815_LINE_4_5,CASE9,815,5,"3,9,7,6,4",1,4,5,1,2,CRITICAL,118.6,0.885,2,509.6
CASE9_0815_LINE_5_6,CASE9,815,5,"3,9,7,6,4",2,5,6,1,2,CRITICAL,119.6,0.891,3,509.6
CASE9_0815_LINE_3_6,CASE9,815,5,"3,9,7,6,4",3,3,6,0,2,CRITICAL,999.0,0.0,10,509.6
CASE9_0815_LINE_6_7,CASE9,815,5,"3,9,7,6,4",4,6,7,1,2,CRITICAL,114.7,0.905,1,509.6
CASE9_0815_LINE_7_8,CASE9,815,5,"3,9,7,6,4",5,7,8,1,2,CRITICAL,122.4,0.884,2,509.6
CASE9_0815_LINE_8_2,CASE9,815,5,"3,9,7,6,4",6,8,2,0,2,CRITICAL,999.0,0.0,10,509.6
CASE9_0815_LINE_8_9,CASE9,815,5,"3,9,7,6,4",7,8,9,1,2,CRITICAL,134.1,0.787,2,509.6
CASE9_0815_LINE_9_4,CASE9,815,5,"3,9,7,6,4",8,9,4,0,2,CRITICAL,999.0,0.0,10,509.6
CASE9_0816_LINE_1_4,CASE9,816,4,"6,7,8,3",0,1,4,0,2,CRITICAL,999.0,0.0,10,536.5
CASE9_0816_LINE_4_5,CASE9,816,4,"6,7,8,3",1,4,5,0,2,CRITICAL,999.0,0.0,10,536.5
CASE9_0816_LINE_5_6,CASE9,816,4,"6,7,8,3",2,5,6,1,2,CRITICAL,129.9,0.901,1,536.5
CASE9_0816_LINE_3_6,CASE9,816,4,"6,7,8,3",3,3,6,0,2,CRITICAL,999.0,0.0,10,536.5
CASE9_0816_LINE_6_7,CASE9,816,4,"6,7,8,3",4,6,7,1,2,CRITICAL,133.5,0.795,4,536.5
CASE9_0816_LINE_7_8,CASE9,816,4,"6,7,8,3",5,7,8,1,2,CRITICAL,152.8,0.692,8,536.5
CASE9_0816_LINE_8_2,CASE9,816,4,"6,7,8,3",6,8,2,0,2,CRITICAL,999.0,0.0,10,536.5
CASE9_0816_LINE_8_9,CASE9,816,4,"6,7,8,3",7,8,9,1,2,CRITICAL,129.4,0.887,2,536.5
CASE9_0816_LINE_9_4,CASE9,816,4,"6,7,8,3",8,9,4,0,2,CRITICAL,999.0,0.0,10,536.5
CASE9_0817_LINE_1_4,CASE9,817,4,"8,3,5,9",0,1,4,0,2,CRITICAL,999.0,0.0,10,513.5
CASE9_0817_LINE_4_5,CASE9,817,4,"8,3,5,9",1,4,5,1,2,CRITICAL,129.2,0.859,3,513.5
CASE9_0817_LINE_5_6,CASE9,817,4,"8,3,5,9",2,5,6,1,2,CRITICAL,117.0,0.907,1,513.5
CASE9_0817_LINE_3_6,CASE9,817,4,"8,3,5,9",3,3,6,0,2,CRITICAL,999.0,0.0,10,513.5
CASE9_0817_LINE_6_7,CASE9,817,4,"8,3,5,9",4,6,7,1,2,CRITICAL,113.2,0.908,1,513.5
CASE9_0817_LINE_7_8,CASE9,817,4,"8,3,5,9",5,7,8,1,2,CRITICAL,118.2,0.912,1,513.5
CASE9_0817_LINE_8_2,CASE9,817,4,"8,3,5,9",6,8,2,0,2,CRITICAL,999.0,0.0,10,513.5
CASE9_0817_LINE_8_9,CASE9,817,4,"8,3,5,9",7,8,9,1,2,CRITICAL,117.3,0.868,2,513.5
CASE9_0817_LINE_9_4,CASE9,817,4,"8,3,5,9",8,9,4,0,2,CRITICAL,999.0,0.0,10,513.5
CASE9_0818_LINE_1_4,CASE9,818,4,"4,2,3,5",0,1,4,0,2,CRITICAL,999.0,0.0,10,589.6
CASE9_0818_LINE_4_5,CASE9,818,4,"4,2,3,5",1,4,5,1,2,CRITICAL,175.4,0.828,4,589.6
CASE9_0818_LINE_5_6,CASE9,818,4,"4,2,3,5",2,5,6,1,2,CRITICAL,152.3,0.878,2,589.6
CASE9_0818_LINE_3_6,CASE9,818,4,"4,2,3,5",3,3,6,0,2,CRITICAL,999.0,0.0,10,589.6
CASE9_0818_LINE_6_7,CASE9,818,4,"4,2,3,5",4,6,7,1,2,CRITICAL,146.4,0.928,1,589.6
CASE9_0818_LINE_7_8,CASE9,818,4,"4,2,3,5",5,7,8,1,2,CRITICAL,154.4,0.902,1,589.6
CASE9_0818_LINE_8_2,CASE9,818,4,"4,2,3,5",6,8,2,0,2,CRITICAL,999.0,0.0,10,589.6
CASE9_0818_LINE_8_9,CASE9,818,4,"4,2,3,5",7,8,9,1,2,CRITICAL,152.7,0.87,2,589.6
CASE9_0818_LINE_9_4,CASE9,818,4,"4,2,3,5",8,9,4,0,2,CRITICAL,999.0,0.0,10,589.6
CASE9_0819_LINE_1_4,CASE9,819,8,"8,9,2,4,7,3,6,5",0,1,4,0,2,CRITICAL,999.0,0.0,10,747.7
CASE9_0819_LINE_4_5,CASE9,819,8,"8,9,2,4,7,3,6,5",1,4,5,0,2,CRITICAL,999.0,0.0,10,747.7
CASE9_0819_LINE_5_6,CASE9,819,8,"8,9,2,4,7,3,6,5",2,5,6,0,2,CRITICAL,999.0,0.0,10,747.7
CASE9_0819_LINE_3_6,CASE9,819,8,"8,9,2,4,7,3,6,5",3,3,6,0,2,CRITICAL,999.0,0.0,10,747.7
CASE9_0819_LINE_6_7,CASE9,819,8,"8,9,2,4,7,3,6,5",4,6,7,0,2,CRITICAL,999.0,0.0,10,747.7
CASE9_0819_LINE_7_8,CASE9,819,8,"8,9,2,4,7,3,6,5",5,7,8,0,2,CRITICAL,999.0,0.0,10,747.7
CASE9_0819_LINE_8_2,CASE9,819,8,"8,9,2,4,7,3,6,5",6,8,2,0,2,CRITICAL,999.0,0.0,10,747.7
CASE9_0819_LINE_8_9,CASE9,819,8,"8,9,2,4,7,3,6,5",7,8,9,0,2,CRITICAL,999.0,0.0,10,747.7
CASE9_0819_LINE_9_4,CASE9,819,8,"8,9,2,4,7,3,6,5",8,9,4,0,2,CRITICAL,999.0,0.0,10,747.7
CASE9_0820_LINE_1_4,CASE9,820,5,"9,2,4,3,7",0,1,4,0,2,CRITICAL,999.0,0.0,10,596.0
CASE9_0820_LINE_4_5,CASE9,820,5,"9,2,4,3,7",1,4,5,1,2,CRITICAL,170.1,0.839,4,596.0
CASE9_0820_LINE_5_6,CASE9,820,5,"9,2,4,3,7",2,5,6,1,2,CRITICAL,158.9,0.874,3,596.0
CASE9_0820_LINE_3_6,CASE9,820,5,"9,2,4,3,7",3,3,6,0,2,CRITICAL,999.0,0.0,10,596.0
CASE9_0820_LINE_6_7,CASE9,820,5,"9,2,4,3,7",4,6,7,1,2,CRITICAL,151.9,0.894,2,596.0
CASE9_0820_LINE_7_8,CASE9,820,5,"9,2,4,3,7",5,7,8,1,2,CRITICAL,162.3,0.881,2,596.0
CASE9_0820_LINE_8_2,CASE9,820,5,"9,2,4,3,7",6,8,2,0,2,CRITICAL,999.0,0.0,10,596.0
CASE9_0820_LINE_8_9,CASE9,820,5,"9,2,4,3,7",7,8,9,1,2,CRITICAL,168.4,0.774,3,596.0
CASE9_0820_LINE_9_4,CASE9,820,5,"9,2,4,3,7",8,9,4,0,2,CRITICAL,999.0,0.0,10,596.0
CASE9_0821_LINE_1_4,CASE9,821,8,"7,6,8,2,9,3,4,5",0,1,4,0,2,CRITICAL,999.0,0.0,10,675.5
CASE9_0821_LINE_4_5,CASE9,821,8,"7,6,8,2,9,3,4,5",1,4,5,0,2,CRITICAL,999.0,0.0,10,675.5
CASE9_0821_LINE_5_6,CASE9,821,8,"7,6,8,2,9,3,4,5",2,5,6,1,2,CRITICAL,221.4,0.756,4,675.5
CASE9_0821_LINE_3_6,CASE9,821,8,"7,6,8,2,9,3,4,5",3,3,6,0,2,CRITICAL,999.0,0.0,10,675.5
CASE9_0821_LINE_6_7,CASE9,821,8,"7,6,8,2,9,3,4,5",4,6,7,1,2,CRITICAL,205.6,0.817,7,675.5
CASE9_0821_LINE_7_8,CASE9,821,8,"7,6,8,2,9,3,4,5",5,7,8,0,2,CRITICAL,999.0,0.0,10,675.5
CASE9_0821_LINE_8_2,CASE9,821,8,"7,6,8,2,9,3,4,5",6,8,2,0,2,CRITICAL,999.0,0.0,10,675.5
CASE9_0821_LINE_8_9,CASE9,821,8,"7,6,8,2,9,3,4,5",7,8,9,1,2,CRITICAL,222.8,0.739,4,675.5
CASE9_0821_LINE_9_4,CASE9,821,8,"7,6,8,2,9,3,4,5",8,9,4,0,2,CRITICAL,999.0,0.0,10,675.5
CASE9_0822_LINE_1_4,CASE9,822,8,"3,2,7,5,9,4,8,6",0,1,4,0,2,CRITICAL,999.0,0.0,10,733.4
CASE9_0822_LINE_4_5,CASE9,822,8,"3,2,7,5,9,4,8,6",1,4,5,0,2,CRITICAL,999.0,0.0,10,733.4
CASE9_0822_LINE_5_6,CASE9,822,8,"3,2,7,5,9,4,8,6",2,5,6,0,2,CRITICAL,999.0,0.0,10,733.4
CASE9_0822_LINE_3_6,CASE9,822,8,"3,2,7,5,9,4,8,6",3,3,6,0,2,CRITICAL,999.0,0.0,10,733.4
CASE9_0822_LINE_6_7,CASE9,822,8,"3,2,7,5,9,4,8,6",4,6,7,1,2,CRITICAL,250.0,0.764,7,733.4
CASE9_0822_LINE_7_8,CASE9,822,8,"3,2,7,5,9,4,8,6",5,7,8,0,2,CRITICAL,999.0,0.0,10,733.4
CASE9_0822_LINE_8_2,CASE9,822,8,"3,2,7,5,9,4,8,6",6,8,2,0,2,CRITICAL,999.0,0.0,10,733.4
CASE9_0822_LINE_8_9,CASE9,822,8,"3,2,7,5,9,4,8,6",7,8,9,0,2,CRITICAL,999.0,0.0,10,733.4
CASE9_0822_LINE_9_4,CASE9,822,8,"3,2,7,5,9,4,8,6",8,9,4,0,2,CRITICAL,999.0,0.0,10,733.4
CASE9_0823_LINE_1_4,CASE9,823,6,"6,5,9,8,3,4",0,1,4,0,2,CRITICAL,999.0,0.0,10,508.0
CASE9_0823_LINE_4_5,CASE9,823,6,"6,5,9,8,3,4",1,4,5,1,2,CRITICAL,115.7,0.921,1,508.0
CASE9_0823_LINE_5_6,CASE9,823,6,"6,5,9,8,3,4",2,5,6,1,2,CRITICAL,112.1,0.925,1,508.0
CASE9_0823_LINE_3_6,CASE9,823,6,"6,5,9,8,3,4",3,3,6,0,2,CRITICAL,999.0,0.0,10,508.0
CASE9_0823_LINE_6_7,CASE9,823,6,"6,5,9,8,3,4",4,6,7,1,2,CRITICAL,109.7,0.924,1,508.0
CASE9_0823_LINE_7_8,CASE9,823,6,"6,5,9,8,3,4",5,7,8,1,2,CRITICAL,114.6,0.91,1,508.0
CASE9_0823_LINE_8_2,CASE9,823,6,"6,5,9,8,3,4",6,8,2,0,2,CRITICAL,999.0,0.0,10,508.0
CASE9_0823_LINE_8_9,CASE9,823,6,"6,5,9,8,3,4",7,8,9,1,2,CRITICAL,112.4,0.909,1,508.0
CASE9_0823_LINE_9_4,CASE9,823,6,"6,5,9,8,3,4",8,9,4,1,2,CRITICAL,118.1,0.825,2,508.0
CASE9_0824_LINE_1_4,CASE9,824,5,"3,5,6,2,7",0,1,4,0,2,CRITICAL,999.0,0.0,10,491.9
CASE9_0824_LINE_4_5,CASE9,824,5,"3,5,6,2,7",1,4,5,1,2,CRITICAL,123.0,0.805,7,491.9
CASE9_0824_LINE_5_6,CASE9,824,5,"3,5,6,2,7",2,5,6,1,2,CRITICAL,106.0,0.911,1,491.9
CASE9_0824_LINE_3_6,CASE9,824,5,"3,5,6,2,7",3,3,6,0,2,CRITICAL,999.0,0.0,10,491.9
CASE9_0824_LINE_6_7,CASE9,824,5,"3,5,6,2,7",4,6,7,1,2,CRITICAL,103.7,0.949,1,491.9
CASE9_0824_LINE_7_8,CASE9,824,5,"3,5,6,2,7",5,7,8,1,2,CRITICAL,121.0,0.874,5,491.9
CASE9_0824_LINE_8_2,CASE9,824,5,"3,5,6,2,7",6,8,2,0,2,CRITICAL,999.0,0.0,10,491.9
CASE9_0824_LINE_8_9,CASE9,824,5,"3,5,6,2,7",7,8,9,1,2,CRITICAL,106.4,0.898,2,491.9
CASE9_0824_LINE_9_4,CASE9,824,5,"3,5,6,2,7",8,9,4,1,2,CRITICAL,123.4,0.765,5,491.9
CASE9_0825_LINE_1_4,CASE9,825,5,"3,9,6,7,5",0,1,4,0,2,CRITICAL,999.0,0.0,10,527.8
CASE9_0825_LINE_4_5,CASE9,825,5,"3,9,6,7,5",1,4,5,0,2,CRITICAL,999.0,0.0,10,527.8
CASE9_0825_LINE_5_6,CASE9,825,5,"3,9,6,7,5",2,5,6,1,2,CRITICAL,129.1,0.858,3,527.8
CASE9_0825_LINE_3_6,CASE9,825,5,"3,9,6,7,5",3,3,6,0,2,CRITICAL,999.0,0.0,10,527.8
CASE9_0825_LINE_6_7,CASE9,825,5,"3,9,6,7,5",4,6,7,1,2,CRITICAL,123.3,0.907,1,527.8
CASE9_0825_LINE_7_8,CASE9,825,5,"3,9,6,7,5",5,7,8,1,2,CRITICAL,159.3,0.794,8,527.8
CASE9_0825_LINE_8_2,CASE9,825,5,"3,9,6,7,5",6,8,2,0,2,CRITICAL,999.0,0.0,10,527.8
CASE9_0825_LINE_8_9,CASE9,825,5,"3,9,6,7,5",7,8,9,1,2,CRITICAL,133.4,0.816,2,527.8
CASE9_0825_LINE_9_4,CASE9,825,5,"3,9,6,7,5",8,9,4,0,2,CRITICAL,999.0,0.0,10,527.8
CASE9_0831_LINE_1_4,CASE9,831,3,"2,7,4",0,1,4,0,2,CRITICAL,999.0,0.0,10,329.6
CASE9_0831_LINE_4_5,CASE9,831,3,"2,7,4",1,4,5,1,1,ALERT,63.2,0.914,0,329.6
CASE9_0831_LINE_5_6,CASE9,831,3,"2,7,4",2,5,6,1,1,ALERT,60.7,0.915,0,329.6
CASE9_0831_LINE_3_6,CASE9,831,3,"2,7,4",3,3,6,0,2,CRITICAL,999.0,0.0,10,329.6
CASE9_0831_LINE_6_7,CASE9,831,3,"2,7,4",4,6,7,1,0,SAFE,55.4,0.954,0,329.6
CASE9_0831_LINE_7_8,CASE9,831,3,"2,7,4",5,7,8,1,1,ALERT,53.7,0.945,0,329.6
CASE9_0831_LINE_8_2,CASE9,831,3,"2,7,4",6,8,2,0,2,CRITICAL,999.0,0.0,10,329.6
CASE9_0831_LINE_8_9,CASE9,831,3,"2,7,4",7,8,9,1,2,CRITICAL,94.0,0.885,1,329.6
CASE9_0831_LINE_9_4,CASE9,831,3,"2,7,4",8,9,4,1,2,CRITICAL,60.1,0.804,1,329.6
CASE9_0832_LINE_1_4,CASE9,832,6,"5,8,2,3,6,7",0,1,4,0,2,CRITICAL,999.0,0.0,10,663.5
CASE9_0832_LINE_4_5,CASE9,832,6,"5,8,2,3,6,7",1,4,5,0,2,CRITICAL,999.0,0.0,10,663.5
CASE9_0832_LINE_5_6,CASE9,832,6,"5,8,2,3,6,7",2,5,6,0,2,CRITICAL,999.0,0.0,10,663.5
CASE9_0832_LINE_3_6,CASE9,832,6,"5,8,2,3,6,7",3,3,6,0,2,CRITICAL,999.0,0.0,10,663.5
CASE9_0832_LINE_6_7,CASE9,832,6,"5,8,2,3,6,7",4,6,7,1,2,CRITICAL,195.1,0.847,4,663.5
CASE9_0832_LINE_7_8,CASE9,832,6,"5,8,2,3,6,7",5,7,8,0,2,CRITICAL,999.0,0.0,10,663.5
CASE9_0832_LINE_8_2,CASE9,832,6,"5,8,2,3,6,7",6,8,2,0,2,CRITICAL,999.0,0.0,10,663.5
CASE9_0832_LINE_8_9,CASE9,832,6,"5,8,2,3,6,7",7,8,9,0,2,CRITICAL,999.0,0.0,10,663.5
CASE9_0832_LINE_9_4,CASE9,832,6,"5,8,2,3,6,7",8,9,4,0,2,CRITICAL,999.0,0.0,10,663.5
CASE9_0833_LINE_1_4,CASE9,833,8,"3,2,4,7,9,8,6,5",0,1,4,0,2,CRITICAL,999.0,0.0,10,708.2
CASE9_0833_LINE_4_5,CASE9,833,8,"3,2,4,7,9,8,6,5",1,4,5,0,2,CRITICAL,999.0,0.0,10,708.2
CASE9_0833_LINE_5_6,CASE9,833,8,"3,2,4,7,9,8,6,5",2,5,6,0,2,CRITICAL,999.0,0.0,10,708.2
CASE9_0833_LINE_3_6,CASE9,833,8,"3,2,4,7,9,8,6,5",3,3,6,0,2,CRITICAL,999.0,0.0,10,708.2
CASE9_0833_LINE_6_7,CASE9,833,8,"3,2,4,7,9,8,6,5",4,6,7,1,2,CRITICAL,234.1,0.773,7,708.2
CASE9_0833_LINE_7_8,CASE9,833,8,"3,2,4,7,9,8,6,5",5,7,8,0,2,CRITICAL,999.0,0.0,10,708.2
CASE9_0833_LINE_8_2,CASE9,833,8,"3,2,4,7,9,8,6,5",6,8,2,0,2,CRITICAL,999.0,0.0,10,708.2
CASE9_0833_LINE_8_9,CASE9,833,8,"3,2,4,7,9,8,6,5",7,8,9,0,2,CRITICAL,999.0,0.0,10,708.2
CASE9_0833_LINE_9_4,CASE9,833,8,"3,2,4,7,9,8,6,5",8,9,4,0,2,CRITICAL,999.0,0.0,10,708.2
CASE9_0834_LINE_1_4,CASE9,834,3,"9,7,2",0,1,4,0,2,CRITICAL,999.0,0.0,10,530.7
CASE9_0834_LINE_4_5,CASE9,834,3,"9,7,2",1,4,5,1,2,CRITICAL,141.0,0.822,4,530.7
CASE9_0834_LINE_5_6,CASE9,834,3,"9,7,2",2,5,6,1,2,CRITICAL,132.2,0.859,3,530.7
CASE9_0834_LINE_3_6,CASE9,834,3,"9,7,2",3,3,6,0,2,CRITICAL,999.0,0.0,10,530.7
CASE9_0834_LINE_6_7,CASE9,834,3,"9,7,2",4,6,7,1,2,CRITICAL,137.4,0.825,4,530.7
CASE9_0834_LINE_7_8,CASE9,834,3,"9,7,2",5,7,8,1,2,CRITICAL,125.5,0.88,2,530.7
CASE9_0834_LINE_8_2,CASE9,834,3,"9,7,2",6,8,2,0,2,CRITICAL,999.0,0.0,10,530.7
CASE9_0834_LINE_8_9,CASE9,834,3,"9,7,2",7,8,9,1,2,CRITICAL,161.9,0.657,5,530.7
CASE9_0834_LINE_9_4,CASE9,834,3,"9,7,2",8,9,4,0,2,CRITICAL,999.0,0.0,10,530.7
CASE9_0835_LINE_1_4,CASE9,835,3,"5,3,6",0,1,4,0,2,CRITICAL,999.0,0.0,10,463.9
CASE9_0835_LINE_4_5,CASE9,835,3,"5,3,6",1,4,5,0,2,CRITICAL,999.0,0.0,10,463.9
CASE9_0835_LINE_5_6,CASE9,835,3,"5,3,6",2,5,6,1,2,CRITICAL,100.7,0.851,2,463.9
CASE9_0835_LINE_3_6,CASE9,835,3,"5,3,6",3,3,6,0,2,CRITICAL,999.0,0.0,10,463.9
CASE9_0835_LINE_6_7,CASE9,835,3,"5,3,6",4,6,7,1,1,ALERT,93.5,0.931,0,463.9
CASE9_0835_LINE_7_8,CASE9,835,3,"5,3,6",5,7,8,1,2,CRITICAL,116.5,0.847,5,463.9
CASE9_0835_LINE_8_2,CASE9,835,3,"5,3,6",6,8,2,0,2,CRITICAL,999.0,0.0,10,463.9
CASE9_0835_LINE_8_9,CASE9,835,3,"5,3,6",7,8,9,1,2,CRITICAL,98.8,0.887,1,463.9
CASE9_0835_LINE_9_4,CASE9,835,3,"5,3,6",8,9,4,1,2,CRITICAL,101.0,0.779,2,463.9
CASE9_0826_LINE_1_4,CASE9,826,4,"2,6,5,4",0,1,4,0,2,CRITICAL,999.0,0.0,10,594.2
CASE9_0826_LINE_4_5,CASE9,826,4,"2,6,5,4",1,4,5,0,2,CRITICAL,999.0,0.0,10,594.2
CASE9_0826_LINE_5_6,CASE9,826,4,"2,6,5,4",2,5,6,1,2,CRITICAL,168.6,0.77,4,594.2
CASE9_0826_LINE_3_6,CASE9,826,4,"2,6,5,4",3,3,6,0,2,CRITICAL,999.0,0.0,10,594.2
CASE9_0826_LINE_6_7,CASE9,826,4,"2,6,5,4",4,6,7,1,2,CRITICAL,152.0,0.901,1,594.2
CASE9_0826_LINE_7_8,CASE9,826,4,"2,6,5,4",5,7,8,1,2,CRITICAL,164.7,0.849,4,594.2
CASE9_0826_LINE_8_2,CASE9,826,4,"2,6,5,4",6,8,2,0,2,CRITICAL,999.0,0.0,10,594.2
CASE9_0826_LINE_8_9,CASE9,826,4,"2,6,5,4",7,8,9,1,2,CRITICAL,160.9,0.848,3,594.2
CASE9_0826_LINE_9_4,CASE9,826,4,"2,6,5,4",8,9,4,1,2,CRITICAL,173.2,0.762,4,594.2
CASE9_0827_LINE_1_4,CASE9,827,7,"2,9,3,5,7,6,4",0,1,4,0,2,CRITICAL,999.0,0.0,10,684.6
CASE9_0827_LINE_4_5,CASE9,827,7,"2,9,3,5,7,6,4",1,4,5,0,2,CRITICAL,999.0,0.0,10,684.6
CASE9_0827_LINE_5_6,CASE9,827,7,"2,9,3,5,7,6,4",2,5,6,0,2,CRITICAL,999.0,0.0,10,684.6
CASE9_0827_LINE_3_6,CASE9,827,7,"2,9,3,5,7,6,4",3,3,6,0,2,CRITICAL,999.0,0.0,10,684.6
CASE9_0827_LINE_6_7,CASE9,827,7,"2,9,3,5,7,6,4",4,6,7,1,2,CRITICAL,205.9,0.827,4,684.6
CASE9_0827_LINE_7_8,CASE9,827,7,"2,9,3,5,7,6,4",5,7,8,0,2,CRITICAL,999.0,0.0,10,684.6
CASE9_0827_LINE_8_2,CASE9,827,7,"2,9,3,5,7,6,4",6,8,2,0,2,CRITICAL,999.0,0.0,10,684.6
CASE9_0827_LINE_8_9,CASE9,827,7,"2,9,3,5,7,6,4",7,8,9,0,2,CRITICAL,999.0,0.0,10,684.6
CASE9_0827_LINE_9_4,CASE9,827,7,"2,9,3,5,7,6,4",8,9,4,0,2,CRITICAL,999.0,0.0,10,684.6
CASE9_0828_LINE_1_4,CASE9,828,6,"4,7,6,8,5,3",0,1,4,0,2,CRITICAL,999.0,0.0,10,672.2
CASE9_0828_LINE_4_5,CASE9,828,6,"4,7,6,8,5,3",1,4,5,0,2,CRITICAL,999.0,0.0,10,672.2
CASE9_0828_LINE_5_6,CASE9,828,6,"4,7,6,8,5,3",2,5,6,1,2,CRITICAL,220.4,0.755,5,672.2
CASE9_0828_LINE_3_6,CASE9,828,6,"4,7,6,8,5,3",3,3,6,0,2,CRITICAL,999.0,0.0,10,672.2
CASE9_0828_LINE_6_7,CASE9,828,6,"4,7,6,8,5,3",4,6,7,1,2,CRITICAL,197.2,0.864,4,672.2
CASE9_0828_LINE_7_8,CASE9,828,6,"4,7,6,8,5,3",5,7,8,0,2,CRITICAL,999.0,0.0,10,672.2
CASE9_0828_LINE_8_2,CASE9,828,6,"4,7,6,8,5,3",6,8,2,0,2,CRITICAL,999.0,0.0,10,672.2
CASE9_0828_LINE_8_9,CASE9,828,6,"4,7,6,8,5,3",7,8,9,1,2,CRITICAL,223.0,0.786,5,672.2
CASE9_0828_LINE_9_4,CASE9,828,6,"4,7,6,8,5,3",8,9,4,0,2,CRITICAL,999.0,0.0,10,672.2
CASE9_0829_LINE_1_4,CASE9,829,6,"2,8,6,7,9,5",0,1,4,0,2,CRITICAL,999.0,0.0,10,555.5
CASE9_0829_LINE_4_5,CASE9,829,6,"2,8,6,7,9,5",1,4,5,1,2,CRITICAL,173.0,0.751,5,555.5
CASE9_0829_LINE_5_6,CASE9,829,6,"2,8,6,7,9,5",2,5,6,1,2,CRITICAL,143.8,0.857,3,555.5
CASE9_0829_LINE_3_6,CASE9,829,6,"2,8,6,7,9,5",3,3,6,0,2,CRITICAL,999.0,0.0,10,555.5
CASE9_0829_LINE_6_7,CASE9,829,6,"2,8,6,7,9,5",4,6,7,1,2,CRITICAL,138.6,0.861,2,555.5
CASE9_0829_LINE_7_8,CASE9,829,6,"2,8,6,7,9,5",5,7,8,1,2,CRITICAL,141.9,0.875,3,555.5
CASE9_0829_LINE_8_2,CASE9,829,6,"2,8,6,7,9,5",6,8,2,0,2,CRITICAL,999.0,0.0,10,555.5
CASE9_0829_LINE_8_9,CASE9,829,6,"2,8,6,7,9,5",7,8,9,1,2,CRITICAL,161.2,0.709,4,555.5
CASE9_0829_LINE_9_4,CASE9,829,6,"2,8,6,7,9,5",8,9,4,0,2,CRITICAL,999.0,0.0,10,555.5
CASE9_0830_LINE_1_4,CASE9,830,7,"8,2,3,6,9,5,7",0,1,4,0,2,CRITICAL,999.0,0.0,10,661.3
CASE9_0830_LINE_4_5,CASE9,830,7,"8,2,3,6,9,5,7",1,4,5,0,2,CRITICAL,999.0,0.0,10,661.3
CASE9_0830_LINE_5_6,CASE9,830,7,"8,2,3,6,9,5,7",2,5,6,0,2,CRITICAL,999.0,0.0,10,661.3
CASE9_0830_LINE_3_6,CASE9,830,7,"8,2,3,6,9,5,7",3,3,6,0,2,CRITICAL,999.0,0.0,10,661.3
CASE9_0830_LINE_6_7,CASE9,830,7,"8,2,3,6,9,5,7",4,6,7,1,2,CRITICAL,197.3,0.814,4,661.3
CASE9_0830_LINE_7_8,CASE9,830,7,"8,2,3,6,9,5,7",5,7,8,0,2,CRITICAL,999.0,0.0,10,661.3
CASE9_0830_LINE_8_2,CASE9,830,7,"8,2,3,6,9,5,7",6,8,2,0,2,CRITICAL,999.0,0.0,10,661.3
CASE9_0830_LINE_8_9,CASE9,830,7,"8,2,3,6,9,5,7",7,8,9,0,2,CRITICAL,999.0,0.0,10,661.3
CASE9_0830_LINE_9_4,CASE9,830,7,"8,2,3,6,9,5,7",8,9,4,0,2,CRITICAL,999.0,0.0,10,661.3
CASE9_0836_LINE_1_4,CASE9,836,5,"4,3,8,6,7",0,1,4,0,2,CRITICAL,999.0,0.0,10,698.8
CASE9_0836_LINE_4_5,CASE9,836,5,"4,3,8,6,7",1,4,5,0,2,CRITICAL,999.0,0.0,10,698.8
CASE9_0836_LINE_5_6,CASE9,836,5,"4,3,8,6,7",2,5,6,0,2,CRITICAL,999.0,0.0,10,698.8
CASE9_0836_LINE_3_6,CASE9,836,5,"4,3,8,6,7",3,3,6,0,2,CRITICAL,999.0,0.0,10,698.8
CASE9_0836_LINE_6_7,CASE9,836,5,"4,3,8,6,7",4,6,7,1,2,CRITICAL,226.1,0.719,8,698.8
CASE9_0836_LINE_7_8,CASE9,836,5,"4,3,8,6,7",5,7,8,0,2,CRITICAL,999.0,0.0,10,698.8
CASE9_0836_LINE_8_2,CASE9,836,5,"4,3,8,6,7",6,8,2,0,2,CRITICAL,999.0,0.0,10,698.8
CASE9_0836_LINE_8_9,CASE9,836,5,"4,3,8,6,7",7,8,9,0,2,CRITICAL,999.0,0.0,10,698.8
CASE9_0836_LINE_9_4,CASE9,836,5,"4,3,8,6,7",8,9,4,0,2,CRITICAL,999.0,0.0,10,698.8
CASE9_0837_LINE_1_4,CASE9,837,4,"4,8,2,7",0,1,4,0,2,CRITICAL,999.0,0.0,10,508.8
CASE9_0837_LINE_4_5,CASE9,837,4,"4,8,2,7",1,4,5,1,2,CRITICAL,118.2,0.881,2,508.8
CASE9_0837_LINE_5_6,CASE9,837,4,"4,8,2,7",2,5,6,1,2,CRITICAL,113.9,0.91,1,508.8
CASE9_0837_LINE_3_6,CASE9,837,4,"4,8,2,7",3,3,6,0,2,CRITICAL,999.0,0.0,10,508.8
CASE9_0837_LINE_6_7,CASE9,837,4,"4,8,2,7",4,6,7,1,2,CRITICAL,118.2,0.842,2,508.8
CASE9_0837_LINE_7_8,CASE9,837,4,"4,8,2,7",5,7,8,1,2,CRITICAL,141.1,0.789,4,508.8
CASE9_0837_LINE_8_2,CASE9,837,4,"4,8,2,7",6,8,2,0,2,CRITICAL,999.0,0.0,10,508.8
CASE9_0837_LINE_8_9,CASE9,837,4,"4,8,2,7",7,8,9,1,2,CRITICAL,114.5,0.89,2,508.8
CASE9_0837_LINE_9_4,CASE9,837,4,"4,8,2,7",8,9,4,1,2,CRITICAL,145.0,0.715,4,508.8
CASE9_0838_LINE_1_4,CASE9,838,8,"3,2,5,7,4,9,6,8",0,1,4,0,2,CRITICAL,999.0,0.0,10,750.5
CASE9_0838_LINE_4_5,CASE9,838,8,"3,2,5,7,4,9,6,8",1,4,5,0,2,CRITICAL,999.0,0.0,10,750.5
CASE9_0838_LINE_5_6,CASE9,838,8,"3,2,5,7,4,9,6,8",2,5,6,0,2,CRITICAL,999.0,0.0,10,750.5
CASE9_0838_LINE_3_6,CASE9,838,8,"3,2,5,7,4,9,6,8",3,3,6,0,2,CRITICAL,999.0,0.0,10,750.5
CASE9_0838_LINE_6_7,CASE9,838,8,"3,2,5,7,4,9,6,8",4,6,7,1,2,CRITICAL,255.0,0.789,5,750.5
CASE9_0838_LINE_7_8,CASE9,838,8,"3,2,5,7,4,9,6,8",5,7,8,0,2,CRITICAL,999.0,0.0,10,750.5
CASE9_0838_LINE_8_2,CASE9,838,8,"3,2,5,7,4,9,6,8",6,8,2,0,2,CRITICAL,999.0,0.0,10,750.5
CASE9_0838_LINE_8_9,CASE9,838,8,"3,2,5,7,4,9,6,8",7,8,9,0,2,CRITICAL,999.0,0.0,10,750.5
CASE9_0838_LINE_9_4,CASE9,838,8,"3,2,5,7,4,9,6,8",8,9,4,0,2,CRITICAL,999.0,0.0,10,750.5
CASE9_0839_LINE_1_4,CASE9,839,3,"4,8,7",0,1,4,0,2,CRITICAL,999.0,0.0,10,429.7
CASE9_0839_LINE_4_5,CASE9,839,3,"4,8,7",1,4,5,1,1,ALERT,79.7,0.902,0,429.7
CASE9_0839_LINE_5_6,CASE9,839,3,"4,8,7",2,5,6,1,1,ALERT,86.0,0.902,0,429.7
CASE9_0839_LINE_3_6,CASE9,839,3,"4,8,7",3,3,6,0,2,CRITICAL,999.0,0.0,10,429.7
CASE9_0839_LINE_6_7,CASE9,839,3,"4,8,7",4,6,7,1,1,ALERT,79.9,0.926,0,429.7
CASE9_0839_LINE_7_8,CASE9,839,3,"4,8,7",5,7,8,1,1,ALERT,84.2,0.916,0,429.7
CASE9_0839_LINE_8_2,CASE9,839,3,"4,8,7",6,8,2,0,2,CRITICAL,999.0,0.0,10,429.7
CASE9_0839_LINE_8_9,CASE9,839,3,"4,8,7",7,8,9,1,2,CRITICAL,89.8,0.875,1,429.7
CASE9_0839_LINE_9_4,CASE9,839,3,"4,8,7",8,9,4,1,2,CRITICAL,80.1,0.776,1,429.7
CASE9_0840_LINE_1_4,CASE9,840,8,"6,9,8,7,4,2,3,5",0,1,4,0,2,CRITICAL,999.0,0.0,10,748.6
CASE9_0840_LINE_4_5,CASE9,840,8,"6,9,8,7,4,2,3,5",1,4,5,0,2,CRITICAL,999.0,0.0,10,748.6
CASE9_0840_LINE_5_6,CASE9,840,8,"6,9,8,7,4,2,3,5",2,5,6,0,2,CRITICAL,999.0,0.0,10,748.6
CASE9_0840_LINE_3_6,CASE9,840,8,"6,9,8,7,4,2,3,5",3,3,6,0,2,CRITICAL,999.0,0.0,10,748.6
CASE9_0840_LINE_6_7,CASE9,840,8,"6,9,8,7,4,2,3,5",4,6,7,0,2,CRITICAL,999.0,0.0,10,748.6
CASE9_0840_LINE_7_8,CASE9,840,8,"6,9,8,7,4,2,3,5",5,7,8,1,2,CRITICAL,268.1,0.753,6,748.6
CASE9_0840_LINE_8_2,CASE9,840,8,"6,9,8,7,4,2,3,5",6,8,2,0,2,CRITICAL,999.0,0.0,10,748.6
CASE9_0840_LINE_8_9,CASE9,840,8,"6,9,8,7,4,2,3,5",7,8,9,0,2,CRITICAL,999.0,0.0,10,748.6
CASE9_0840_LINE_9_4,CASE9,840,8,"6,9,8,7,4,2,3,5",8,9,4,0,2,CRITICAL,999.0,0.0,10,748.6
CASE9_0841_LINE_1_4,CASE9,841,5,"8,4,5,3,6",0,1,4,0,2,CRITICAL,999.0,0.0,10,701.4
CASE9_0841_LINE_4_5,CASE9,841,5,"8,4,5,3,6",1,4,5,0,2,CRITICAL,999.0,0.0,10,701.4
CASE9_0841_LINE_5_6,CASE9,841,5,"8,4,5,3,6",2,5,6,1,2,CRITICAL,235.6,0.713,4,701.4
CASE9_0841_LINE_3_6,CASE9,841,5,"8,4,5,3,6",3,3,6,0,2,CRITICAL,999.0,0.0,10,701.4
CASE9_0841_LINE_6_7,CASE9,841,5,"8,4,5,3,6",4,6,7,1,2,CRITICAL,210.9,0.856,3,701.4
CASE9_0841_LINE_7_8,CASE9,841,5,"8,4,5,3,6",5,7,8,0,2,CRITICAL,999.0,0.0,10,701.4
CASE9_0841_LINE_8_2,CASE9,841,5,"8,4,5,3,6",6,8,2,0,2,CRITICAL,999.0,0.0,10,701.4
CASE9_0841_LINE_8_9,CASE9,841,5,"8,4,5,3,6",7,8,9,1,2,CRITICAL,233.4,0.779,5,701.4
CASE9_0841_LINE_9_4,CASE9,841,5,"8,4,5,3,6",8,9,4,0,2,CRITICAL,999.0,0.0,10,701.4
CASE9_0842_LINE_1_4,CASE9,842,6,"2,4,9,3,8,6",0,1,4,0,2,CRITICAL,999.0,0.0,10,672.6
CASE9_0842_LINE_4_5,CASE9,842,6,"2,4,9,3,8,6",1,4,5,0,2,CRITICAL,999.0,0.0,10,672.6
CASE9_0842_LINE_5_6,CASE9,842,6,"2,4,9,3,8,6",2,5,6,1,2,CRITICAL,216.1,0.797,5,672.6
CASE9_0842_LINE_3_6,CASE9,842,6,"2,4,9,3,8,6",3,3,6,0,2,CRITICAL,999.0,0.0,10,672.6
CASE9_0842_LINE_6_7,CASE9,842,6,"2,4,9,3,8,6",4,6,7,1,2,CRITICAL,193.9,0.857,3,672.6
CASE9_0842_LINE_7_8,CASE9,842,6,"2,4,9,3,8,6",5,7,8,1,2,CRITICAL,212.1,0.826,7,672.6
CASE9_0842_LINE_8_2,CASE9,842,6,"2,4,9,3,8,6",6,8,2,0,2,CRITICAL,999.0,0.0,10,672.6
CASE9_0842_LINE_8_9,CASE9,842,6,"2,4,9,3,8,6",7,8,9,1,2,CRITICAL,214.3,0.745,4,672.6
CASE9_0842_LINE_9_4,CASE9,842,6,"2,4,9,3,8,6",8,9,4,0,2,CRITICAL,999.0,0.0,10,672.6
CASE9_0843_LINE_1_4,CASE9,843,2,"3,6",0,1,4,0,2,CRITICAL,999.0,0.0,10,472.2
CASE9_0843_LINE_4_5,CASE9,843,2,"3,6",1,4,5,1,2,CRITICAL,119.5,0.834,6,472.2
CASE9_0843_LINE_5_6,CASE9,843,2,"3,6",2,5,6,1,1,ALERT,97.3,0.923,0,472.2
CASE9_0843_LINE_3_6,CASE9,843,2,"3,6",3,3,6,0,2,CRITICAL,999.0,0.0,10,472.2
CASE9_0843_LINE_6_7,CASE9,843,2,"3,6",4,6,7,1,1,ALERT,96.7,0.945,0,472.2
CASE9_0843_LINE_7_8,CASE9,843,2,"3,6",5,7,8,1,2,CRITICAL,138.8,0.789,7,472.2
CASE9_0843_LINE_8_2,CASE9,843,2,"3,6",6,8,2,0,2,CRITICAL,999.0,0.0,10,472.2
CASE9_0843_LINE_8_9,CASE9,843,2,"3,6",7,8,9,1,1,ALERT,97.9,0.902,0,472.2
CASE9_0843_LINE_9_4,CASE9,843,2,"3,6",8,9,4,1,2,CRITICAL,109.1,0.768,4,472.2
CASE9_0844_LINE_1_4,CASE9,844,1,3,0,1,4,0,2,CRITICAL,999.0,0.0,10,403.2
CASE9_0844_LINE_4_5,CASE9,844,1,3,1,4,5,1,2,CRITICAL,79.5,0.889,1,403.2
CASE9_0844_LINE_5_6,CASE9,844,1,3,2,5,6,1,1,ALERT,67.5,0.93,0,403.2
CASE9_0844_LINE_3_6,CASE9,844,1,3,3,3,6,0,2,CRITICAL,999.0,0.0,10,403.2
CASE9_0844_LINE_6_7,CASE9,844,1,3,4,6,7,1,1,ALERT,65.8,0.947,0,403.2
CASE9_0844_LINE_7_8,CASE9,844,1,3,5,7,8,1,1,ALERT,83.8,0.909,0,403.2
CASE9_0844_LINE_8_2,CASE9,844,1,3,6,8,2,0,2,CRITICAL,999.0,0.0,10,403.2
CASE9_0844_LINE_8_9,CASE9,844,1,3,7,8,9,1,1,ALERT,69.8,0.906,0,403.2
CASE9_0844_LINE_9_4,CASE9,844,1,3,8,9,4,1,2,CRITICAL,70.2,0.787,1,403.2
CASE9_0845_LINE_1_4,CASE9,845,6,"9,5,6,3,4,2",0,1,4,0,2,CRITICAL,999.0,0.0,10,555.4
CASE9_0845_LINE_4_5,CASE9,845,6,"9,5,6,3,4,2",1,4,5,0,2,CRITICAL,999.0,0.0,10,555.4
CASE9_0845_LINE_5_6,CASE9,845,6,"9,5,6,3,4,2",2,5,6,1,2,CRITICAL,138.3,0.864,2,555.4
CASE9_0845_LINE_3_6,CASE9,845,6,"9,5,6,3,4,2",3,3,6,0,2,CRITICAL,999.0,0.0,10,555.4
CASE9_0845_LINE_6_7,CASE9,845,6,"9,5,6,3,4,2",4,6,7,1,2,CRITICAL,133.4,0.92,1,555.4
CASE9_0845_LINE_7_8,CASE9,845,6,"9,5,6,3,4,2",5,7,8,0,2,CRITICAL,999.0,0.0,10,555.4
CASE9_0845_LINE_8_2,CASE9,845,6,"9,5,6,3,4,2",6,8,2,0,2,CRITICAL,999.0,0.0,10,555.4
CASE9_0845_LINE_8_9,CASE9,845,6,"9,5,6,3,4,2",7,8,9,1,2,CRITICAL,137.4,0.901,1,555.4
CASE9_0845_LINE_9_4,CASE9,845,6,"9,5,6,3,4,2",8,9,4,0,2,CRITICAL,999.0,0.0,10,555.4
CASE9_0846_LINE_1_4,CASE9,846,5,"4,7,8,9,5",0,1,4,0,2,CRITICAL,999.0,0.0,10,523.9
CASE9_0846_LINE_4_5,CASE9,846,5,"4,7,8,9,5",1,4,5,0,2,CRITICAL,999.0,0.0,10,523.9
CASE9_0846_LINE_5_6,CASE9,846,5,"4,7,8,9,5",2,5,6,1,2,CRITICAL,130.7,0.824,2,523.9
CASE9_0846_LINE_3_6,CASE9,846,5,"4,7,8,9,5",3,3,6,0,2,CRITICAL,999.0,0.0,10,523.9
CASE9_0846_LINE_6_7,CASE9,846,5,"4,7,8,9,5",4,6,7,1,2,CRITICAL,121.2,0.889,2,523.9
CASE9_0846_LINE_7_8,CASE9,846,5,"4,7,8,9,5",5,7,8,1,2,CRITICAL,133.1,0.846,4,523.9
CASE9_0846_LINE_8_2,CASE9,846,5,"4,7,8,9,5",6,8,2,0,2,CRITICAL,999.0,0.0,10,523.9
CASE9_0846_LINE_8_9,CASE9,846,5,"4,7,8,9,5",7,8,9,1,2,CRITICAL,122.8,0.912,1,523.9
CASE9_0846_LINE_9_4,CASE9,846,5,"4,7,8,9,5",8,9,4,1,2,CRITICAL,123.1,0.898,2,523.9
CASE9_0847_LINE_1_4,CASE9,847,2,"6,7",0,1,4,0,2,CRITICAL,999.0,0.0,10,422.5
CASE9_0847_LINE_4_5,CASE9,847,2,"6,7",1,4,5,1,2,CRITICAL,87.0,0.874,1,422.5
CASE9_0847_LINE_5_6,CASE9,847,2,"6,7",2,5,6,1,1,ALERT,76.0,0.927,0,422.5
CASE9_0847_LINE_3_6,CASE9,847,2,"6,7",3,3,6,0,2,CRITICAL,999.0,0.0,10,422.5
CASE9_0847_LINE_6_7,CASE9,847,2,"6,7",4,6,7,1,2,CRITICAL,75.5,0.869,1,422.5
CASE9_0847_LINE_7_8,CASE9,847,2,"6,7",5,7,8,1,2,CRITICAL,141.2,0.761,4,422.5
CASE9_0847_LINE_8_2,CASE9,847,2,"6,7",6,8,2,0,2,CRITICAL,999.0,0.0,10,422.5
CASE9_0847_LINE_8_9,CASE9,847,2,"6,7",7,8,9,1,1,ALERT,77.3,0.905,0,422.5
CASE9_0847_LINE_9_4,CASE9,847,2,"6,7",8,9,4,1,2,CRITICAL,104.0,0.748,2,422.5
CASE9_0848_LINE_1_4,CASE9,848,6,"3,2,4,8,7,5",0,1,4,0,2,CRITICAL,999.0,0.0,10,563.1
CASE9_0848_LINE_4_5,CASE9,848,6,"3,2,4,8,7,5",1,4,5,1,2,CRITICAL,162.7,0.82,3,563.1
CASE9_0848_LINE_5_6,CASE9,848,6,"3,2,4,8,7,5",2,5,6,1,2,CRITICAL,141.0,0.904,1,563.1
CASE9_0848_LINE_3_6,CASE9,848,6,"3,2,4,8,7,5",3,3,6,0,2,CRITICAL,999.0,0.0,10,563.1
CASE9_0848_LINE_6_7,CASE9,848,6,"3,2,4,8,7,5",4,6,7,1,2,CRITICAL,139.9,0.875,3,563.1
CASE9_0848_LINE_7_8,CASE9,848,6,"3,2,4,8,7,5",5,7,8,1,2,CRITICAL,138.7,0.878,2,563.1
CASE9_0848_LINE_8_2,CASE9,848,6,"3,2,4,8,7,5",6,8,2,0,2,CRITICAL,999.0,0.0,10,563.1
CASE9_0848_LINE_8_9,CASE9,848,6,"3,2,4,8,7,5",7,8,9,1,2,CRITICAL,140.5,0.887,2,563.1
CASE9_0848_LINE_9_4,CASE9,848,6,"3,2,4,8,7,5",8,9,4,0,2,CRITICAL,999.0,0.0,10,563.1
CASE9_0849_LINE_1_4,CASE9,849,7,"4,3,2,7,6,8,9",0,1,4,0,2,CRITICAL,999.0,0.0,10,654.5
CASE9_0849_LINE_4_5,CASE9,849,7,"4,3,2,7,6,8,9",1,4,5,0,2,CRITICAL,999.0,0.0,10,654.5
CASE9_0849_LINE_5_6,CASE9,849,7,"4,3,2,7,6,8,9",2,5,6,1,2,CRITICAL,196.2,0.857,4,654.5
CASE9_0849_LINE_3_6,CASE9,849,7,"4,3,2,7,6,8,9",3,3,6,0,2,CRITICAL,999.0,0.0,10,654.5
CASE9_0849_LINE_6_7,CASE9,849,7,"4,3,2,7,6,8,9",4,6,7,1,2,CRITICAL,178.6,0.898,2,654.5
CASE9_0849_LINE_7_8,CASE9,849,7,"4,3,2,7,6,8,9",5,7,8,0,2,CRITICAL,999.0,0.0,10,654.5
CASE9_0849_LINE_8_2,CASE9,849,7,"4,3,2,7,6,8,9",6,8,2,0,2,CRITICAL,999.0,0.0,10,654.5
CASE9_0849_LINE_8_9,CASE9,849,7,"4,3,2,7,6,8,9",7,8,9,1,2,CRITICAL,197.6,0.848,5,654.5
CASE9_0849_LINE_9_4,CASE9,849,7,"4,3,2,7,6,8,9",8,9,4,0,2,CRITICAL,999.0,0.0,10,654.5
CASE9_0850_LINE_1_4,CASE9,850,6,"7,8,6,3,2,5",0,1,4,0,2,CRITICAL,999.0,0.0,10,594.5
CASE9_0850_LINE_4_5,CASE9,850,6,"7,8,6,3,2,5",1,4,5,0,2,CRITICAL,999.0,0.0,10,594.5
CASE9_0850_LINE_5_6,CASE9,850,6,"7,8,6,3,2,5",2,5,6,1,2,CRITICAL,164.0,0.838,3,594.5
CASE9_0850_LINE_3_6,CASE9,850,6,"7,8,6,3,2,5",3,3,6,0,2,CRITICAL,999.0,0.0,10,594.5
CASE9_0850_LINE_6_7,CASE9,850,6,"7,8,6,3,2,5",4,6,7,1,2,CRITICAL,152.7,0.911,1,594.5
CASE9_0850_LINE_7_8,CASE9,850,6,"7,8,6,3,2,5",5,7,8,0,2,CRITICAL,999.0,0.0,10,594.5
CASE9_0850_LINE_8_2,CASE9,850,6,"7,8,6,3,2,5",6,8,2,0,2,CRITICAL,999.0,0.0,10,594.5
CASE9_0850_LINE_8_9,CASE9,850,6,"7,8,6,3,2,5",7,8,9,1,2,CRITICAL,164.9,0.851,3,594.5
CASE9_0850_LINE_9_4,CASE9,850,6,"7,8,6,3,2,5",8,9,4,0,2,CRITICAL,999.0,0.0,10,594.5
CASE9_0856_LINE_1_4,CASE9,856,4,"9,2,8,6",0,1,4,0,2,CRITICAL,999.0,0.0,10,561.0
CASE9_0856_LINE_4_5,CASE9,856,4,"9,2,8,6",1,4,5,0,2,CRITICAL,999.0,0.0,10,561.0
CASE9_0856_LINE_5_6,CASE9,856,4,"9,2,8,6",2,5,6,1,2,CRITICAL,146.0,0.859,3,561.0
CASE9_0856_LINE_3_6,CASE9,856,4,"9,2,8,6",3,3,6,0,2,CRITICAL,999.0,0.0,10,561.0
CASE9_0856_LINE_6_7,CASE9,856,4,"9,2,8,6",4,6,7,1,2,CRITICAL,138.4,0.877,2,561.0
CASE9_0856_LINE_7_8,CASE9,856,4,"9,2,8,6",5,7,8,1,2,CRITICAL,150.8,0.869,4,561.0
CASE9_0856_LINE_8_2,CASE9,856,4,"9,2,8,6",6,8,2,0,2,CRITICAL,999.0,0.0,10,561.0
CASE9_0856_LINE_8_9,CASE9,856,4,"9,2,8,6",7,8,9,1,2,CRITICAL,156.4,0.748,4,561.0
CASE9_0856_LINE_9_4,CASE9,856,4,"9,2,8,6",8,9,4,0,2,CRITICAL,999.0,0.0,10,561.0
CASE9_0857_LINE_1_4,CASE9,857,3,"9,2,6",0,1,4,0,2,CRITICAL,999.0,0.0,10,597.0
CASE9_0857_LINE_4_5,CASE9,857,3,"9,2,6",1,4,5,0,2,CRITICAL,999.0,0.0,10,597.0
CASE9_0857_LINE_5_6,CASE9,857,3,"9,2,6",2,5,6,1,2,CRITICAL,170.2,0.822,5,597.0
CASE9_0857_LINE_3_6,CASE9,857,3,"9,2,6",3,3,6,0,2,CRITICAL,999.0,0.0,10,597.0
CASE9_0857_LINE_6_7,CASE9,857,3,"9,2,6",4,6,7,1,2,CRITICAL,158.3,0.851,2,597.0
CASE9_0857_LINE_7_8,CASE9,857,3,"9,2,6",5,7,8,1,2,CRITICAL,167.6,0.858,4,597.0
CASE9_0857_LINE_8_2,CASE9,857,3,"9,2,6",6,8,2,0,2,CRITICAL,999.0,0.0,10,597.0
CASE9_0857_LINE_8_9,CASE9,857,3,"9,2,6",7,8,9,1,2,CRITICAL,192.2,0.651,4,597.0
CASE9_0857_LINE_9_4,CASE9,857,3,"9,2,6",8,9,4,0,2,CRITICAL,999.0,0.0,10,597.0
CASE9_0858_LINE_1_4,CASE9,858,8,"4,3,6,9,2,8,5,7",0,1,4,0,2,CRITICAL,999.0,0.0,10,684.1
CASE9_0858_LINE_4_5,CASE9,858,8,"4,3,6,9,2,8,5,7",1,4,5,0,2,CRITICAL,999.0,0.0,10,684.1
CASE9_0858_LINE_5_6,CASE9,858,8,"4,3,6,9,2,8,5,7",2,5,6,1,2,CRITICAL,227.2,0.739,4,684.1
CASE9_0858_LINE_3_6,CASE9,858,8,"4,3,6,9,2,8,5,7",3,3,6,0,2,CRITICAL,999.0,0.0,10,684.1
CASE9_0858_LINE_6_7,CASE9,858,8,"4,3,6,9,2,8,5,7",4,6,7,1,2,CRITICAL,206.3,0.821,4,684.1
CASE9_0858_LINE_7_8,CASE9,858,8,"4,3,6,9,2,8,5,7",5,7,8,1,2,CRITICAL,203.6,0.842,3,684.1
CASE9_0858_LINE_8_2,CASE9,858,8,"4,3,6,9,2,8,5,7",6,8,2,0,2,CRITICAL,999.0,0.0,10,684.1
CASE9_0858_LINE_8_9,CASE9,858,8,"4,3,6,9,2,8,5,7",7,8,9,0,2,CRITICAL,999.0,0.0,10,684.1
CASE9_0858_LINE_9_4,CASE9,858,8,"4,3,6,9,2,8,5,7",8,9,4,0,2,CRITICAL,999.0,0.0,10,684.1
CASE9_0859_LINE_1_4,CASE9,859,3,"3,9,8",0,1,4,0,2,CRITICAL,999.0,0.0,10,442.1
CASE9_0859_LINE_4_5,CASE9,859,3,"3,9,8",1,4,5,1,2,CRITICAL,87.6,0.891,1,442.1
CASE9_0859_LINE_5_6,CASE9,859,3,"3,9,8",2,5,6,1,1,ALERT,85.1,0.92,0,442.1
CASE9_0859_LINE_3_6,CASE9,859,3,"3,9,8",3,3,6,0,2,CRITICAL,999.0,0.0,10,442.1
CASE9_0859_LINE_6_7,CASE9,859,3,"3,9,8",4,6,7,1,1,ALERT,81.8,0.934,0,442.1
CASE9_0859_LINE_7_8,CASE9,859,3,"3,9,8",5,7,8,1,1,ALERT,89.3,0.919,0,442.1
CASE9_0859_LINE_8_2,CASE9,859,3,"3,9,8",6,8,2,0,2,CRITICAL,999.0,0.0,10,442.1
CASE9_0859_LINE_8_9,CASE9,859,3,"3,9,8",7,8,9,1,2,CRITICAL,88.9,0.869,1,442.1
CASE9_0859_LINE_9_4,CASE9,859,3,"3,9,8",8,9,4,0,2,CRITICAL,999.0,0.0,10,442.1
CASE9_0860_LINE_1_4,CASE9,860,7,"8,3,5,2,7,9,4",0,1,4,0,2,CRITICAL,999.0,0.0,10,581.9
CASE9_0860_LINE_4_5,CASE9,860,7,"8,3,5,2,7,9,4",1,4,5,0,2,CRITICAL,999.0,0.0,10,581.9
CASE9_0860_LINE_5_6,CASE9,860,7,"8,3,5,2,7,9,4",2,5,6,1,2,CRITICAL,159.0,0.842,4,581.9
CASE9_0860_LINE_3_6,CASE9,860,7,"8,3,5,2,7,9,4",3,3,6,0,2,CRITICAL,999.0,0.0,10,581.9
CASE9_0860_LINE_6_7,CASE9,860,7,"8,3,5,2,7,9,4",4,6,7,1,2,CRITICAL,159.4,0.816,5,581.9
CASE9_0860_LINE_7_8,CASE9,860,7,"8,3,5,2,7,9,4",5,7,8,1,2,CRITICAL,169.0,0.748,7,581.9
CASE9_0860_LINE_8_2,CASE9,860,7,"8,3,5,2,7,9,4",6,8,2,0,2,CRITICAL,999.0,0.0,10,581.9
CASE9_0860_LINE_8_9,CASE9,860,7,"8,3,5,2,7,9,4",7,8,9,1,2,CRITICAL,160.1,0.782,2,581.9
CASE9_0860_LINE_9_4,CASE9,860,7,"8,3,5,2,7,9,4",8,9,4,0,2,CRITICAL,999.0,0.0,10,581.9
CASE9_0881_LINE_1_4,CASE9,881,4,"8,5,9,7",0,1,4,0,2,CRITICAL,999.0,0.0,10,210.7
CASE9_0881_LINE_4_5,CASE9,881,4,"8,5,9,7",1,4,5,1,0,SAFE,65.4,0.959,0,210.7
CASE9_0881_LINE_5_6,CASE9,881,4,"8,5,9,7",2,5,6,1,1,ALERT,69.5,0.939,0,210.7
CASE9_0881_LINE_3_6,CASE9,881,4,"8,5,9,7",3,3,6,0,2,CRITICAL,999.0,0.0,10,210.7
CASE9_0881_LINE_6_7,CASE9,881,4,"8,5,9,7",4,6,7,1,0,SAFE,65.2,0.979,0,210.7
CASE9_0881_LINE_7_8,CASE9,881,4,"8,5,9,7",5,7,8,1,0,SAFE,65.2,0.967,0,210.7
CASE9_0881_LINE_8_2,CASE9,881,4,"8,5,9,7",6,8,2,0,2,CRITICAL,999.0,0.0,10,210.7
CASE9_0881_LINE_8_9,CASE9,881,4,"8,5,9,7",7,8,9,1,2,CRITICAL,107.5,0.94,1,210.7
CASE9_0881_LINE_9_4,CASE9,881,4,"8,5,9,7",8,9,4,1,1,ALERT,66.2,0.942,0,210.7
CASE9_0882_LINE_1_4,CASE9,882,5,"6,7,5,3,8",0,1,4,0,2,CRITICAL,999.0,0.0,10,460.0
CASE9_0882_LINE_4_5,CASE9,882,5,"6,7,5,3,8",1,4,5,1,2,CRITICAL,99.2,0.856,1,460.0
CASE9_0882_LINE_5_6,CASE9,882,5,"6,7,5,3,8",2,5,6,1,1,ALERT,91.8,0.918,0,460.0
CASE9_0882_LINE_3_6,CASE9,882,5,"6,7,5,3,8",3,3,6,0,2,CRITICAL,999.0,0.0,10,460.0
CASE9_0882_LINE_6_7,CASE9,882,5,"6,7,5,3,8",4,6,7,1,2,CRITICAL,89.9,0.892,1,460.0
CASE9_0882_LINE_7_8,CASE9,882,5,"6,7,5,3,8",5,7,8,1,2,CRITICAL,108.6,0.835,4,460.0
CASE9_0882_LINE_8_2,CASE9,882,5,"6,7,5,3,8",6,8,2,0,2,CRITICAL,999.0,0.0,10,460.0
CASE9_0882_LINE_8_9,CASE9,882,5,"6,7,5,3,8",7,8,9,1,1,ALERT,92.1,0.904,0,460.0
CASE9_0882_LINE_9_4,CASE9,882,5,"6,7,5,3,8",8,9,4,1,2,CRITICAL,106.8,0.733,4,460.0
CASE9_0883_LINE_1_4,CASE9,883,7,"7,6,9,4,2,3,8",0,1,4,0,2,CRITICAL,999.0,0.0,10,639.4
CASE9_0883_LINE_4_5,CASE9,883,7,"7,6,9,4,2,3,8",1,4,5,0,2,CRITICAL,999.0,0.0,10,639.4
CASE9_0883_LINE_5_6,CASE9,883,7,"7,6,9,4,2,3,8",2,5,6,1,2,CRITICAL,186.5,0.853,3,639.4
CASE9_0883_LINE_3_6,CASE9,883,7,"7,6,9,4,2,3,8",3,3,6,0,2,CRITICAL,999.0,0.0,10,639.4
CASE9_0883_LINE_6_7,CASE9,883,7,"7,6,9,4,2,3,8",4,6,7,1,2,CRITICAL,181.0,0.82,5,639.4
CASE9_0883_LINE_7_8,CASE9,883,7,"7,6,9,4,2,3,8",5,7,8,0,2,CRITICAL,999.0,0.0,10,639.4
CASE9_0883_LINE_8_2,CASE9,883,7,"7,6,9,4,2,3,8",6,8,2,0,2,CRITICAL,999.0,0.0,10,639.4
CASE9_0883_LINE_8_9,CASE9,883,7,"7,6,9,4,2,3,8",7,8,9,1,2,CRITICAL,185.3,0.831,3,639.4
CASE9_0883_LINE_9_4,CASE9,883,7,"7,6,9,4,2,3,8",8,9,4,0,2,CRITICAL,999.0,0.0,10,639.4
CASE9_0884_LINE_1_4,CASE9,884,5,"3,2,5,6,8",0,1,4,0,2,CRITICAL,999.0,0.0,10,629.2
CASE9_0884_LINE_4_5,CASE9,884,5,"3,2,5,6,8",1,4,5,0,2,CRITICAL,999.0,0.0,10,629.2
CASE9_0884_LINE_5_6,CASE9,884,5,"3,2,5,6,8",2,5,6,1,2,CRITICAL,191.4,0.752,4,629.2
CASE9_0884_LINE_3_6,CASE9,884,5,"3,2,5,6,8",3,3,6,0,2,CRITICAL,999.0,0.0,10,629.2
CASE9_0884_LINE_6_7,CASE9,884,5,"3,2,5,6,8",4,6,7,1,2,CRITICAL,172.7,0.875,2,629.2
CASE9_0884_LINE_7_8,CASE9,884,5,"3,2,5,6,8",5,7,8,0,2,CRITICAL,999.0,0.0,10,629.2
CASE9_0884_LINE_8_2,CASE9,884,5,"3,2,5,6,8",6,8,2,0,2,CRITICAL,999.0,0.0,10,629.2
CASE9_0884_LINE_8_9,CASE9,884,5,"3,2,5,6,8",7,8,9,1,2,CRITICAL,194.7,0.805,5,629.2
CASE9_0884_LINE_9_4,CASE9,884,5,"3,2,5,6,8",8,9,4,0,2,CRITICAL,999.0,0.0,10,629.2
CASE9_0885_LINE_1_4,CASE9,885,2,"3,2",0,1,4,0,2,CRITICAL,999.0,0.0,10,437.4
CASE9_0885_LINE_4_5,CASE9,885,2,"3,2",1,4,5,1,2,CRITICAL,83.8,0.898,1,437.4
CASE9_0885_LINE_5_6,CASE9,885,2,"3,2",2,5,6,1,1,ALERT,80.7,0.93,0,437.4
CASE9_0885_LINE_3_6,CASE9,885,2,"3,2",3,3,6,0,2,CRITICAL,999.0,0.0,10,437.4
CASE9_0885_LINE_6_7,CASE9,885,2,"3,2",4,6,7,1,1,ALERT,79.1,0.943,0,437.4
CASE9_0885_LINE_7_8,CASE9,885,2,"3,2",5,7,8,1,1,ALERT,81.6,0.929,0,437.4
CASE9_0885_LINE_8_2,CASE9,885,2,"3,2",6,8,2,0,2,CRITICAL,999.0,0.0,10,437.4
CASE9_0885_LINE_8_9,CASE9,885,2,"3,2",7,8,9,1,1,ALERT,81.6,0.909,0,437.4
CASE9_0885_LINE_9_4,CASE9,885,2,"3,2",8,9,4,1,2,CRITICAL,104.2,0.77,2,437.4
CASE9_0876_LINE_1_4,CASE9,876,5,"9,6,4,8,5",0,1,4,0,2,CRITICAL,999.0,0.0,10,502.2
CASE9_0876_LINE_4_5,CASE9,876,5,"9,6,4,8,5",1,4,5,0,2,CRITICAL,999.0,0.0,10,502.2
CASE9_0876_LINE_5_6,CASE9,876,5,"9,6,4,8,5",2,5,6,1,2,CRITICAL,118.8,0.843,2,502.2
CASE9_0876_LINE_3_6,CASE9,876,5,"9,6,4,8,5",3,3,6,0,2,CRITICAL,999.0,0.0,10,502.2
CASE9_0876_LINE_6_7,CASE9,876,5,"9,6,4,8,5",4,6,7,1,2,CRITICAL,109.0,0.932,1,502.2
CASE9_0876_LINE_7_8,CASE9,876,5,"9,6,4,8,5",5,7,8,1,2,CRITICAL,122.5,0.881,3,502.2
CASE9_0876_LINE_8_2,CASE9,876,5,"9,6,4,8,5",6,8,2,0,2,CRITICAL,999.0,0.0,10,502.2
CASE9_0876_LINE_8_9,CASE9,876,5,"9,6,4,8,5",7,8,9,1,2,CRITICAL,113.5,0.912,1,502.2
CASE9_0876_LINE_9_4,CASE9,876,5,"9,6,4,8,5",8,9,4,1,2,CRITICAL,111.8,0.902,1,502.2
CASE9_0877_LINE_1_4,CASE9,877,4,"2,3,9,8",0,1,4,0,2,CRITICAL,999.0,0.0,10,433.7
CASE9_0877_LINE_4_5,CASE9,877,4,"2,3,9,8",1,4,5,1,2,CRITICAL,82.8,0.894,1,433.7
CASE9_0877_LINE_5_6,CASE9,877,4,"2,3,9,8",2,5,6,1,1,ALERT,77.1,0.942,0,433.7
CASE9_0877_LINE_3_6,CASE9,877,4,"2,3,9,8",3,3,6,0,2,CRITICAL,999.0,0.0,10,433.7
CASE9_0877_LINE_6_7,CASE9,877,4,"2,3,9,8",4,6,7,1,1,ALERT,76.8,0.942,0,433.7
CASE9_0877_LINE_7_8,CASE9,877,4,"2,3,9,8",5,7,8,1,1,ALERT,78.4,0.93,0,433.7
CASE9_0877_LINE_8_2,CASE9,877,4,"2,3,9,8",6,8,2,0,2,CRITICAL,999.0,0.0,10,433.7
CASE9_0877_LINE_8_9,CASE9,877,4,"2,3,9,8",7,8,9,1,0,SAFE,76.9,0.961,0,433.7
CASE9_0877_LINE_9_4,CASE9,877,4,"2,3,9,8",8,9,4,1,1,ALERT,89.9,0.915,0,433.7
CASE9_0878_LINE_1_4,CASE9,878,2,"7,9",0,1,4,0,2,CRITICAL,999.0,0.0,10,338.3
CASE9_0878_LINE_4_5,CASE9,878,2,"7,9",1,4,5,1,2,CRITICAL,77.6,0.889,1,338.3
CASE9_0878_LINE_5_6,CASE9,878,2,"7,9",2,5,6,1,1,ALERT,65.4,0.94,0,338.3
CASE9_0878_LINE_3_6,CASE9,878,2,"7,9",3,3,6,0,2,CRITICAL,999.0,0.0,10,338.3
CASE9_0878_LINE_6_7,CASE9,878,2,"7,9",4,6,7,1,2,CRITICAL,77.8,0.872,1,338.3
CASE9_0878_LINE_7_8,CASE9,878,2,"7,9",5,7,8,1,2,CRITICAL,147.3,0.778,2,338.3
CASE9_0878_LINE_8_2,CASE9,878,2,"7,9",6,8,2,0,2,CRITICAL,999.0,0.0,10,338.3
CASE9_0878_LINE_8_9,CASE9,878,2,"7,9",7,8,9,1,1,ALERT,65.9,0.949,0,338.3
CASE9_0878_LINE_9_4,CASE9,878,2,"7,9",8,9,4,1,1,ALERT,66.3,0.925,0,338.3
CASE9_0879_LINE_1_4,CASE9,879,7,"3,5,2,7,6,9,8",0,1,4,0,2,CRITICAL,999.0,0.0,10,703.6
CASE9_0879_LINE_4_5,CASE9,879,7,"3,5,2,7,6,9,8",1,4,5,0,2,CRITICAL,999.0,0.0,10,703.6
CASE9_0879_LINE_5_6,CASE9,879,7,"3,5,2,7,6,9,8",2,5,6,0,2,CRITICAL,999.0,0.0,10,703.6
CASE9_0879_LINE_3_6,CASE9,879,7,"3,5,2,7,6,9,8",3,3,6,0,2,CRITICAL,999.0,0.0,10,703.6
CASE9_0879_LINE_6_7,CASE9,879,7,"3,5,2,7,6,9,8",4,6,7,1,2,CRITICAL,228.5,0.825,6,703.6
CASE9_0879_LINE_7_8,CASE9,879,7,"3,5,2,7,6,9,8",5,7,8,0,2,CRITICAL,999.0,0.0,10,703.6
CASE9_0879_LINE_8_2,CASE9,879,7,"3,5,2,7,6,9,8",6,8,2,0,2,CRITICAL,999.0,0.0,10,703.6
CASE9_0879_LINE_8_9,CASE9,879,7,"3,5,2,7,6,9,8",7,8,9,0,2,CRITICAL,999.0,0.0,10,703.6
CASE9_0879_LINE_9_4,CASE9,879,7,"3,5,2,7,6,9,8",8,9,4,0,2,CRITICAL,999.0,0.0,10,703.6
CASE9_0880_LINE_1_4,CASE9,880,2,"9,3",0,1,4,0,2,CRITICAL,999.0,0.0,10,426.5
CASE9_0880_LINE_4_5,CASE9,880,2,"9,3",1,4,5,1,2,CRITICAL,83.0,0.893,2,426.5
CASE9_0880_LINE_5_6,CASE9,880,2,"9,3",2,5,6,1,2,CRITICAL,88.2,0.875,2,426.5
CASE9_0880_LINE_3_6,CASE9,880,2,"9,3",3,3,6,0,2,CRITICAL,999.0,0.0,10,426.5
CASE9_0880_LINE_6_7,CASE9,880,2,"9,3",4,6,7,1,2,CRITICAL,81.4,0.889,1,426.5
CASE9_0880_LINE_7_8,CASE9,880,2,"9,3",5,7,8,1,2,CRITICAL,85.9,0.878,1,426.5
CASE9_0880_LINE_8_2,CASE9,880,2,"9,3",6,8,2,0,2,CRITICAL,999.0,0.0,10,426.5
CASE9_0880_LINE_8_9,CASE9,880,2,"9,3",7,8,9,1,2,CRITICAL,116.4,0.723,4,426.5
CASE9_0880_LINE_9_4,CASE9,880,2,"9,3",8,9,4,0,2,CRITICAL,999.0,0.0,10,426.5
CASE9_0861_LINE_1_4,CASE9,861,7,"7,3,9,6,2,4,5",0,1,4,0,2,CRITICAL,999.0,0.0,10,655.3
CASE9_0861_LINE_4_5,CASE9,861,7,"7,3,9,6,2,4,5",1,4,5,0,2,CRITICAL,999.0,0.0,10,655.3
CASE9_0861_LINE_5_6,CASE9,861,7,"7,3,9,6,2,4,5",2,5,6,1,2,CRITICAL,204.9,0.756,4,655.3
CASE9_0861_LINE_3_6,CASE9,861,7,"7,3,9,6,2,4,5",3,3,6,0,2,CRITICAL,999.0,0.0,10,655.3
CASE9_0861_LINE_6_7,CASE9,861,7,"7,3,9,6,2,4,5",4,6,7,1,2,CRITICAL,185.5,0.878,3,655.3
CASE9_0861_LINE_7_8,CASE9,861,7,"7,3,9,6,2,4,5",5,7,8,0,2,CRITICAL,999.0,0.0,10,655.3
CASE9_0861_LINE_8_2,CASE9,861,7,"7,3,9,6,2,4,5",6,8,2,0,2,CRITICAL,999.0,0.0,10,655.3
CASE9_0861_LINE_8_9,CASE9,861,7,"7,3,9,6,2,4,5",7,8,9,1,2,CRITICAL,205.3,0.781,4,655.3
CASE9_0861_LINE_9_4,CASE9,861,7,"7,3,9,6,2,4,5",8,9,4,0,2,CRITICAL,999.0,0.0,10,655.3
CASE9_0862_LINE_1_4,CASE9,862,8,"6,2,7,3,4,8,9,5",0,1,4,0,2,CRITICAL,999.0,0.0,10,690.0
CASE9_0862_LINE_4_5,CASE9,862,8,"6,2,7,3,4,8,9,5",1,4,5,0,2,CRITICAL,999.0,0.0,10,690.0
CASE9_0862_LINE_5_6,CASE9,862,8,"6,2,7,3,4,8,9,5",2,5,6,0,2,CRITICAL,999.0,0.0,10,690.0
CASE9_0862_LINE_3_6,CASE9,862,8,"6,2,7,3,4,8,9,5",3,3,6,0,2,CRITICAL,999.0,0.0,10,690.0
CASE9_0862_LINE_6_7,CASE9,862,8,"6,2,7,3,4,8,9,5",4,6,7,1,2,CRITICAL,207.6,0.825,4,690.0
CASE9_0862_LINE_7_8,CASE9,862,8,"6,2,7,3,4,8,9,5",5,7,8,0,2,CRITICAL,999.0,0.0,10,690.0
CASE9_0862_LINE_8_2,CASE9,862,8,"6,2,7,3,4,8,9,5",6,8,2,0,2,CRITICAL,999.0,0.0,10,690.0
CASE9_0862_LINE_8_9,CASE9,862,8,"6,2,7,3,4,8,9,5",7,8,9,1,2,CRITICAL,236.6,0.689,4,690.0
CASE9_0862_LINE_9_4,CASE9,862,8,"6,2,7,3,4,8,9,5",8,9,4,0,2,CRITICAL,999.0,0.0,10,690.0
CASE9_0863_LINE_1_4,CASE9,863,8,"6,2,3,5,7,4,9,8",0,1,4,0,2,CRITICAL,999.0,0.0,10,667.8
CASE9_0863_LINE_4_5,CASE9,863,8,"6,2,3,5,7,4,9,8",1,4,5,0,2,CRITICAL,999.0,0.0,10,667.8
CASE9_0863_LINE_5_6,CASE9,863,8,"6,2,3,5,7,4,9,8",2,5,6,1,2,CRITICAL,210.7,0.821,6,667.8
CASE9_0863_LINE_3_6,CASE9,863,8,"6,2,3,5,7,4,9,8",3,3,6,0,2,CRITICAL,999.0,0.0,10,667.8
CASE9_0863_LINE_6_7,CASE9,863,8,"6,2,3,5,7,4,9,8",4,6,7,1,2,CRITICAL,197.0,0.8,4,667.8
CASE9_0863_LINE_7_8,CASE9,863,8,"6,2,3,5,7,4,9,8",5,7,8,0,2,CRITICAL,999.0,0.0,10,667.8
CASE9_0863_LINE_8_2,CASE9,863,8,"6,2,3,5,7,4,9,8",6,8,2,0,2,CRITICAL,999.0,0.0,10,667.8
CASE9_0863_LINE_8_9,CASE9,863,8,"6,2,3,5,7,4,9,8",7,8,9,1,2,CRITICAL,208.9,0.837,5,667.8
CASE9_0863_LINE_9_4,CASE9,863,8,"6,2,3,5,7,4,9,8",8,9,4,0,2,CRITICAL,999.0,0.0,10,667.8
CASE9_0864_LINE_1_4,CASE9,864,2,"2,7",0,1,4,0,2,CRITICAL,999.0,0.0,10,389.0
CASE9_0864_LINE_4_5,CASE9,864,2,"2,7",1,4,5,1,1,ALERT,63.2,0.908,0,389.0
CASE9_0864_LINE_5_6,CASE9,864,2,"2,7",2,5,6,1,1,ALERT,62.1,0.93,0,389.0
CASE9_0864_LINE_3_6,CASE9,864,2,"2,7",3,3,6,0,2,CRITICAL,999.0,0.0,10,389.0
CASE9_0864_LINE_6_7,CASE9,864,2,"2,7",4,6,7,1,0,SAFE,60.5,0.95,0,389.0
CASE9_0864_LINE_7_8,CASE9,864,2,"2,7",5,7,8,1,1,ALERT,63.5,0.949,0,389.0
CASE9_0864_LINE_8_2,CASE9,864,2,"2,7",6,8,2,0,2,CRITICAL,999.0,0.0,10,389.0
CASE9_0864_LINE_8_9,CASE9,864,2,"2,7",7,8,9,1,1,ALERT,63.7,0.906,0,389.0
CASE9_0864_LINE_9_4,CASE9,864,2,"2,7",8,9,4,1,2,CRITICAL,99.7,0.781,1,389.0
CASE9_0865_LINE_1_4,CASE9,865,7,"2,9,7,8,5,4,6",0,1,4,0,2,CRITICAL,999.0,0.0,10,616.6
CASE9_0865_LINE_4_5,CASE9,865,7,"2,9,7,8,5,4,6",1,4,5,0,2,CRITICAL,999.0,0.0,10,616.6
CASE9_0865_LINE_5_6,CASE9,865,7,"2,9,7,8,5,4,6",2,5,6,1,2,CRITICAL,173.5,0.846,3,616.6
CASE9_0865_LINE_3_6,CASE9,865,7,"2,9,7,8,5,4,6",3,3,6,0,2,CRITICAL,999.0,0.0,10,616.6
CASE9_0865_LINE_6_7,CASE9,865,7,"2,9,7,8,5,4,6",4,6,7,1,2,CRITICAL,178.5,0.809,4,616.6
CASE9_0865_LINE_7_8,CASE9,865,7,"2,9,7,8,5,4,6",5,7,8,1,2,CRITICAL,163.0,0.881,2,616.6
CASE9_0865_LINE_8_2,CASE9,865,7,"2,9,7,8,5,4,6",6,8,2,0,2,CRITICAL,999.0,0.0,10,616.6
CASE9_0865_LINE_8_9,CASE9,865,7,"2,9,7,8,5,4,6",7,8,9,1,2,CRITICAL,180.8,0.751,4,616.6
CASE9_0865_LINE_9_4,CASE9,865,7,"2,9,7,8,5,4,6",8,9,4,0,2,CRITICAL,999.0,0.0,10,616.6
CASE9_0871_LINE_1_4,CASE9,871,7,"8,5,9,7,6,3,2",0,1,4,0,2,CRITICAL,999.0,0.0,10,676.5
CASE9_0871_LINE_4_5,CASE9,871,7,"8,5,9,7,6,3,2",1,4,5,0,2,CRITICAL,999.0,0.0,10,676.5
CASE9_0871_LINE_5_6,CASE9,871,7,"8,5,9,7,6,3,2",2,5,6,0,2,CRITICAL,999.0,0.0,10,676.5
CASE9_0871_LINE_3_6,CASE9,871,7,"8,5,9,7,6,3,2",3,3,6,0,2,CRITICAL,999.0,0.0,10,676.5
CASE9_0871_LINE_6_7,CASE9,871,7,"8,5,9,7,6,3,2",4,6,7,1,2,CRITICAL,217.7,0.75,7,676.5
CASE9_0871_LINE_7_8,CASE9,871,7,"8,5,9,7,6,3,2",5,7,8,0,2,CRITICAL,999.0,0.0,10,676.5
CASE9_0871_LINE_8_2,CASE9,871,7,"8,5,9,7,6,3,2",6,8,2,0,2,CRITICAL,999.0,0.0,10,676.5
CASE9_0871_LINE_8_9,CASE9,871,7,"8,5,9,7,6,3,2",7,8,9,0,2,CRITICAL,999.0,0.0,10,676.5
CASE9_0871_LINE_9_4,CASE9,871,7,"8,5,9,7,6,3,2",8,9,4,0,2,CRITICAL,999.0,0.0,10,676.5
CASE9_0872_LINE_1_4,CASE9,872,2,"3,8",0,1,4,0,2,CRITICAL,999.0,0.0,10,370.7
CASE9_0872_LINE_4_5,CASE9,872,2,"3,8",1,4,5,1,1,ALERT,65.6,0.901,0,370.7
CASE9_0872_LINE_5_6,CASE9,872,2,"3,8",2,5,6,1,1,ALERT,65.4,0.927,0,370.7
CASE9_0872_LINE_3_6,CASE9,872,2,"3,8",3,3,6,0,2,CRITICAL,999.0,0.0,10,370.7
CASE9_0872_LINE_6_7,CASE9,872,2,"3,8",4,6,7,1,1,ALERT,66.4,0.941,0,370.7
CASE9_0872_LINE_7_8,CASE9,872,2,"3,8",5,7,8,1,1,ALERT,70.2,0.93,0,370.7
CASE9_0872_LINE_8_2,CASE9,872,2,"3,8",6,8,2,0,2,CRITICAL,999.0,0.0,10,370.7
CASE9_0872_LINE_8_9,CASE9,872,2,"3,8",7,8,9,1,1,ALERT,65.3,0.903,0,370.7
CASE9_0872_LINE_9_4,CASE9,872,2,"3,8",8,9,4,1,2,CRITICAL,71.4,0.779,1,370.7
CASE9_0873_LINE_1_4,CASE9,873,5,"6,3,2,4,9",0,1,4,0,2,CRITICAL,999.0,0.0,10,493.9
CASE9_0873_LINE_4_5,CASE9,873,5,"6,3,2,4,9",1,4,5,1,2,CRITICAL,115.4,0.867,3,493.9
CASE9_0873_LINE_5_6,CASE9,873,5,"6,3,2,4,9",2,5,6,1,2,CRITICAL,107.7,0.911,1,493.9
CASE9_0873_LINE_3_6,CASE9,873,5,"6,3,2,4,9",3,3,6,0,2,CRITICAL,999.0,0.0,10,493.9
CASE9_0873_LINE_6_7,CASE9,873,5,"6,3,2,4,9",4,6,7,1,2,CRITICAL,104.2,0.931,1,493.9
CASE9_0873_LINE_7_8,CASE9,873,5,"6,3,2,4,9",5,7,8,1,2,CRITICAL,118.9,0.887,3,493.9
CASE9_0873_LINE_8_2,CASE9,873,5,"6,3,2,4,9",6,8,2,0,2,CRITICAL,999.0,0.0,10,493.9
CASE9_0873_LINE_8_9,CASE9,873,5,"6,3,2,4,9",7,8,9,1,2,CRITICAL,111.2,0.861,2,493.9
CASE9_0873_LINE_9_4,CASE9,873,5,"6,3,2,4,9",8,9,4,0,2,CRITICAL,999.0,0.0,10,493.9
CASE9_0874_LINE_1_4,CASE9,874,5,"3,7,6,9,5",0,1,4,0,2,CRITICAL,999.0,0.0,10,630.6
CASE9_0874_LINE_4_5,CASE9,874,5,"3,7,6,9,5",1,4,5,0,2,CRITICAL,999.0,0.0,10,630.6
CASE9_0874_LINE_5_6,CASE9,874,5,"3,7,6,9,5",2,5,6,1,2,CRITICAL,207.3,0.719,4,630.6
CASE9_0874_LINE_3_6,CASE9,874,5,"3,7,6,9,5",3,3,6,0,2,CRITICAL,999.0,0.0,10,630.6
CASE9_0874_LINE_6_7,CASE9,874,5,"3,7,6,9,5",4,6,7,1,2,CRITICAL,183.4,0.815,4,630.6
CASE9_0874_LINE_7_8,CASE9,874,5,"3,7,6,9,5",5,7,8,0,2,CRITICAL,999.0,0.0,10,630.6
CASE9_0874_LINE_8_2,CASE9,874,5,"3,7,6,9,5",6,8,2,0,2,CRITICAL,999.0,0.0,10,630.6
CASE9_0874_LINE_8_9,CASE9,874,5,"3,7,6,9,5",7,8,9,0,2,CRITICAL,999.0,0.0,10,630.6
CASE9_0874_LINE_9_4,CASE9,874,5,"3,7,6,9,5",8,9,4,0,2,CRITICAL,999.0,0.0,10,630.6
CASE9_0875_LINE_1_4,CASE9,875,1,7,0,1,4,0,2,CRITICAL,999.0,0.0,10,336.3
CASE9_0875_LINE_4_5,CASE9,875,1,7,1,4,5,1,1,ALERT,65.3,0.903,0,336.3
CASE9_0875_LINE_5_6,CASE9,875,1,7,2,5,6,1,1,ALERT,65.5,0.923,0,336.3
CASE9_0875_LINE_3_6,CASE9,875,1,7,3,3,6,0,2,CRITICAL,999.0,0.0,10,336.3
CASE9_0875_LINE_6_7,CASE9,875,1,7,4,6,7,1,1,ALERT,66.7,0.929,0,336.3
CASE9_0875_LINE_7_8,CASE9,875,1,7,5,7,8,1,1,ALERT,87.3,0.908,0,336.3
CASE9_0875_LINE_8_2,CASE9,875,1,7,6,8,2,0,2,CRITICAL,999.0,0.0,10,336.3
CASE9_0875_LINE_8_9,CASE9,875,1,7,7,8,9,1,2,CRITICAL,78.6,0.896,1,336.3
CASE9_0875_LINE_9_4,CASE9,875,1,7,8,9,4,1,2,CRITICAL,70.5,0.785,1,336.3
CASE9_0866_LINE_1_4,CASE9,866,6,"8,3,5,4,2,7",0,1,4,0,2,CRITICAL,999.0,0.0,10,542.4
CASE9_0866_LINE_4_5,CASE9,866,6,"8,3,5,4,2,7",1,4,5,1,2,CRITICAL,131.8,0.914,1,542.4
CASE9_0866_LINE_5_6,CASE9,866,6,"8,3,5,4,2,7",2,5,6,1,2,CRITICAL,128.5,0.917,1,542.4
CASE9_0866_LINE_3_6,CASE9,866,6,"8,3,5,4,2,7",3,3,6,0,2,CRITICAL,999.0,0.0,10,542.4
CASE9_0866_LINE_6_7,CASE9,866,6,"8,3,5,4,2,7",4,6,7,1,2,CRITICAL,130.8,0.889,2,542.4
CASE9_0866_LINE_7_8,CASE9,866,6,"8,3,5,4,2,7",5,7,8,1,2,CRITICAL,129.4,0.878,3,542.4
CASE9_0866_LINE_8_2,CASE9,866,6,"8,3,5,4,2,7",6,8,2,0,2,CRITICAL,999.0,0.0,10,542.4
CASE9_0866_LINE_8_9,CASE9,866,6,"8,3,5,4,2,7",7,8,9,1,2,CRITICAL,130.1,0.879,2,542.4
CASE9_0866_LINE_9_4,CASE9,866,6,"8,3,5,4,2,7",8,9,4,1,2,CRITICAL,143.3,0.729,5,542.4
CASE9_0867_LINE_1_4,CASE9,867,5,"3,6,4,2,9",0,1,4,0,2,CRITICAL,999.0,0.0,10,625.6
CASE9_0867_LINE_4_5,CASE9,867,5,"3,6,4,2,9",1,4,5,0,2,CRITICAL,999.0,0.0,10,625.6
CASE9_0867_LINE_5_6,CASE9,867,5,"3,6,4,2,9",2,5,6,1,2,CRITICAL,184.3,0.825,5,625.6
CASE9_0867_LINE_3_6,CASE9,867,5,"3,6,4,2,9",3,3,6,0,2,CRITICAL,999.0,0.0,10,625.6
CASE9_0867_LINE_6_7,CASE9,867,5,"3,6,4,2,9",4,6,7,1,2,CRITICAL,170.0,0.863,2,625.6
CASE9_0867_LINE_7_8,CASE9,867,5,"3,6,4,2,9",5,7,8,1,2,CRITICAL,181.9,0.864,5,625.6
CASE9_0867_LINE_8_2,CASE9,867,5,"3,6,4,2,9",6,8,2,0,2,CRITICAL,999.0,0.0,10,625.6
CASE9_0867_LINE_8_9,CASE9,867,5,"3,6,4,2,9",7,8,9,1,2,CRITICAL,191.5,0.724,4,625.6
CASE9_0867_LINE_9_4,CASE9,867,5,"3,6,4,2,9",8,9,4,0,2,CRITICAL,999.0,0.0,10,625.6
CASE9_0868_LINE_1_4,CASE9,868,7,"3,5,7,8,6,2,9",0,1,4,0,2,CRITICAL,999.0,0.0,10,490.3
CASE9_0868_LINE_4_5,CASE9,868,7,"3,5,7,8,6,2,9",1,4,5,1,2,CRITICAL,125.6,0.751,5,490.3
CASE9_0868_LINE_5_6,CASE9,868,7,"3,5,7,8,6,2,9",2,5,6,1,2,CRITICAL,104.9,0.895,2,490.3
CASE9_0868_LINE_3_6,CASE9,868,7,"3,5,7,8,6,2,9",3,3,6,0,2,CRITICAL,999.0,0.0,10,490.3
CASE9_0868_LINE_6_7,CASE9,868,7,"3,5,7,8,6,2,9",4,6,7,1,2,CRITICAL,103.1,0.915,1,490.3
CASE9_0868_LINE_7_8,CASE9,868,7,"3,5,7,8,6,2,9",5,7,8,1,2,CRITICAL,104.5,0.912,1,490.3
CASE9_0868_LINE_8_2,CASE9,868,7,"3,5,7,8,6,2,9",6,8,2,0,2,CRITICAL,999.0,0.0,10,490.3
CASE9_0868_LINE_8_9,CASE9,868,7,"3,5,7,8,6,2,9",7,8,9,1,2,CRITICAL,104.0,0.936,1,490.3
CASE9_0868_LINE_9_4,CASE9,868,7,"3,5,7,8,6,2,9",8,9,4,1,2,CRITICAL,116.8,0.864,5,490.3
CASE9_0869_LINE_1_4,CASE9,869,4,"8,3,9,4",0,1,4,0,2,CRITICAL,999.0,0.0,10,475.4
CASE9_0869_LINE_4_5,CASE9,869,4,"8,3,9,4",1,4,5,1,2,CRITICAL,100.5,0.892,2,475.4
CASE9_0869_LINE_5_6,CASE9,869,4,"8,3,9,4",2,5,6,1,1,ALERT,98.4,0.916,0,475.4
CASE9_0869_LINE_3_6,CASE9,869,4,"8,3,9,4",3,3,6,0,2,CRITICAL,999.0,0.0,10,475.4
CASE9_0869_LINE_6_7,CASE9,869,4,"8,3,9,4",4,6,7,1,1,ALERT,95.1,0.937,0,475.4
CASE9_0869_LINE_7_8,CASE9,869,4,"8,3,9,4",5,7,8,1,2,CRITICAL,102.1,0.92,1,475.4
CASE9_0869_LINE_8_2,CASE9,869,4,"8,3,9,4",6,8,2,0,2,CRITICAL,999.0,0.0,10,475.4
CASE9_0869_LINE_8_9,CASE9,869,4,"8,3,9,4",7,8,9,1,1,ALERT,98.8,0.909,0,475.4
CASE9_0869_LINE_9_4,CASE9,869,4,"8,3,9,4",8,9,4,1,2,CRITICAL,100.5,0.829,2,475.4
CASE9_0870_LINE_1_4,CASE9,870,2,"3,4",0,1,4,0,2,CRITICAL,999.0,0.0,10,485.1
CASE9_0870_LINE_4_5,CASE9,870,2,"3,4",1,4,5,1,2,CRITICAL,106.3,0.888,2,485.1
CASE9_0870_LINE_5_6,CASE9,870,2,"3,4",2,5,6,1,2,CRITICAL,105.2,0.906,1,485.1
CASE9_0870_LINE_3_6,CASE9,870,2,"3,4",3,3,6,0,2,CRITICAL,999.0,0.0,10,485.1
CASE9_0870_LINE_6_7,CASE9,870,2,"3,4",4,6,7,1,2,CRITICAL,101.0,0.94,1,485.1
CASE9_0870_LINE_7_8,CASE9,870,2,"3,4",5,7,8,1,2,CRITICAL,116.8,0.903,1,485.1
CASE9_0870_LINE_8_2,CASE9,870,2,"3,4",6,8,2,0,2,CRITICAL,999.0,0.0,10,485.1
CASE9_0870_LINE_8_9,CASE9,870,2,"3,4",7,8,9,1,2,CRITICAL,108.1,0.88,2,485.1
CASE9_0870_LINE_9_4,CASE9,870,2,"3,4",8,9,4,1,2,CRITICAL,106.0,0.785,2,485.1
CASE9_0851_LINE_1_4,CASE9,851,7,"2,5,3,4,6,8,9",0,1,4,0,2,CRITICAL,999.0,0.0,10,704.4
CASE9_0851_LINE_4_5,CASE9,851,7,"2,5,3,4,6,8,9",1,4,5,0,2,CRITICAL,999.0,0.0,10,704.4
CASE9_0851_LINE_5_6,CASE9,851,7,"2,5,3,4,6,8,9",2,5,6,0,2,CRITICAL,999.0,0.0,10,704.4
CASE9_0851_LINE_3_6,CASE9,851,7,"2,5,3,4,6,8,9",3,3,6,0,2,CRITICAL,999.0,0.0,10,704.4
CASE9_0851_LINE_6_7,CASE9,851,7,"2,5,3,4,6,8,9",4,6,7,1,2,CRITICAL,212.4,0.835,3,704.4
CASE9_0851_LINE_7_8,CASE9,851,7,"2,5,3,4,6,8,9",5,7,8,0,2,CRITICAL,999.0,0.0,10,704.4
CASE9_0851_LINE_8_2,CASE9,851,7,"2,5,3,4,6,8,9",6,8,2,0,2,CRITICAL,999.0,0.0,10,704.4
CASE9_0851_LINE_8_9,CASE9,851,7,"2,5,3,4,6,8,9",7,8,9,0,2,CRITICAL,999.0,0.0,10,704.4
CASE9_0851_LINE_9_4,CASE9,851,7,"2,5,3,4,6,8,9",8,9,4,0,2,CRITICAL,999.0,0.0,10,704.4
CASE9_0852_LINE_1_4,CASE9,852,4,"3,8,4,5",0,1,4,0,2,CRITICAL,999.0,0.0,10,638.7
CASE9_0852_LINE_4_5,CASE9,852,4,"3,8,4,5",1,4,5,0,2,CRITICAL,999.0,0.0,10,638.7
CASE9_0852_LINE_5_6,CASE9,852,4,"3,8,4,5",2,5,6,1,2,CRITICAL,194.3,0.754,4,638.7
CASE9_0852_LINE_3_6,CASE9,852,4,"3,8,4,5",3,3,6,0,2,CRITICAL,999.0,0.0,10,638.7
CASE9_0852_LINE_6_7,CASE9,852,4,"3,8,4,5",4,6,7,1,2,CRITICAL,176.2,0.886,4,638.7
CASE9_0852_LINE_7_8,CASE9,852,4,"3,8,4,5",5,7,8,1,2,CRITICAL,218.0,0.718,8,638.7
CASE9_0852_LINE_8_2,CASE9,852,4,"3,8,4,5",6,8,2,0,2,CRITICAL,999.0,0.0,10,638.7
CASE9_0852_LINE_8_9,CASE9,852,4,"3,8,4,5",7,8,9,1,2,CRITICAL,191.0,0.824,5,638.7
CASE9_0852_LINE_9_4,CASE9,852,4,"3,8,4,5",8,9,4,0,2,CRITICAL,999.0,0.0,10,638.7
CASE9_0853_LINE_1_4,CASE9,853,3,"5,9,8",0,1,4,0,2,CRITICAL,999.0,0.0,10,501.3
CASE9_0853_LINE_4_5,CASE9,853,3,"5,9,8",1,4,5,1,2,CRITICAL,122.3,0.837,3,501.3
CASE9_0853_LINE_5_6,CASE9,853,3,"5,9,8",2,5,6,1,2,CRITICAL,118.8,0.851,2,501.3
CASE9_0853_LINE_3_6,CASE9,853,3,"5,9,8",3,3,6,0,2,CRITICAL,999.0,0.0,10,501.3
CASE9_0853_LINE_6_7,CASE9,853,3,"5,9,8",4,6,7,1,2,CRITICAL,127.1,0.808,4,501.3
CASE9_0853_LINE_7_8,CASE9,853,3,"5,9,8",5,7,8,1,2,CRITICAL,113.3,0.867,2,501.3
CASE9_0853_LINE_8_2,CASE9,853,3,"5,9,8",6,8,2,0,2,CRITICAL,999.0,0.0,10,501.3
CASE9_0853_LINE_8_9,CASE9,853,3,"5,9,8",7,8,9,0,2,CRITICAL,999.0,0.0,10,501.3
CASE9_0853_LINE_9_4,CASE9,853,3,"5,9,8",8,9,4,0,2,CRITICAL,999.0,0.0,10,501.3
CASE9_0854_LINE_1_4,CASE9,854,3,"6,9,7",0,1,4,0,2,CRITICAL,999.0,0.0,10,484.2
CASE9_0854_LINE_4_5,CASE9,854,3,"6,9,7",1,4,5,1,2,CRITICAL,113.1,0.866,3,484.2
CASE9_0854_LINE_5_6,CASE9,854,3,"6,9,7",2,5,6,1,2,CRITICAL,106.6,0.898,2,484.2
CASE9_0854_LINE_3_6,CASE9,854,3,"6,9,7",3,3,6,0,2,CRITICAL,999.0,0.0,10,484.2
CASE9_0854_LINE_6_7,CASE9,854,3,"6,9,7",4,6,7,1,2,CRITICAL,106.3,0.852,3,484.2
CASE9_0854_LINE_7_8,CASE9,854,3,"6,9,7",5,7,8,1,2,CRITICAL,140.7,0.752,6,484.2
CASE9_0854_LINE_8_2,CASE9,854,3,"6,9,7",6,8,2,0,2,CRITICAL,999.0,0.0,10,484.2
CASE9_0854_LINE_8_9,CASE9,854,3,"6,9,7",7,8,9,1,2,CRITICAL,114.1,0.815,2,484.2
CASE9_0854_LINE_9_4,CASE9,854,3,"6,9,7",8,9,4,0,2,CRITICAL,999.0,0.0,10,484.2
CASE9_0855_LINE_1_4,CASE9,855,6,"5,7,6,9,8,4",0,1,4,0,2,CRITICAL,999.0,0.0,10,515.9
CASE9_0855_LINE_4_5,CASE9,855,6,"5,7,6,9,8,4",1,4,5,0,2,CRITICAL,999.0,0.0,10,515.9
CASE9_0855_LINE_5_6,CASE9,855,6,"5,7,6,9,8,4",2,5,6,1,2,CRITICAL,129.1,0.819,3,515.9
CASE9_0855_LINE_3_6,CASE9,855,6,"5,7,6,9,8,4",3,3,6,0,2,CRITICAL,999.0,0.0,10,515.9
CASE9_0855_LINE_6_7,CASE9,855,6,"5,7,6,9,8,4",4,6,7,1,2,CRITICAL,116.2,0.922,1,515.9
CASE9_0855_LINE_7_8,CASE9,855,6,"5,7,6,9,8,4",5,7,8,1,2,CRITICAL,119.3,0.911,1,515.9
CASE9_0855_LINE_8_2,CASE9,855,6,"5,7,6,9,8,4",6,8,2,0,2,CRITICAL,999.0,0.0,10,515.9
CASE9_0855_LINE_8_9,CASE9,855,6,"5,7,6,9,8,4",7,8,9,1,2,CRITICAL,125.8,0.853,3,515.9
CASE9_0855_LINE_9_4,CASE9,855,6,"5,7,6,9,8,4",8,9,4,1,2,CRITICAL,130.0,0.656,3,515.9
CASE9_0886_LINE_1_4,CASE9,886,2,"3,5",0,1,4,0,2,CRITICAL,999.0,0.0,10,372.7
CASE9_0886_LINE_4_5,CASE9,886,2,"3,5",1,4,5,1,2,CRITICAL,82.9,0.824,1,372.7
CASE9_0886_LINE_5_6,CASE9,886,2,"3,5",2,5,6,1,2,CRITICAL,65.3,0.894,1,372.7
CASE9_0886_LINE_3_6,CASE9,886,2,"3,5",3,3,6,0,2,CRITICAL,999.0,0.0,10,372.7
CASE9_0886_LINE_6_7,CASE9,886,2,"3,5",4,6,7,1,1,ALERT,65.9,0.946,0,372.7
CASE9_0886_LINE_7_8,CASE9,886,2,"3,5",5,7,8,1,1,ALERT,70.3,0.924,0,372.7
CASE9_0886_LINE_8_2,CASE9,886,2,"3,5",6,8,2,0,2,CRITICAL,999.0,0.0,10,372.7
CASE9_0886_LINE_8_9,CASE9,886,2,"3,5",7,8,9,1,2,CRITICAL,73.6,0.893,1,372.7
CASE9_0886_LINE_9_4,CASE9,886,2,"3,5",8,9,4,1,2,CRITICAL,69.7,0.791,1,372.7
CASE9_0887_LINE_1_4,CASE9,887,1,9,0,1,4,0,2,CRITICAL,999.0,0.0,10,289.7
CASE9_0887_LINE_4_5,CASE9,887,1,9,1,4,5,1,1,ALERT,65.2,0.909,0,289.7
CASE9_0887_LINE_5_6,CASE9,887,1,9,2,5,6,1,1,ALERT,65.3,0.923,0,289.7
CASE9_0887_LINE_3_6,CASE9,887,1,9,3,3,6,0,2,CRITICAL,999.0,0.0,10,289.7
CASE9_0887_LINE_6_7,CASE9,887,1,9,4,6,7,1,0,SAFE,65.6,0.951,0,289.7
CASE9_0887_LINE_7_8,CASE9,887,1,9,5,7,8,1,1,ALERT,70.2,0.937,0,289.7
CASE9_0887_LINE_8_2,CASE9,887,1,9,6,8,2,0,2,CRITICAL,999.0,0.0,10,289.7
CASE9_0887_LINE_8_9,CASE9,887,1,9,7,8,9,1,1,ALERT,91.2,0.918,0,289.7
CASE9_0887_LINE_9_4,CASE9,887,1,9,8,9,4,1,2,CRITICAL,66.2,0.872,1,289.7
CASE9_0888_LINE_1_4,CASE9,888,6,"4,5,3,6,7,2",0,1,4,0,2,CRITICAL,999.0,0.0,10,579.8
CASE9_0888_LINE_4_5,CASE9,888,6,"4,5,3,6,7,2",1,4,5,0,2,CRITICAL,999.0,0.0,10,579.8
CASE9_0888_LINE_5_6,CASE9,888,6,"4,5,3,6,7,2",2,5,6,1,2,CRITICAL,151.0,0.873,2,579.8
CASE9_0888_LINE_3_6,CASE9,888,6,"4,5,3,6,7,2",3,3,6,0,2,CRITICAL,999.0,0.0,10,579.8
CASE9_0888_LINE_6_7,CASE9,888,6,"4,5,3,6,7,2",4,6,7,1,2,CRITICAL,143.4,0.902,1,579.8
CASE9_0888_LINE_7_8,CASE9,888,6,"4,5,3,6,7,2",5,7,8,0,2,CRITICAL,999.0,0.0,10,579.8
CASE9_0888_LINE_8_2,CASE9,888,6,"4,5,3,6,7,2",6,8,2,0,2,CRITICAL,999.0,0.0,10,579.8
CASE9_0888_LINE_8_9,CASE9,888,6,"4,5,3,6,7,2",7,8,9,1,2,CRITICAL,150.7,0.871,2,579.8
CASE9_0888_LINE_9_4,CASE9,888,6,"4,5,3,6,7,2",8,9,4,0,2,CRITICAL,999.0,0.0,10,579.8
CASE9_0889_LINE_1_4,CASE9,889,4,"3,9,5,7",0,1,4,0,2,CRITICAL,999.0,0.0,10,483.1
CASE9_0889_LINE_4_5,CASE9,889,4,"3,9,5,7",1,4,5,1,2,CRITICAL,115.8,0.802,4,483.1
CASE9_0889_LINE_5_6,CASE9,889,4,"3,9,5,7",2,5,6,1,2,CRITICAL,110.2,0.872,3,483.1
CASE9_0889_LINE_3_6,CASE9,889,4,"3,9,5,7",3,3,6,0,2,CRITICAL,999.0,0.0,10,483.1
CASE9_0889_LINE_6_7,CASE9,889,4,"3,9,5,7",4,6,7,1,2,CRITICAL,103.8,0.9,2,483.1
CASE9_0889_LINE_7_8,CASE9,889,4,"3,9,5,7",5,7,8,1,2,CRITICAL,114.7,0.874,2,483.1
CASE9_0889_LINE_8_2,CASE9,889,4,"3,9,5,7",6,8,2,0,2,CRITICAL,999.0,0.0,10,483.1
CASE9_0889_LINE_8_9,CASE9,889,4,"3,9,5,7",7,8,9,1,2,CRITICAL,123.9,0.771,2,483.1
CASE9_0889_LINE_9_4,CASE9,889,4,"3,9,5,7",8,9,4,0,2,CRITICAL,999.0,0.0,10,483.1
CASE9_0890_LINE_1_4,CASE9,890,3,"2,3,5",0,1,4,0,2,CRITICAL,999.0,0.0,10,413.9
CASE9_0890_LINE_4_5,CASE9,890,3,"2,3,5",1,4,5,1,0,SAFE,70.7,0.954,0,413.9
CASE9_0890_LINE_5_6,CASE9,890,3,"2,3,5",2,5,6,1,0,SAFE,69.1,0.958,0,413.9
CASE9_0890_LINE_3_6,CASE9,890,3,"2,3,5",3,3,6,0,2,CRITICAL,999.0,0.0,10,413.9
CASE9_0890_LINE_6_7,CASE9,890,3,"2,3,5",4,6,7,1,1,ALERT,69.1,0.943,0,413.9
CASE9_0890_LINE_7_8,CASE9,890,3,"2,3,5",5,7,8,1,1,ALERT,70.3,0.936,0,413.9
CASE9_0890_LINE_8_2,CASE9,890,3,"2,3,5",6,8,2,0,2,CRITICAL,999.0,0.0,10,413.9
CASE9_0890_LINE_8_9,CASE9,890,3,"2,3,5",7,8,9,1,1,ALERT,70.5,0.916,0,413.9
CASE9_0890_LINE_9_4,CASE9,890,3,"2,3,5",8,9,4,1,2,CRITICAL,109.1,0.77,2,413.9
CASE9_0896_LINE_1_4,CASE9,896,8,"6,3,5,4,7,2,9,8",0,1,4,0,2,CRITICAL,999.0,0.0,10,659.5
CASE9_0896_LINE_4_5,CASE9,896,8,"6,3,5,4,7,2,9,8",1,4,5,0,2,CRITICAL,999.0,0.0,10,659.5
CASE9_0896_LINE_5_6,CASE9,896,8,"6,3,5,4,7,2,9,8",2,5,6,1,2,CRITICAL,210.0,0.74,4,659.5
CASE9_0896_LINE_3_6,CASE9,896,8,"6,3,5,4,7,2,9,8",3,3,6,0,2,CRITICAL,999.0,0.0,10,659.5
CASE9_0896_LINE_6_7,CASE9,896,8,"6,3,5,4,7,2,9,8",4,6,7,1,2,CRITICAL,190.5,0.857,3,659.5
CASE9_0896_LINE_7_8,CASE9,896,8,"6,3,5,4,7,2,9,8",5,7,8,0,2,CRITICAL,999.0,0.0,10,659.5
CASE9_0896_LINE_8_2,CASE9,896,8,"6,3,5,4,7,2,9,8",6,8,2,0,2,CRITICAL,999.0,0.0,10,659.5
CASE9_0896_LINE_8_9,CASE9,896,8,"6,3,5,4,7,2,9,8",7,8,9,1,2,CRITICAL,210.2,0.78,5,659.5
CASE9_0896_LINE_9_4,CASE9,896,8,"6,3,5,4,7,2,9,8",8,9,4,0,2,CRITICAL,999.0,0.0,10,659.5
CASE9_0897_LINE_1_4,CASE9,897,4,"6,3,4,5",0,1,4,0,2,CRITICAL,999.0,0.0,10,448.0
CASE9_0897_LINE_4_5,CASE9,897,4,"6,3,4,5",1,4,5,1,2,CRITICAL,89.5,0.843,1,448.0
CASE9_0897_LINE_5_6,CASE9,897,4,"6,3,4,5",2,5,6,1,1,ALERT,89.8,0.9,0,448.0
CASE9_0897_LINE_3_6,CASE9,897,4,"6,3,4,5",3,3,6,0,2,CRITICAL,999.0,0.0,10,448.0
CASE9_0897_LINE_6_7,CASE9,897,4,"6,3,4,5",4,6,7,1,1,ALERT,84.7,0.945,0,448.0
CASE9_0897_LINE_7_8,CASE9,897,4,"6,3,4,5",5,7,8,1,1,ALERT,97.5,0.907,0,448.0
CASE9_0897_LINE_8_2,CASE9,897,4,"6,3,4,5",6,8,2,0,2,CRITICAL,999.0,0.0,10,448.0
CASE9_0897_LINE_8_9,CASE9,897,4,"6,3,4,5",7,8,9,1,2,CRITICAL,92.2,0.888,1,448.0
CASE9_0897_LINE_9_4,CASE9,897,4,"6,3,4,5",8,9,4,1,2,CRITICAL,88.4,0.786,1,448.0
CASE9_0898_LINE_1_4,CASE9,898,5,"8,5,3,9,6",0,1,4,0,2,CRITICAL,999.0,0.0,10,481.1
CASE9_0898_LINE_4_5,CASE9,898,5,"8,5,3,9,6",1,4,5,1,2,CRITICAL,112.2,0.833,3,481.1
CASE9_0898_LINE_5_6,CASE9,898,5,"8,5,3,9,6",2,5,6,1,2,CRITICAL,106.0,0.89,2,481.1
CASE9_0898_LINE_3_6,CASE9,898,5,"8,5,3,9,6",3,3,6,0,2,CRITICAL,999.0,0.0,10,481.1
CASE9_0898_LINE_6_7,CASE9,898,5,"8,5,3,9,6",4,6,7,1,2,CRITICAL,100.7,0.91,1,481.1
CASE9_0898_LINE_7_8,CASE9,898,5,"8,5,3,9,6",5,7,8,1,2,CRITICAL,112.4,0.888,2,481.1
CASE9_0898_LINE_8_2,CASE9,898,5,"8,5,3,9,6",6,8,2,0,2,CRITICAL,999.0,0.0,10,481.1
CASE9_0898_LINE_8_9,CASE9,898,5,"8,5,3,9,6",7,8,9,1,2,CRITICAL,114.1,0.812,2,481.1
CASE9_0898_LINE_9_4,CASE9,898,5,"8,5,3,9,6",8,9,4,0,2,CRITICAL,999.0,0.0,10,481.1
CASE9_0899_LINE_1_4,CASE9,899,5,"7,3,9,2,8",0,1,4,0,2,CRITICAL,999.0,0.0,10,485.3
CASE9_0899_LINE_4_5,CASE9,899,5,"7,3,9,2,8",1,4,5,1,2,CRITICAL,110.2,0.89,3,485.3
CASE9_0899_LINE_5_6,CASE9,899,5,"7,3,9,2,8",2,5,6,1,2,CRITICAL,101.5,0.924,1,485.3
CASE9_0899_LINE_3_6,CASE9,899,5,"7,3,9,2,8",3,3,6,0,2,CRITICAL,999.0,0.0,10,485.3
CASE9_0899_LINE_6_7,CASE9,899,5,"7,3,9,2,8",4,6,7,1,2,CRITICAL,102.4,0.917,1,485.3
CASE9_0899_LINE_7_8,CASE9,899,5,"7,3,9,2,8",5,7,8,1,2,CRITICAL,100.3,0.925,1,485.3
CASE9_0899_LINE_8_2,CASE9,899,5,"7,3,9,2,8",6,8,2,0,2,CRITICAL,999.0,0.0,10,485.3
CASE9_0899_LINE_8_9,CASE9,899,5,"7,3,9,2,8",7,8,9,1,2,CRITICAL,101.8,0.911,1,485.3
CASE9_0899_LINE_9_4,CASE9,899,5,"7,3,9,2,8",8,9,4,1,2,CRITICAL,145.4,0.737,7,485.3
CASE9_0900_LINE_1_4,CASE9,900,6,"9,6,4,5,3,7",0,1,4,0,2,CRITICAL,999.0,0.0,10,550.4
CASE9_0900_LINE_4_5,CASE9,900,6,"9,6,4,5,3,7",1,4,5,1,2,CRITICAL,146.8,0.856,3,550.4
CASE9_0900_LINE_5_6,CASE9,900,6,"9,6,4,5,3,7",2,5,6,1,2,CRITICAL,136.6,0.892,2,550.4
CASE9_0900_LINE_3_6,CASE9,900,6,"9,6,4,5,3,7",3,3,6,0,2,CRITICAL,999.0,0.0,10,550.4
CASE9_0900_LINE_6_7,CASE9,900,6,"9,6,4,5,3,7",4,6,7,1,2,CRITICAL,131.1,0.91,1,550.4
CASE9_0900_LINE_7_8,CASE9,900,6,"9,6,4,5,3,7",5,7,8,0,2,CRITICAL,999.0,0.0,10,550.4
CASE9_0900_LINE_8_2,CASE9,900,6,"9,6,4,5,3,7",6,8,2,0,2,CRITICAL,999.0,0.0,10,550.4
CASE9_0900_LINE_8_9,CASE9,900,6,"9,6,4,5,3,7",7,8,9,1,2,CRITICAL,139.5,0.829,2,550.4
CASE9_0900_LINE_9_4,CASE9,900,6,"9,6,4,5,3,7",8,9,4,0,2,CRITICAL,999.0,0.0,10,550.4
CASE9_0891_LINE_1_4,CASE9,891,7,"6,2,8,4,3,7,5",0,1,4,0,2,CRITICAL,999.0,0.0,10,693.3
CASE9_0891_LINE_4_5,CASE9,891,7,"6,2,8,4,3,7,5",1,4,5,0,2,CRITICAL,999.0,0.0,10,693.3
CASE9_0891_LINE_5_6,CASE9,891,7,"6,2,8,4,3,7,5",2,5,6,0,2,CRITICAL,999.0,0.0,10,693.3
CASE9_0891_LINE_3_6,CASE9,891,7,"6,2,8,4,3,7,5",3,3,6,0,2,CRITICAL,999.0,0.0,10,693.3
CASE9_0891_LINE_6_7,CASE9,891,7,"6,2,8,4,3,7,5",4,6,7,1,2,CRITICAL,214.7,0.833,6,693.3
CASE9_0891_LINE_7_8,CASE9,891,7,"6,2,8,4,3,7,5",5,7,8,0,2,CRITICAL,999.0,0.0,10,693.3
CASE9_0891_LINE_8_2,CASE9,891,7,"6,2,8,4,3,7,5",6,8,2,0,2,CRITICAL,999.0,0.0,10,693.3
CASE9_0891_LINE_8_9,CASE9,891,7,"6,2,8,4,3,7,5",7,8,9,0,2,CRITICAL,999.0,0.0,10,693.3
CASE9_0891_LINE_9_4,CASE9,891,7,"6,2,8,4,3,7,5",8,9,4,0,2,CRITICAL,999.0,0.0,10,693.3
CASE9_0892_LINE_1_4,CASE9,892,6,"9,4,6,3,8,7",0,1,4,0,2,CRITICAL,999.0,0.0,10,510.4
CASE9_0892_LINE_4_5,CASE9,892,6,"9,4,6,3,8,7",1,4,5,1,2,CRITICAL,126.8,0.856,4,510.4
CASE9_0892_LINE_5_6,CASE9,892,6,"9,4,6,3,8,7",2,5,6,1,2,CRITICAL,112.9,0.921,1,510.4
CASE9_0892_LINE_3_6,CASE9,892,6,"9,4,6,3,8,7",3,3,6,0,2,CRITICAL,999.0,0.0,10,510.4
CASE9_0892_LINE_6_7,CASE9,892,6,"9,4,6,3,8,7",4,6,7,1,2,CRITICAL,114.3,0.846,2,510.4
CASE9_0892_LINE_7_8,CASE9,892,6,"9,4,6,3,8,7",5,7,8,1,2,CRITICAL,131.8,0.78,7,510.4
CASE9_0892_LINE_8_2,CASE9,892,6,"9,4,6,3,8,7",6,8,2,0,2,CRITICAL,999.0,0.0,10,510.4
CASE9_0892_LINE_8_9,CASE9,892,6,"9,4,6,3,8,7",7,8,9,1,2,CRITICAL,112.7,0.937,1,510.4
CASE9_0892_LINE_9_4,CASE9,892,6,"9,4,6,3,8,7",8,9,4,1,2,CRITICAL,124.9,0.872,6,510.4
CASE9_0893_LINE_1_4,CASE9,893,8,"9,6,2,4,5,3,7,8",0,1,4,0,2,CRITICAL,999.0,0.0,10,635.4
CASE9_0893_LINE_4_5,CASE9,893,8,"9,6,2,4,5,3,7,8",1,4,5,0,2,CRITICAL,999.0,0.0,10,635.4
CASE9_0893_LINE_5_6,CASE9,893,8,"9,6,2,4,5,3,7,8",2,5,6,1,2,CRITICAL,193.3,0.822,6,635.4
CASE9_0893_LINE_3_6,CASE9,893,8,"9,6,2,4,5,3,7,8",3,3,6,0,2,CRITICAL,999.0,0.0,10,635.4
CASE9_0893_LINE_6_7,CASE9,893,8,"9,6,2,4,5,3,7,8",4,6,7,1,2,CRITICAL,173.7,0.866,2,635.4
CASE9_0893_LINE_7_8,CASE9,893,8,"9,6,2,4,5,3,7,8",5,7,8,0,2,CRITICAL,999.0,0.0,10,635.4
CASE9_0893_LINE_8_2,CASE9,893,8,"9,6,2,4,5,3,7,8",6,8,2,0,2,CRITICAL,999.0,0.0,10,635.4
CASE9_0893_LINE_8_9,CASE9,893,8,"9,6,2,4,5,3,7,8",7,8,9,0,2,CRITICAL,999.0,0.0,10,635.4
CASE9_0893_LINE_9_4,CASE9,893,8,"9,6,2,4,5,3,7,8",8,9,4,0,2,CRITICAL,999.0,0.0,10,635.4
CASE9_0894_LINE_1_4,CASE9,894,2,"8,9",0,1,4,0,2,CRITICAL,999.0,0.0,10,404.2
CASE9_0894_LINE_4_5,CASE9,894,2,"8,9",1,4,5,1,1,ALERT,71.4,0.903,0,404.2
CASE9_0894_LINE_5_6,CASE9,894,2,"8,9",2,5,6,1,2,CRITICAL,77.6,0.888,1,404.2
CASE9_0894_LINE_3_6,CASE9,894,2,"8,9",3,3,6,0,2,CRITICAL,999.0,0.0,10,404.2
CASE9_0894_LINE_6_7,CASE9,894,2,"8,9",4,6,7,1,1,ALERT,71.6,0.902,0,404.2
CASE9_0894_LINE_7_8,CASE9,894,2,"8,9",5,7,8,1,2,CRITICAL,73.3,0.898,1,404.2
CASE9_0894_LINE_8_2,CASE9,894,2,"8,9",6,8,2,0,2,CRITICAL,999.0,0.0,10,404.2
CASE9_0894_LINE_8_9,CASE9,894,2,"8,9",7,8,9,1,2,CRITICAL,96.2,0.78,1,404.2
CASE9_0894_LINE_9_4,CASE9,894,2,"8,9",8,9,4,0,2,CRITICAL,999.0,0.0,10,404.2
CASE9_0895_LINE_1_4,CASE9,895,8,"7,4,8,9,6,5,3,2",0,1,4,0,2,CRITICAL,999.0,0.0,10,714.3
CASE9_0895_LINE_4_5,CASE9,895,8,"7,4,8,9,6,5,3,2",1,4,5,0,2,CRITICAL,999.0,0.0,10,714.3
CASE9_0895_LINE_5_6,CASE9,895,8,"7,4,8,9,6,5,3,2",2,5,6,0,2,CRITICAL,999.0,0.0,10,714.3
CASE9_0895_LINE_3_6,CASE9,895,8,"7,4,8,9,6,5,3,2",3,3,6,0,2,CRITICAL,999.0,0.0,10,714.3
CASE9_0895_LINE_6_7,CASE9,895,8,"7,4,8,9,6,5,3,2",4,6,7,0,2,CRITICAL,999.0,0.0,10,714.3
CASE9_0895_LINE_7_8,CASE9,895,8,"7,4,8,9,6,5,3,2",5,7,8,0,2,CRITICAL,999.0,0.0,10,714.3
CASE9_0895_LINE_8_2,CASE9,895,8,"7,4,8,9,6,5,3,2",6,8,2,0,2,CRITICAL,999.0,0.0,10,714.3
CASE9_0895_LINE_8_9,CASE9,895,8,"7,4,8,9,6,5,3,2",7,8,9,0,2,CRITICAL,999.0,0.0,10,714.3
CASE9_0895_LINE_9_4,CASE9,895,8,"7,4,8,9,6,5,3,2",8,9,4,0,2,CRITICAL,999.0,0.0,10,714.3
CASE9_0911_LINE_1_4,CASE9,911,1,7,0,1,4,0,2,CRITICAL,999.0,0.0,10,340.4
CASE9_0911_LINE_4_5,CASE9,911,1,7,1,4,5,1,1,ALERT,65.4,0.902,0,340.4
CASE9_0911_LINE_5_6,CASE9,911,1,7,2,5,6,1,1,ALERT,65.5,0.923,0,340.4
CASE9_0911_LINE_3_6,CASE9,911,1,7,3,3,6,0,2,CRITICAL,999.0,0.0,10,340.4
CASE9_0911_LINE_6_7,CASE9,911,1,7,4,6,7,1,1,ALERT,66.9,0.925,0,340.4
CASE9_0911_LINE_7_8,CASE9,911,1,7,5,7,8,1,1,ALERT,90.7,0.902,0,340.4
CASE9_0911_LINE_8_2,CASE9,911,1,7,6,8,2,0,2,CRITICAL,999.0,0.0,10,340.4
CASE9_0911_LINE_8_9,CASE9,911,1,7,7,8,9,1,2,CRITICAL,76.2,0.897,1,340.4
CASE9_0911_LINE_9_4,CASE9,911,1,7,8,9,4,1,2,CRITICAL,70.8,0.784,1,340.4
CASE9_0912_LINE_1_4,CASE9,912,1,5,0,1,4,0,2,CRITICAL,999.0,0.0,10,355.4
CASE9_0912_LINE_4_5,CASE9,912,1,5,1,4,5,1,2,CRITICAL,91.7,0.782,1,355.4
CASE9_0912_LINE_5_6,CASE9,912,1,5,2,5,6,1,2,CRITICAL,65.6,0.873,1,355.4
CASE9_0912_LINE_3_6,CASE9,912,1,5,3,3,6,0,2,CRITICAL,999.0,0.0,10,355.4
CASE9_0912_LINE_6_7,CASE9,912,1,5,4,6,7,1,1,ALERT,66.0,0.945,0,355.4
CASE9_0912_LINE_7_8,CASE9,912,1,5,5,7,8,1,1,ALERT,70.3,0.925,0,355.4
CASE9_0912_LINE_8_2,CASE9,912,1,5,6,8,2,0,2,CRITICAL,999.0,0.0,10,355.4
CASE9_0912_LINE_8_9,CASE9,912,1,5,7,8,9,1,2,CRITICAL,90.9,0.885,1,355.4
CASE9_0912_LINE_9_4,CASE9,912,1,5,8,9,4,1,2,CRITICAL,69.6,0.791,1,355.4
CASE9_0913_LINE_1_4,CASE9,913,3,"2,8,6",0,1,4,0,2,CRITICAL,999.0,0.0,10,514.0
CASE9_0913_LINE_4_5,CASE9,913,3,"2,8,6",1,4,5,1,2,CRITICAL,134.5,0.85,4,514.0
CASE9_0913_LINE_5_6,CASE9,913,3,"2,8,6",2,5,6,1,2,CRITICAL,116.4,0.912,1,514.0
CASE9_0913_LINE_3_6,CASE9,913,3,"2,8,6",3,3,6,0,2,CRITICAL,999.0,0.0,10,514.0
CASE9_0913_LINE_6_7,CASE9,913,3,"2,8,6",4,6,7,1,2,CRITICAL,113.7,0.906,1,514.0
CASE9_0913_LINE_7_8,CASE9,913,3,"2,8,6",5,7,8,1,2,CRITICAL,116.7,0.903,1,514.0
CASE9_0913_LINE_8_2,CASE9,913,3,"2,8,6",6,8,2,0,2,CRITICAL,999.0,0.0,10,514.0
CASE9_0913_LINE_8_9,CASE9,913,3,"2,8,6",7,8,9,1,2,CRITICAL,116.2,0.897,2,514.0
CASE9_0913_LINE_9_4,CASE9,913,3,"2,8,6",8,9,4,0,2,CRITICAL,999.0,0.0,10,514.0
CASE9_0914_LINE_1_4,CASE9,914,4,"2,6,8,9",0,1,4,0,2,CRITICAL,999.0,0.0,10,472.7
CASE9_0914_LINE_4_5,CASE9,914,4,"2,6,8,9",1,4,5,1,2,CRITICAL,103.2,0.883,2,472.7
CASE9_0914_LINE_5_6,CASE9,914,4,"2,6,8,9",2,5,6,1,1,ALERT,96.6,0.922,0,472.7
CASE9_0914_LINE_3_6,CASE9,914,4,"2,6,8,9",3,3,6,0,2,CRITICAL,999.0,0.0,10,472.7
CASE9_0914_LINE_6_7,CASE9,914,4,"2,6,8,9",4,6,7,1,1,ALERT,96.2,0.916,0,472.7
CASE9_0914_LINE_7_8,CASE9,914,4,"2,6,8,9",5,7,8,1,1,ALERT,95.9,0.924,0,472.7
CASE9_0914_LINE_8_2,CASE9,914,4,"2,6,8,9",6,8,2,0,2,CRITICAL,999.0,0.0,10,472.7
CASE9_0914_LINE_8_9,CASE9,914,4,"2,6,8,9",7,8,9,1,2,CRITICAL,97.1,0.9,1,472.7
CASE9_0914_LINE_9_4,CASE9,914,4,"2,6,8,9",8,9,4,1,2,CRITICAL,137.3,0.662,8,472.7
CASE9_0915_LINE_1_4,CASE9,915,3,"5,9,4",0,1,4,0,2,CRITICAL,999.0,0.0,10,339.4
CASE9_0915_LINE_4_5,CASE9,915,3,"5,9,4",1,4,5,1,0,SAFE,65.2,0.96,0,339.4
CASE9_0915_LINE_5_6,CASE9,915,3,"5,9,4",2,5,6,1,1,ALERT,65.3,0.94,0,339.4
CASE9_0915_LINE_3_6,CASE9,915,3,"5,9,4",3,3,6,0,2,CRITICAL,999.0,0.0,10,339.4
CASE9_0915_LINE_6_7,CASE9,915,3,"5,9,4",4,6,7,1,1,ALERT,65.6,0.95,0,339.4
CASE9_0915_LINE_7_8,CASE9,915,3,"5,9,4",5,7,8,1,1,ALERT,70.1,0.942,0,339.4
CASE9_0915_LINE_8_2,CASE9,915,3,"5,9,4",6,8,2,0,2,CRITICAL,999.0,0.0,10,339.4
CASE9_0915_LINE_8_9,CASE9,915,3,"5,9,4",7,8,9,1,1,ALERT,91.4,0.91,0,339.4
CASE9_0915_LINE_9_4,CASE9,915,3,"5,9,4",8,9,4,1,2,CRITICAL,65.9,0.884,1,339.4
CASE9_0906_LINE_1_4,CASE9,906,2,"8,5",0,1,4,0,2,CRITICAL,999.0,0.0,10,354.0
CASE9_0906_LINE_4_5,CASE9,906,2,"8,5",1,4,5,1,1,ALERT,65.4,0.934,0,354.0
CASE9_0906_LINE_5_6,CASE9,906,2,"8,5",2,5,6,1,1,ALERT,65.5,0.94,0,354.0
CASE9_0906_LINE_3_6,CASE9,906,2,"8,5",3,3,6,0,2,CRITICAL,999.0,0.0,10,354.0
CASE9_0906_LINE_6_7,CASE9,906,2,"8,5",4,6,7,1,1,ALERT,67.0,0.936,0,354.0
CASE9_0906_LINE_7_8,CASE9,906,2,"8,5",5,7,8,1,1,ALERT,70.1,0.94,0,354.0
CASE9_0906_LINE_8_2,CASE9,906,2,"8,5",6,8,2,0,2,CRITICAL,999.0,0.0,10,354.0
CASE9_0906_LINE_8_9,CASE9,906,2,"8,5",7,8,9,1,1,ALERT,65.3,0.905,0,354.0
CASE9_0906_LINE_9_4,CASE9,906,2,"8,5",8,9,4,1,2,CRITICAL,86.1,0.77,1,354.0
CASE9_0907_LINE_1_4,CASE9,907,2,"9,7",0,1,4,0,2,CRITICAL,999.0,0.0,10,341.3
CASE9_0907_LINE_4_5,CASE9,907,2,"9,7",1,4,5,1,1,ALERT,65.4,0.902,0,341.3
CASE9_0907_LINE_5_6,CASE9,907,2,"9,7",2,5,6,1,1,ALERT,65.5,0.922,0,341.3
CASE9_0907_LINE_3_6,CASE9,907,2,"9,7",3,3,6,0,2,CRITICAL,999.0,0.0,10,341.3
CASE9_0907_LINE_6_7,CASE9,907,2,"9,7",4,6,7,1,1,ALERT,66.9,0.926,0,341.3
CASE9_0907_LINE_7_8,CASE9,907,2,"9,7",5,7,8,1,1,ALERT,89.2,0.904,0,341.3
CASE9_0907_LINE_8_2,CASE9,907,2,"9,7",6,8,2,0,2,CRITICAL,999.0,0.0,10,341.3
CASE9_0907_LINE_8_9,CASE9,907,2,"9,7",7,8,9,1,2,CRITICAL,77.3,0.893,1,341.3
CASE9_0907_LINE_9_4,CASE9,907,2,"9,7",8,9,4,1,2,CRITICAL,71.4,0.773,1,341.3
CASE9_0908_LINE_1_4,CASE9,908,5,"2,9,8,7,4",0,1,4,0,2,CRITICAL,999.0,0.0,10,594.2
CASE9_0908_LINE_4_5,CASE9,908,5,"2,9,8,7,4",1,4,5,1,2,CRITICAL,175.2,0.845,5,594.2
CASE9_0908_LINE_5_6,CASE9,908,5,"2,9,8,7,4",2,5,6,1,2,CRITICAL,154.2,0.892,2,594.2
CASE9_0908_LINE_3_6,CASE9,908,5,"2,9,8,7,4",3,3,6,0,2,CRITICAL,999.0,0.0,10,594.2
CASE9_0908_LINE_6_7,CASE9,908,5,"2,9,8,7,4",4,6,7,1,2,CRITICAL,174.7,0.751,5,594.2
CASE9_0908_LINE_7_8,CASE9,908,5,"2,9,8,7,4",5,7,8,1,2,CRITICAL,162.7,0.728,5,594.2
CASE9_0908_LINE_8_2,CASE9,908,5,"2,9,8,7,4",6,8,2,0,2,CRITICAL,999.0,0.0,10,594.2
CASE9_0908_LINE_8_9,CASE9,908,5,"2,9,8,7,4",7,8,9,1,2,CRITICAL,155.8,0.907,2,594.2
CASE9_0908_LINE_9_4,CASE9,908,5,"2,9,8,7,4",8,9,4,1,2,CRITICAL,191.2,0.789,9,594.2
CASE9_0909_LINE_1_4,CASE9,909,1,7,0,1,4,0,2,CRITICAL,999.0,0.0,10,376.9
CASE9_0909_LINE_4_5,CASE9,909,1,7,1,4,5,1,2,CRITICAL,68.8,0.892,1,376.9
CASE9_0909_LINE_5_6,CASE9,909,1,7,2,5,6,1,1,ALERT,65.7,0.926,0,376.9
CASE9_0909_LINE_3_6,CASE9,909,1,7,3,3,6,0,2,CRITICAL,999.0,0.0,10,376.9
CASE9_0909_LINE_6_7,CASE9,909,1,7,4,6,7,1,2,CRITICAL,70.1,0.887,1,376.9
CASE9_0909_LINE_7_8,CASE9,909,1,7,5,7,8,1,2,CRITICAL,123.8,0.834,2,376.9
CASE9_0909_LINE_8_2,CASE9,909,1,7,6,8,2,0,2,CRITICAL,999.0,0.0,10,376.9
CASE9_0909_LINE_8_9,CASE9,909,1,7,7,8,9,1,1,ALERT,65.7,0.902,0,376.9
CASE9_0909_LINE_9_4,CASE9,909,1,7,8,9,4,1,2,CRITICAL,94.0,0.765,1,376.9
CASE9_0910_LINE_1_4,CASE9,910,6,"6,9,2,3,4,8",0,1,4,0,2,CRITICAL,999.0,0.0,10,585.4
CASE9_0910_LINE_4_5,CASE9,910,6,"6,9,2,3,4,8",1,4,5,0,2,CRITICAL,999.0,0.0,10,585.4
CASE9_0910_LINE_5_6,CASE9,910,6,"6,9,2,3,4,8",2,5,6,1,2,CRITICAL,160.2,0.842,3,585.4
CASE9_0910_LINE_3_6,CASE9,910,6,"6,9,2,3,4,8",3,3,6,0,2,CRITICAL,999.0,0.0,10,585.4
CASE9_0910_LINE_6_7,CASE9,910,6,"6,9,2,3,4,8",4,6,7,1,2,CRITICAL,151.8,0.858,2,585.4
CASE9_0910_LINE_7_8,CASE9,910,6,"6,9,2,3,4,8",5,7,8,1,2,CRITICAL,161.9,0.854,4,585.4
CASE9_0910_LINE_8_2,CASE9,910,6,"6,9,2,3,4,8",6,8,2,0,2,CRITICAL,999.0,0.0,10,585.4
CASE9_0910_LINE_8_9,CASE9,910,6,"6,9,2,3,4,8",7,8,9,1,2,CRITICAL,186.0,0.657,4,585.4
CASE9_0910_LINE_9_4,CASE9,910,6,"6,9,2,3,4,8",8,9,4,0,2,CRITICAL,999.0,0.0,10,585.4
CASE9_0901_LINE_1_4,CASE9,901,8,"8,5,3,6,9,2,7,4",0,1,4,0,2,CRITICAL,999.0,0.0,10,607.4
CASE9_0901_LINE_4_5,CASE9,901,8,"8,5,3,6,9,2,7,4",1,4,5,1,2,CRITICAL,172.2,0.861,3,607.4
CASE9_0901_LINE_5_6,CASE9,901,8,"8,5,3,6,9,2,7,4",2,5,6,1,2,CRITICAL,159.0,0.911,1,607.4
CASE9_0901_LINE_3_6,CASE9,901,8,"8,5,3,6,9,2,7,4",3,3,6,0,2,CRITICAL,999.0,0.0,10,607.4
CASE9_0901_LINE_6_7,CASE9,901,8,"8,5,3,6,9,2,7,4",4,6,7,1,2,CRITICAL,153.1,0.929,1,607.4
CASE9_0901_LINE_7_8,CASE9,901,8,"8,5,3,6,9,2,7,4",5,7,8,1,2,CRITICAL,154.8,0.934,1,607.4
CASE9_0901_LINE_8_2,CASE9,901,8,"8,5,3,6,9,2,7,4",6,8,2,0,2,CRITICAL,999.0,0.0,10,607.4
CASE9_0901_LINE_8_9,CASE9,901,8,"8,5,3,6,9,2,7,4",7,8,9,1,2,CRITICAL,158.8,0.881,2,607.4
CASE9_0901_LINE_9_4,CASE9,901,8,"8,5,3,6,9,2,7,4",8,9,4,0,2,CRITICAL,999.0,0.0,10,607.4
CASE9_0902_LINE_1_4,CASE9,902,5,"5,9,2,6,7",0,1,4,0,2,CRITICAL,999.0,0.0,10,428.2
CASE9_0902_LINE_4_5,CASE9,902,5,"5,9,2,6,7",1,4,5,1,2,CRITICAL,102.4,0.788,3,428.2
CASE9_0902_LINE_5_6,CASE9,902,5,"5,9,2,6,7",2,5,6,1,1,ALERT,77.7,0.914,0,428.2
CASE9_0902_LINE_3_6,CASE9,902,5,"5,9,2,6,7",3,3,6,0,2,CRITICAL,999.0,0.0,10,428.2
CASE9_0902_LINE_6_7,CASE9,902,5,"5,9,2,6,7",4,6,7,1,2,CRITICAL,77.0,0.869,1,428.2
CASE9_0902_LINE_7_8,CASE9,902,5,"5,9,2,6,7",5,7,8,1,2,CRITICAL,150.4,0.712,7,428.2
CASE9_0902_LINE_8_2,CASE9,902,5,"5,9,2,6,7",6,8,2,0,2,CRITICAL,999.0,0.0,10,428.2
CASE9_0902_LINE_8_9,CASE9,902,5,"5,9,2,6,7",7,8,9,1,1,ALERT,76.3,0.945,0,428.2
CASE9_0902_LINE_9_4,CASE9,902,5,"5,9,2,6,7",8,9,4,1,2,CRITICAL,81.2,0.898,1,428.2
CASE9_0903_LINE_1_4,CASE9,903,5,"9,3,2,6,7",0,1,4,0,2,CRITICAL,999.0,0.0,10,431.8
CASE9_0903_LINE_4_5,CASE9,903,5,"9,3,2,6,7",1,4,5,1,2,CRITICAL,108.9,0.85,3,431.8
CASE9_0903_LINE_5_6,CASE9,903,5,"9,3,2,6,7",2,5,6,1,1,ALERT,77.8,0.94,0,431.8
CASE9_0903_LINE_3_6,CASE9,903,5,"9,3,2,6,7",3,3,6,0,2,CRITICAL,999.0,0.0,10,431.8
CASE9_0903_LINE_6_7,CASE9,903,5,"9,3,2,6,7",4,6,7,1,2,CRITICAL,77.6,0.871,1,431.8
CASE9_0903_LINE_7_8,CASE9,903,5,"9,3,2,6,7",5,7,8,0,2,CRITICAL,999.0,0.0,10,431.8
CASE9_0903_LINE_8_2,CASE9,903,5,"9,3,2,6,7",6,8,2,0,2,CRITICAL,999.0,0.0,10,431.8
CASE9_0903_LINE_8_9,CASE9,903,5,"9,3,2,6,7",7,8,9,1,1,ALERT,77.2,0.943,0,431.8
CASE9_0903_LINE_9_4,CASE9,903,5,"9,3,2,6,7",8,9,4,1,1,ALERT,81.3,0.916,0,431.8
CASE9_0904_LINE_1_4,CASE9,904,7,"9,4,3,8,7,5,2",0,1,4,0,2,CRITICAL,999.0,0.0,10,673.0
CASE9_0904_LINE_4_5,CASE9,904,7,"9,4,3,8,7,5,2",1,4,5,0,2,CRITICAL,999.0,0.0,10,673.0
CASE9_0904_LINE_5_6,CASE9,904,7,"9,4,3,8,7,5,2",2,5,6,1,2,CRITICAL,211.0,0.774,4,673.0
CASE9_0904_LINE_3_6,CASE9,904,7,"9,4,3,8,7,5,2",3,3,6,0,2,CRITICAL,999.0,0.0,10,673.0
CASE9_0904_LINE_6_7,CASE9,904,7,"9,4,3,8,7,5,2",4,6,7,1,2,CRITICAL,208.1,0.789,7,673.0
CASE9_0904_LINE_7_8,CASE9,904,7,"9,4,3,8,7,5,2",5,7,8,0,2,CRITICAL,999.0,0.0,10,673.0
CASE9_0904_LINE_8_2,CASE9,904,7,"9,4,3,8,7,5,2",6,8,2,0,2,CRITICAL,999.0,0.0,10,673.0
CASE9_0904_LINE_8_9,CASE9,904,7,"9,4,3,8,7,5,2",7,8,9,1,2,CRITICAL,216.4,0.806,5,673.0
CASE9_0904_LINE_9_4,CASE9,904,7,"9,4,3,8,7,5,2",8,9,4,0,2,CRITICAL,999.0,0.0,10,673.0
CASE9_0905_LINE_1_4,CASE9,905,4,"6,5,9,7",0,1,4,0,2,CRITICAL,999.0,0.0,10,566.3
CASE9_0905_LINE_4_5,CASE9,905,4,"6,5,9,7",1,4,5,0,2,CRITICAL,999.0,0.0,10,566.3
CASE9_0905_LINE_5_6,CASE9,905,4,"6,5,9,7",2,5,6,1,2,CRITICAL,156.6,0.81,4,566.3
CASE9_0905_LINE_3_6,CASE9,905,4,"6,5,9,7",3,3,6,0,2,CRITICAL,999.0,0.0,10,566.3
CASE9_0905_LINE_6_7,CASE9,905,4,"6,5,9,7",4,6,7,1,2,CRITICAL,147.6,0.827,4,566.3
CASE9_0905_LINE_7_8,CASE9,905,4,"6,5,9,7",5,7,8,0,2,CRITICAL,999.0,0.0,10,566.3
CASE9_0905_LINE_8_2,CASE9,905,4,"6,5,9,7",6,8,2,0,2,CRITICAL,999.0,0.0,10,566.3
CASE9_0905_LINE_8_9,CASE9,905,4,"6,5,9,7",7,8,9,0,2,CRITICAL,999.0,0.0,10,566.3
CASE9_0905_LINE_9_4,CASE9,905,4,"6,5,9,7",8,9,4,0,2,CRITICAL,999.0,0.0,10,566.3
CASE9_0921_LINE_1_4,CASE9,921,2,"6,2",0,1,4,0,2,CRITICAL,999.0,0.0,10,467.1
CASE9_0921_LINE_4_5,CASE9,921,2,"6,2",1,4,5,1,2,CRITICAL,99.8,0.881,1,467.1
CASE9_0921_LINE_5_6,CASE9,921,2,"6,2",2,5,6,1,1,ALERT,93.3,0.927,0,467.1
CASE9_0921_LINE_3_6,CASE9,921,2,"6,2",3,3,6,0,2,CRITICAL,999.0,0.0,10,467.1
CASE9_0921_LINE_6_7,CASE9,921,2,"6,2",4,6,7,1,1,ALERT,92.1,0.939,0,467.1
CASE9_0921_LINE_7_8,CASE9,921,2,"6,2",5,7,8,1,1,ALERT,94.3,0.915,0,467.1
CASE9_0921_LINE_8_2,CASE9,921,2,"6,2",6,8,2,0,2,CRITICAL,999.0,0.0,10,467.1
CASE9_0921_LINE_8_9,CASE9,921,2,"6,2",7,8,9,1,1,ALERT,94.2,0.906,0,467.1
CASE9_0921_LINE_9_4,CASE9,921,2,"6,2",8,9,4,1,2,CRITICAL,118.1,0.749,5,467.1
CASE9_0922_LINE_1_4,CASE9,922,6,"4,7,3,5,2,8",0,1,4,0,2,CRITICAL,999.0,0.0,10,654.9
CASE9_0922_LINE_4_5,CASE9,922,6,"4,7,3,5,2,8",1,4,5,0,2,CRITICAL,999.0,0.0,10,654.9
CASE9_0922_LINE_5_6,CASE9,922,6,"4,7,3,5,2,8",2,5,6,1,2,CRITICAL,202.9,0.797,4,654.9
CASE9_0922_LINE_3_6,CASE9,922,6,"4,7,3,5,2,8",3,3,6,0,2,CRITICAL,999.0,0.0,10,654.9
CASE9_0922_LINE_6_7,CASE9,922,6,"4,7,3,5,2,8",4,6,7,1,2,CRITICAL,190.2,0.821,4,654.9
CASE9_0922_LINE_7_8,CASE9,922,6,"4,7,3,5,2,8",5,7,8,0,2,CRITICAL,999.0,0.0,10,654.9
CASE9_0922_LINE_8_2,CASE9,922,6,"4,7,3,5,2,8",6,8,2,0,2,CRITICAL,999.0,0.0,10,654.9
CASE9_0922_LINE_8_9,CASE9,922,6,"4,7,3,5,2,8",7,8,9,1,2,CRITICAL,208.6,0.807,5,654.9
CASE9_0922_LINE_9_4,CASE9,922,6,"4,7,3,5,2,8",8,9,4,0,2,CRITICAL,999.0,0.0,10,654.9
CASE9_0923_LINE_1_4,CASE9,923,7,"9,3,7,5,8,6,4",0,1,4,0,2,CRITICAL,999.0,0.0,10,674.5
CASE9_0923_LINE_4_5,CASE9,923,7,"9,3,7,5,8,6,4",1,4,5,0,2,CRITICAL,999.0,0.0,10,674.5
CASE9_0923_LINE_5_6,CASE9,923,7,"9,3,7,5,8,6,4",2,5,6,0,2,CRITICAL,999.0,0.0,10,674.5
CASE9_0923_LINE_3_6,CASE9,923,7,"9,3,7,5,8,6,4",3,3,6,0,2,CRITICAL,999.0,0.0,10,674.5
CASE9_0923_LINE_6_7,CASE9,923,7,"9,3,7,5,8,6,4",4,6,7,1,2,CRITICAL,213.4,0.746,8,674.5
CASE9_0923_LINE_7_8,CASE9,923,7,"9,3,7,5,8,6,4",5,7,8,0,2,CRITICAL,999.0,0.0,10,674.5
CASE9_0923_LINE_8_2,CASE9,923,7,"9,3,7,5,8,6,4",6,8,2,0,2,CRITICAL,999.0,0.0,10,674.5
CASE9_0923_LINE_8_9,CASE9,923,7,"9,3,7,5,8,6,4",7,8,9,1,2,CRITICAL,229.5,0.69,4,674.5
CASE9_0923_LINE_9_4,CASE9,923,7,"9,3,7,5,8,6,4",8,9,4,0,2,CRITICAL,999.0,0.0,10,674.5
CASE9_0924_LINE_1_4,CASE9,924,3,"7,8,9",0,1,4,0,2,CRITICAL,999.0,0.0,10,481.5
CASE9_0924_LINE_4_5,CASE9,924,3,"7,8,9",1,4,5,1,2,CRITICAL,110.6,0.863,3,481.5
CASE9_0924_LINE_5_6,CASE9,924,3,"7,8,9",2,5,6,1,2,CRITICAL,109.9,0.869,3,481.5
CASE9_0924_LINE_3_6,CASE9,924,3,"7,8,9",3,3,6,0,2,CRITICAL,999.0,0.0,10,481.5
CASE9_0924_LINE_6_7,CASE9,924,3,"7,8,9",4,6,7,1,2,CRITICAL,109.5,0.858,3,481.5
CASE9_0924_LINE_7_8,CASE9,924,3,"7,8,9",5,7,8,1,2,CRITICAL,104.6,0.884,2,481.5
CASE9_0924_LINE_8_2,CASE9,924,3,"7,8,9",6,8,2,0,2,CRITICAL,999.0,0.0,10,481.5
CASE9_0924_LINE_8_9,CASE9,924,3,"7,8,9",7,8,9,1,2,CRITICAL,131.1,0.721,4,481.5
CASE9_0924_LINE_9_4,CASE9,924,3,"7,8,9",8,9,4,0,2,CRITICAL,999.0,0.0,10,481.5
CASE9_0925_LINE_1_4,CASE9,925,3,"7,2,3",0,1,4,0,2,CRITICAL,999.0,0.0,10,542.6
CASE9_0925_LINE_4_5,CASE9,925,3,"7,2,3",1,4,5,0,2,CRITICAL,999.0,0.0,10,542.6
CASE9_0925_LINE_5_6,CASE9,925,3,"7,2,3",2,5,6,1,2,CRITICAL,133.3,0.9,1,542.6
CASE9_0925_LINE_3_6,CASE9,925,3,"7,2,3",3,3,6,0,2,CRITICAL,999.0,0.0,10,542.6
CASE9_0925_LINE_6_7,CASE9,925,3,"7,2,3",4,6,7,1,2,CRITICAL,131.8,0.813,3,542.6
CASE9_0925_LINE_7_8,CASE9,925,3,"7,2,3",5,7,8,0,2,CRITICAL,999.0,0.0,10,542.6
CASE9_0925_LINE_8_2,CASE9,925,3,"7,2,3",6,8,2,0,2,CRITICAL,999.0,0.0,10,542.6
CASE9_0925_LINE_8_9,CASE9,925,3,"7,2,3",7,8,9,1,2,CRITICAL,132.4,0.887,2,542.6
CASE9_0925_LINE_9_4,CASE9,925,3,"7,2,3",8,9,4,0,2,CRITICAL,999.0,0.0,10,542.6
CASE9_0916_LINE_1_4,CASE9,916,2,"4,8",0,1,4,0,2,CRITICAL,999.0,0.0,10,356.6
CASE9_0916_LINE_4_5,CASE9,916,2,"4,8",1,4,5,1,1,ALERT,65.3,0.906,0,356.6
CASE9_0916_LINE_5_6,CASE9,916,2,"4,8",2,5,6,1,1,ALERT,65.5,0.919,0,356.6
CASE9_0916_LINE_3_6,CASE9,916,2,"4,8",3,3,6,0,2,CRITICAL,999.0,0.0,10,356.6
CASE9_0916_LINE_6_7,CASE9,916,2,"4,8",4,6,7,1,1,ALERT,66.3,0.941,0,356.6
CASE9_0916_LINE_7_8,CASE9,916,2,"4,8",5,7,8,1,1,ALERT,70.2,0.936,0,356.6
CASE9_0916_LINE_8_2,CASE9,916,2,"4,8",6,8,2,0,2,CRITICAL,999.0,0.0,10,356.6
CASE9_0916_LINE_8_9,CASE9,916,2,"4,8",7,8,9,1,2,CRITICAL,78.3,0.892,1,356.6
CASE9_0916_LINE_9_4,CASE9,916,2,"4,8",8,9,4,1,2,CRITICAL,70.7,0.784,1,356.6
CASE9_0917_LINE_1_4,CASE9,917,6,"9,8,2,4,7,6",0,1,4,0,2,CRITICAL,999.0,0.0,10,562.8
CASE9_0917_LINE_4_5,CASE9,917,6,"9,8,2,4,7,6",1,4,5,1,2,CRITICAL,155.8,0.85,5,562.8
CASE9_0917_LINE_5_6,CASE9,917,6,"9,8,2,4,7,6",2,5,6,1,2,CRITICAL,138.3,0.902,1,562.8
CASE9_0917_LINE_3_6,CASE9,917,6,"9,8,2,4,7,6",3,3,6,0,2,CRITICAL,999.0,0.0,10,562.8
CASE9_0917_LINE_6_7,CASE9,917,6,"9,8,2,4,7,6",4,6,7,1,2,CRITICAL,134.2,0.911,1,562.8
CASE9_0917_LINE_7_8,CASE9,917,6,"9,8,2,4,7,6",5,7,8,1,2,CRITICAL,149.7,0.837,5,562.8
CASE9_0917_LINE_8_2,CASE9,917,6,"9,8,2,4,7,6",6,8,2,0,2,CRITICAL,999.0,0.0,10,562.8
CASE9_0917_LINE_8_9,CASE9,917,6,"9,8,2,4,7,6",7,8,9,1,2,CRITICAL,138.3,0.904,1,562.8
CASE9_0917_LINE_9_4,CASE9,917,6,"9,8,2,4,7,6",8,9,4,1,2,CRITICAL,158.4,0.838,6,562.8
CASE9_0918_LINE_1_4,CASE9,918,8,"2,4,8,5,9,6,3,7",0,1,4,0,2,CRITICAL,999.0,0.0,10,646.8
CASE9_0918_LINE_4_5,CASE9,918,8,"2,4,8,5,9,6,3,7",1,4,5,0,2,CRITICAL,999.0,0.0,10,646.8
CASE9_0918_LINE_5_6,CASE9,918,8,"2,4,8,5,9,6,3,7",2,5,6,0,2,CRITICAL,999.0,0.0,10,646.8
CASE9_0918_LINE_3_6,CASE9,918,8,"2,4,8,5,9,6,3,7",3,3,6,0,2,CRITICAL,999.0,0.0,10,646.8
CASE9_0918_LINE_6_7,CASE9,918,8,"2,4,8,5,9,6,3,7",4,6,7,1,2,CRITICAL,188.6,0.822,5,646.8
CASE9_0918_LINE_7_8,CASE9,918,8,"2,4,8,5,9,6,3,7",5,7,8,1,2,CRITICAL,203.7,0.749,9,646.8
CASE9_0918_LINE_8_2,CASE9,918,8,"2,4,8,5,9,6,3,7",6,8,2,0,2,CRITICAL,999.0,0.0,10,646.8
CASE9_0918_LINE_8_9,CASE9,918,8,"2,4,8,5,9,6,3,7",7,8,9,1,2,CRITICAL,195.8,0.795,5,646.8
CASE9_0918_LINE_9_4,CASE9,918,8,"2,4,8,5,9,6,3,7",8,9,4,0,2,CRITICAL,999.0,0.0,10,646.8
CASE9_0919_LINE_1_4,CASE9,919,8,"7,9,3,8,6,4,5,2",0,1,4,0,2,CRITICAL,999.0,0.0,10,646.4
CASE9_0919_LINE_4_5,CASE9,919,8,"7,9,3,8,6,4,5,2",1,4,5,0,2,CRITICAL,999.0,0.0,10,646.4
CASE9_0919_LINE_5_6,CASE9,919,8,"7,9,3,8,6,4,5,2",2,5,6,0,2,CRITICAL,999.0,0.0,10,646.4
CASE9_0919_LINE_3_6,CASE9,919,8,"7,9,3,8,6,4,5,2",3,3,6,0,2,CRITICAL,999.0,0.0,10,646.4
CASE9_0919_LINE_6_7,CASE9,919,8,"7,9,3,8,6,4,5,2",4,6,7,1,2,CRITICAL,181.6,0.839,3,646.4
CASE9_0919_LINE_7_8,CASE9,919,8,"7,9,3,8,6,4,5,2",5,7,8,0,2,CRITICAL,999.0,0.0,10,646.4
CASE9_0919_LINE_8_2,CASE9,919,8,"7,9,3,8,6,4,5,2",6,8,2,0,2,CRITICAL,999.0,0.0,10,646.4
CASE9_0919_LINE_8_9,CASE9,919,8,"7,9,3,8,6,4,5,2",7,8,9,1,2,CRITICAL,202.0,0.792,5,646.4
CASE9_0919_LINE_9_4,CASE9,919,8,"7,9,3,8,6,4,5,2",8,9,4,0,2,CRITICAL,999.0,0.0,10,646.4
CASE9_0920_LINE_1_4,CASE9,920,8,"7,4,6,5,3,8,9,2",0,1,4,0,2,CRITICAL,999.0,0.0,10,630.4
CASE9_0920_LINE_4_5,CASE9,920,8,"7,4,6,5,3,8,9,2",1,4,5,0,2,CRITICAL,999.0,0.0,10,630.4
CASE9_0920_LINE_5_6,CASE9,920,8,"7,4,6,5,3,8,9,2",2,5,6,1,2,CRITICAL,222.1,0.741,7,630.4
CASE9_0920_LINE_3_6,CASE9,920,8,"7,4,6,5,3,8,9,2",3,3,6,0,2,CRITICAL,999.0,0.0,10,630.4
CASE9_0920_LINE_6_7,CASE9,920,8,"7,4,6,5,3,8,9,2",4,6,7,1,2,CRITICAL,177.9,0.775,4,630.4
CASE9_0920_LINE_7_8,CASE9,920,8,"7,4,6,5,3,8,9,2",5,7,8,0,2,CRITICAL,999.0,0.0,10,630.4
CASE9_0920_LINE_8_2,CASE9,920,8,"7,4,6,5,3,8,9,2",6,8,2,0,2,CRITICAL,999.0,0.0,10,630.4
CASE9_0920_LINE_8_9,CASE9,920,8,"7,4,6,5,3,8,9,2",7,8,9,0,2,CRITICAL,999.0,0.0,10,630.4
CASE9_0920_LINE_9_4,CASE9,920,8,"7,4,6,5,3,8,9,2",8,9,4,0,2,CRITICAL,999.0,0.0,10,630.4
CASE9_0931_LINE_1_4,CASE9,931,3,"6,8,7",0,1,4,0,2,CRITICAL,999.0,0.0,10,454.7
CASE9_0931_LINE_4_5,CASE9,931,3,"6,8,7",1,4,5,1,2,CRITICAL,95.2,0.872,1,454.7
CASE9_0931_LINE_5_6,CASE9,931,3,"6,8,7",2,5,6,1,1,ALERT,89.3,0.924,0,454.7
CASE9_0931_LINE_3_6,CASE9,931,3,"6,8,7",3,3,6,0,2,CRITICAL,999.0,0.0,10,454.7
CASE9_0931_LINE_6_7,CASE9,931,3,"6,8,7",4,6,7,1,2,CRITICAL,91.1,0.853,1,454.7
CASE9_0931_LINE_7_8,CASE9,931,3,"6,8,7",5,7,8,1,2,CRITICAL,137.8,0.78,4,454.7
CASE9_0931_LINE_8_2,CASE9,931,3,"6,8,7",6,8,2,0,2,CRITICAL,999.0,0.0,10,454.7
CASE9_0931_LINE_8_9,CASE9,931,3,"6,8,7",7,8,9,1,1,ALERT,89.8,0.905,0,454.7
CASE9_0931_LINE_9_4,CASE9,931,3,"6,8,7",8,9,4,1,2,CRITICAL,132.8,0.714,4,454.7
CASE9_0932_LINE_1_4,CASE9,932,3,"4,2,8",0,1,4,0,2,CRITICAL,999.0,0.0,10,481.8
CASE9_0932_LINE_4_5,CASE9,932,3,"4,2,8",1,4,5,1,2,CRITICAL,104.5,0.896,2,481.8
CASE9_0932_LINE_5_6,CASE9,932,3,"4,2,8",2,5,6,1,2,CRITICAL,101.1,0.917,1,481.8
CASE9_0932_LINE_3_6,CASE9,932,3,"4,2,8",3,3,6,0,2,CRITICAL,999.0,0.0,10,481.8
CASE9_0932_LINE_6_7,CASE9,932,3,"4,2,8",4,6,7,1,2,CRITICAL,103.8,0.905,1,481.8
CASE9_0932_LINE_7_8,CASE9,932,3,"4,2,8",5,7,8,1,1,ALERT,98.2,0.937,0,481.8
CASE9_0932_LINE_8_2,CASE9,932,3,"4,2,8",6,8,2,0,2,CRITICAL,999.0,0.0,10,481.8
CASE9_0932_LINE_8_9,CASE9,932,3,"4,2,8",7,8,9,1,2,CRITICAL,101.2,0.899,2,481.8
CASE9_0932_LINE_9_4,CASE9,932,3,"4,2,8",8,9,4,1,2,CRITICAL,148.7,0.691,5,481.8
CASE9_0933_LINE_1_4,CASE9,933,5,"6,2,5,9,7",0,1,4,0,2,CRITICAL,999.0,0.0,10,494.2
CASE9_0933_LINE_4_5,CASE9,933,5,"6,2,5,9,7",1,4,5,0,2,CRITICAL,999.0,0.0,10,494.2
CASE9_0933_LINE_5_6,CASE9,933,5,"6,2,5,9,7",2,5,6,1,2,CRITICAL,116.4,0.822,2,494.2
CASE9_0933_LINE_3_6,CASE9,933,5,"6,2,5,9,7",3,3,6,0,2,CRITICAL,999.0,0.0,10,494.2
CASE9_0933_LINE_6_7,CASE9,933,5,"6,2,5,9,7",4,6,7,1,2,CRITICAL,108.0,0.909,1,494.2
CASE9_0933_LINE_7_8,CASE9,933,5,"6,2,5,9,7",5,7,8,1,2,CRITICAL,123.4,0.851,3,494.2
CASE9_0933_LINE_8_2,CASE9,933,5,"6,2,5,9,7",6,8,2,0,2,CRITICAL,999.0,0.0,10,494.2
CASE9_0933_LINE_8_9,CASE9,933,5,"6,2,5,9,7",7,8,9,1,2,CRITICAL,112.9,0.879,2,494.2
CASE9_0933_LINE_9_4,CASE9,933,5,"6,2,5,9,7",8,9,4,1,2,CRITICAL,120.1,0.777,4,494.2
CASE9_0934_LINE_1_4,CASE9,934,3,"8,6,7",0,1,4,0,2,CRITICAL,999.0,0.0,10,469.8
CASE9_0934_LINE_4_5,CASE9,934,3,"8,6,7",1,4,5,1,2,CRITICAL,104.1,0.856,2,469.8
CASE9_0934_LINE_5_6,CASE9,934,3,"8,6,7",2,5,6,1,1,ALERT,95.3,0.923,0,469.8
CASE9_0934_LINE_3_6,CASE9,934,3,"8,6,7",3,3,6,0,2,CRITICAL,999.0,0.0,10,469.8
CASE9_0934_LINE_6_7,CASE9,934,3,"8,6,7",4,6,7,1,1,ALERT,92.7,0.938,0,469.8
CASE9_0934_LINE_7_8,CASE9,934,3,"8,6,7",5,7,8,1,2,CRITICAL,101.1,0.903,1,469.8
CASE9_0934_LINE_8_2,CASE9,934,3,"8,6,7",6,8,2,0,2,CRITICAL,999.0,0.0,10,469.8
CASE9_0934_LINE_8_9,CASE9,934,3,"8,6,7",7,8,9,1,1,ALERT,95.9,0.903,0,469.8
CASE9_0934_LINE_9_4,CASE9,934,3,"8,6,7",8,9,4,1,2,CRITICAL,109.9,0.733,5,469.8
CASE9_0935_LINE_1_4,CASE9,935,8,"2,5,9,8,3,4,7,6",0,1,4,0,2,CRITICAL,999.0,0.0,10,521.0
CASE9_0935_LINE_4_5,CASE9,935,8,"2,5,9,8,3,4,7,6",1,4,5,1,2,CRITICAL,141.4,0.85,6,521.0
CASE9_0935_LINE_5_6,CASE9,935,8,"2,5,9,8,3,4,7,6",2,5,6,1,2,CRITICAL,120.2,0.922,1,521.0
CASE9_0935_LINE_3_6,CASE9,935,8,"2,5,9,8,3,4,7,6",3,3,6,0,2,CRITICAL,999.0,0.0,10,521.0
CASE9_0935_LINE_6_7,CASE9,935,8,"2,5,9,8,3,4,7,6",4,6,7,1,2,CRITICAL,119.5,0.831,2,521.0
CASE9_0935_LINE_7_8,CASE9,935,8,"2,5,9,8,3,4,7,6",5,7,8,1,2,CRITICAL,140.0,0.728,7,521.0
CASE9_0935_LINE_8_2,CASE9,935,8,"2,5,9,8,3,4,7,6",6,8,2,0,2,CRITICAL,999.0,0.0,10,521.0
CASE9_0935_LINE_8_9,CASE9,935,8,"2,5,9,8,3,4,7,6",7,8,9,1,2,CRITICAL,120.6,0.925,1,521.0
CASE9_0935_LINE_9_4,CASE9,935,8,"2,5,9,8,3,4,7,6",8,9,4,1,2,CRITICAL,149.3,0.822,8,521.0
CASE9_0926_LINE_1_4,CASE9,926,2,"6,5",0,1,4,0,2,CRITICAL,999.0,0.0,10,357.3
CASE9_0926_LINE_4_5,CASE9,926,2,"6,5",1,4,5,1,1,ALERT,65.3,0.929,0,357.3
CASE9_0926_LINE_5_6,CASE9,926,2,"6,5",2,5,6,1,1,ALERT,65.2,0.947,0,357.3
CASE9_0926_LINE_3_6,CASE9,926,2,"6,5",3,3,6,0,2,CRITICAL,999.0,0.0,10,357.3
CASE9_0926_LINE_6_7,CASE9,926,2,"6,5",4,6,7,1,1,ALERT,65.8,0.948,0,357.3
CASE9_0926_LINE_7_8,CASE9,926,2,"6,5",5,7,8,1,1,ALERT,70.5,0.913,0,357.3
CASE9_0926_LINE_8_2,CASE9,926,2,"6,5",6,8,2,0,2,CRITICAL,999.0,0.0,10,357.3
CASE9_0926_LINE_8_9,CASE9,926,2,"6,5",7,8,9,1,1,ALERT,65.3,0.905,0,357.3
CASE9_0926_LINE_9_4,CASE9,926,2,"6,5",8,9,4,1,2,CRITICAL,70.2,0.788,1,357.3
CASE9_0927_LINE_1_4,CASE9,927,8,"8,5,2,6,3,4,7,9",0,1,4,0,2,CRITICAL,999.0,0.0,10,706.1
CASE9_0927_LINE_4_5,CASE9,927,8,"8,5,2,6,3,4,7,9",1,4,5,0,2,CRITICAL,999.0,0.0,10,706.1
CASE9_0927_LINE_5_6,CASE9,927,8,"8,5,2,6,3,4,7,9",2,5,6,0,2,CRITICAL,999.0,0.0,10,706.1
CASE9_0927_LINE_3_6,CASE9,927,8,"8,5,2,6,3,4,7,9",3,3,6,0,2,CRITICAL,999.0,0.0,10,706.1
CASE9_0927_LINE_6_7,CASE9,927,8,"8,5,2,6,3,4,7,9",4,6,7,1,2,CRITICAL,239.6,0.725,7,706.1
CASE9_0927_LINE_7_8,CASE9,927,8,"8,5,2,6,3,4,7,9",5,7,8,0,2,CRITICAL,999.0,0.0,10,706.1
CASE9_0927_LINE_8_2,CASE9,927,8,"8,5,2,6,3,4,7,9",6,8,2,0,2,CRITICAL,999.0,0.0,10,706.1
CASE9_0927_LINE_8_9,CASE9,927,8,"8,5,2,6,3,4,7,9",7,8,9,0,2,CRITICAL,999.0,0.0,10,706.1
CASE9_0927_LINE_9_4,CASE9,927,8,"8,5,2,6,3,4,7,9",8,9,4,0,2,CRITICAL,999.0,0.0,10,706.1
CASE9_0928_LINE_1_4,CASE9,928,6,"9,5,4,7,2,6",0,1,4,0,2,CRITICAL,999.0,0.0,10,646.5
CASE9_0928_LINE_4_5,CASE9,928,6,"9,5,4,7,2,6",1,4,5,0,2,CRITICAL,999.0,0.0,10,646.5
CASE9_0928_LINE_5_6,CASE9,928,6,"9,5,4,7,2,6",2,5,6,1,2,CRITICAL,194.6,0.836,4,646.5
CASE9_0928_LINE_3_6,CASE9,928,6,"9,5,4,7,2,6",3,3,6,0,2,CRITICAL,999.0,0.0,10,646.5
CASE9_0928_LINE_6_7,CASE9,928,6,"9,5,4,7,2,6",4,6,7,1,2,CRITICAL,182.3,0.853,3,646.5
CASE9_0928_LINE_7_8,CASE9,928,6,"9,5,4,7,2,6",5,7,8,0,2,CRITICAL,999.0,0.0,10,646.5
CASE9_0928_LINE_8_2,CASE9,928,6,"9,5,4,7,2,6",6,8,2,0,2,CRITICAL,999.0,0.0,10,646.5
CASE9_0928_LINE_8_9,CASE9,928,6,"9,5,4,7,2,6",7,8,9,1,2,CRITICAL,194.6,0.805,4,646.5
CASE9_0928_LINE_9_4,CASE9,928,6,"9,5,4,7,2,6",8,9,4,0,2,CRITICAL,999.0,0.0,10,646.5
CASE9_0929_LINE_1_4,CASE9,929,8,"2,4,3,6,8,9,7,5",0,1,4,0,2,CRITICAL,999.0,0.0,10,706.8
CASE9_0929_LINE_4_5,CASE9,929,8,"2,4,3,6,8,9,7,5",1,4,5,0,2,CRITICAL,999.0,0.0,10,706.8
CASE9_0929_LINE_5_6,CASE9,929,8,"2,4,3,6,8,9,7,5",2,5,6,0,2,CRITICAL,999.0,0.0,10,706.8
CASE9_0929_LINE_3_6,CASE9,929,8,"2,4,3,6,8,9,7,5",3,3,6,0,2,CRITICAL,999.0,0.0,10,706.8
CASE9_0929_LINE_6_7,CASE9,929,8,"2,4,3,6,8,9,7,5",4,6,7,0,2,CRITICAL,999.0,0.0,10,706.8
CASE9_0929_LINE_7_8,CASE9,929,8,"2,4,3,6,8,9,7,5",5,7,8,1,2,CRITICAL,235.0,0.798,6,706.8
CASE9_0929_LINE_8_2,CASE9,929,8,"2,4,3,6,8,9,7,5",6,8,2,0,2,CRITICAL,999.0,0.0,10,706.8
CASE9_0929_LINE_8_9,CASE9,929,8,"2,4,3,6,8,9,7,5",7,8,9,0,2,CRITICAL,999.0,0.0,10,706.8
CASE9_0929_LINE_9_4,CASE9,929,8,"2,4,3,6,8,9,7,5",8,9,4,0,2,CRITICAL,999.0,0.0,10,706.8
CASE9_0930_LINE_1_4,CASE9,930,5,"8,4,3,2,5",0,1,4,0,2,CRITICAL,999.0,0.0,10,660.2
CASE9_0930_LINE_4_5,CASE9,930,5,"8,4,3,2,5",1,4,5,0,2,CRITICAL,999.0,0.0,10,660.2
CASE9_0930_LINE_5_6,CASE9,930,5,"8,4,3,2,5",2,5,6,1,2,CRITICAL,196.2,0.8,4,660.2
CASE9_0930_LINE_3_6,CASE9,930,5,"8,4,3,2,5",3,3,6,0,2,CRITICAL,999.0,0.0,10,660.2
CASE9_0930_LINE_6_7,CASE9,930,5,"8,4,3,2,5",4,6,7,1,2,CRITICAL,183.2,0.899,2,660.2
CASE9_0930_LINE_7_8,CASE9,930,5,"8,4,3,2,5",5,7,8,1,2,CRITICAL,197.3,0.836,5,660.2
CASE9_0930_LINE_8_2,CASE9,930,5,"8,4,3,2,5",6,8,2,0,2,CRITICAL,999.0,0.0,10,660.2
CASE9_0930_LINE_8_9,CASE9,930,5,"8,4,3,2,5",7,8,9,1,2,CRITICAL,195.3,0.832,3,660.2
CASE9_0930_LINE_9_4,CASE9,930,5,"8,4,3,2,5",8,9,4,0,2,CRITICAL,999.0,0.0,10,660.2
CASE9_0951_LINE_1_4,CASE9,951,2,"6,7",0,1,4,0,2,CRITICAL,999.0,0.0,10,402.8
CASE9_0951_LINE_4_5,CASE9,951,2,"6,7",1,4,5,1,2,CRITICAL,79.2,0.874,1,402.8
CASE9_0951_LINE_5_6,CASE9,951,2,"6,7",2,5,6,1,1,ALERT,67.8,0.928,0,402.8
CASE9_0951_LINE_3_6,CASE9,951,2,"6,7",3,3,6,0,2,CRITICAL,999.0,0.0,10,402.8
CASE9_0951_LINE_6_7,CASE9,951,2,"6,7",4,6,7,1,1,ALERT,67.3,0.918,0,402.8
CASE9_0951_LINE_7_8,CASE9,951,2,"6,7",5,7,8,1,2,CRITICAL,98.7,0.851,1,402.8
CASE9_0951_LINE_8_2,CASE9,951,2,"6,7",6,8,2,0,2,CRITICAL,999.0,0.0,10,402.8
CASE9_0951_LINE_8_9,CASE9,951,2,"6,7",7,8,9,1,1,ALERT,70.2,0.903,0,402.8
CASE9_0951_LINE_9_4,CASE9,951,2,"6,7",8,9,4,1,2,CRITICAL,73.0,0.769,1,402.8
CASE9_0952_LINE_1_4,CASE9,952,8,"6,8,4,9,7,2,3,5",0,1,4,0,2,CRITICAL,999.0,0.0,10,650.0
CASE9_0952_LINE_4_5,CASE9,952,8,"6,8,4,9,7,2,3,5",1,4,5,0,2,CRITICAL,999.0,0.0,10,650.0
CASE9_0952_LINE_5_6,CASE9,952,8,"6,8,4,9,7,2,3,5",2,5,6,1,2,CRITICAL,193.9,0.834,4,650.0
CASE9_0952_LINE_3_6,CASE9,952,8,"6,8,4,9,7,2,3,5",3,3,6,0,2,CRITICAL,999.0,0.0,10,650.0
CASE9_0952_LINE_6_7,CASE9,952,8,"6,8,4,9,7,2,3,5",4,6,7,1,2,CRITICAL,181.5,0.868,3,650.0
CASE9_0952_LINE_7_8,CASE9,952,8,"6,8,4,9,7,2,3,5",5,7,8,1,2,CRITICAL,205.9,0.796,8,650.0
CASE9_0952_LINE_8_2,CASE9,952,8,"6,8,4,9,7,2,3,5",6,8,2,0,2,CRITICAL,999.0,0.0,10,650.0
CASE9_0952_LINE_8_9,CASE9,952,8,"6,8,4,9,7,2,3,5",7,8,9,1,2,CRITICAL,193.1,0.811,4,650.0
CASE9_0952_LINE_9_4,CASE9,952,8,"6,8,4,9,7,2,3,5",8,9,4,0,2,CRITICAL,999.0,0.0,10,650.0
CASE9_0953_LINE_1_4,CASE9,953,2,"9,5",0,1,4,0,2,CRITICAL,999.0,0.0,10,396.9
CASE9_0953_LINE_4_5,CASE9,953,2,"9,5",1,4,5,1,2,CRITICAL,76.2,0.857,1,396.9
CASE9_0953_LINE_5_6,CASE9,953,2,"9,5",2,5,6,1,2,CRITICAL,78.1,0.883,2,396.9
CASE9_0953_LINE_3_6,CASE9,953,2,"9,5",3,3,6,0,2,CRITICAL,999.0,0.0,10,396.9
CASE9_0953_LINE_6_7,CASE9,953,2,"9,5",4,6,7,1,1,ALERT,68.3,0.909,0,396.9
CASE9_0953_LINE_7_8,CASE9,953,2,"9,5",5,7,8,1,2,CRITICAL,72.6,0.895,1,396.9
CASE9_0953_LINE_8_2,CASE9,953,2,"9,5",6,8,2,0,2,CRITICAL,999.0,0.0,10,396.9
CASE9_0953_LINE_8_9,CASE9,953,2,"9,5",7,8,9,1,2,CRITICAL,93.8,0.791,2,396.9
CASE9_0953_LINE_9_4,CASE9,953,2,"9,5",8,9,4,0,2,CRITICAL,999.0,0.0,10,396.9
CASE9_0954_LINE_1_4,CASE9,954,8,"6,4,3,5,7,2,9,8",0,1,4,0,2,CRITICAL,999.0,0.0,10,663.8
CASE9_0954_LINE_4_5,CASE9,954,8,"6,4,3,5,7,2,9,8",1,4,5,0,2,CRITICAL,999.0,0.0,10,663.8
CASE9_0954_LINE_5_6,CASE9,954,8,"6,4,3,5,7,2,9,8",2,5,6,1,2,CRITICAL,208.1,0.793,5,663.8
CASE9_0954_LINE_3_6,CASE9,954,8,"6,4,3,5,7,2,9,8",3,3,6,0,2,CRITICAL,999.0,0.0,10,663.8
CASE9_0954_LINE_6_7,CASE9,954,8,"6,4,3,5,7,2,9,8",4,6,7,1,2,CRITICAL,189.2,0.845,2,663.8
CASE9_0954_LINE_7_8,CASE9,954,8,"6,4,3,5,7,2,9,8",5,7,8,1,2,CRITICAL,193.0,0.856,2,663.8
CASE9_0954_LINE_8_2,CASE9,954,8,"6,4,3,5,7,2,9,8",6,8,2,0,2,CRITICAL,999.0,0.0,10,663.8
CASE9_0954_LINE_8_9,CASE9,954,8,"6,4,3,5,7,2,9,8",7,8,9,1,2,CRITICAL,224.2,0.647,4,663.8
CASE9_0954_LINE_9_4,CASE9,954,8,"6,4,3,5,7,2,9,8",8,9,4,0,2,CRITICAL,999.0,0.0,10,663.8
CASE9_0955_LINE_1_4,CASE9,955,7,"9,5,3,8,6,7,2",0,1,4,0,2,CRITICAL,999.0,0.0,10,652.8
CASE9_0955_LINE_4_5,CASE9,955,7,"9,5,3,8,6,7,2",1,4,5,0,2,CRITICAL,999.0,0.0,10,652.8
CASE9_0955_LINE_5_6,CASE9,955,7,"9,5,3,8,6,7,2",2,5,6,0,2,CRITICAL,999.0,0.0,10,652.8
CASE9_0955_LINE_3_6,CASE9,955,7,"9,5,3,8,6,7,2",3,3,6,0,2,CRITICAL,999.0,0.0,10,652.8
CASE9_0955_LINE_6_7,CASE9,955,7,"9,5,3,8,6,7,2",4,6,7,1,2,CRITICAL,222.0,0.7,8,652.8
CASE9_0955_LINE_7_8,CASE9,955,7,"9,5,3,8,6,7,2",5,7,8,0,2,CRITICAL,999.0,0.0,10,652.8
CASE9_0955_LINE_8_2,CASE9,955,7,"9,5,3,8,6,7,2",6,8,2,0,2,CRITICAL,999.0,0.0,10,652.8
CASE9_0955_LINE_8_9,CASE9,955,7,"9,5,3,8,6,7,2",7,8,9,0,2,CRITICAL,999.0,0.0,10,652.8
CASE9_0955_LINE_9_4,CASE9,955,7,"9,5,3,8,6,7,2",8,9,4,0,2,CRITICAL,999.0,0.0,10,652.8
CASE9_0936_LINE_1_4,CASE9,936,5,"2,7,9,5,6",0,1,4,0,2,CRITICAL,999.0,0.0,10,337.1
CASE9_0936_LINE_4_5,CASE9,936,5,"2,7,9,5,6",1,4,5,1,1,ALERT,54.9,0.935,0,337.1
CASE9_0936_LINE_5_6,CASE9,936,5,"2,7,9,5,6",2,5,6,1,0,SAFE,46.4,0.952,0,337.1
CASE9_0936_LINE_3_6,CASE9,936,5,"2,7,9,5,6",3,3,6,0,2,CRITICAL,999.0,0.0,10,337.1
CASE9_0936_LINE_6_7,CASE9,936,5,"2,7,9,5,6",4,6,7,1,0,SAFE,45.1,0.979,0,337.1
CASE9_0936_LINE_7_8,CASE9,936,5,"2,7,9,5,6",5,7,8,1,0,SAFE,44.2,0.975,0,337.1
CASE9_0936_LINE_8_2,CASE9,936,5,"2,7,9,5,6",6,8,2,0,2,CRITICAL,999.0,0.0,10,337.1
CASE9_0936_LINE_8_9,CASE9,936,5,"2,7,9,5,6",7,8,9,1,0,SAFE,46.8,0.952,0,337.1
CASE9_0936_LINE_9_4,CASE9,936,5,"2,7,9,5,6",8,9,4,1,1,ALERT,55.6,0.915,0,337.1
CASE9_0937_LINE_1_4,CASE9,937,5,"9,7,4,8,6",0,1,4,0,2,CRITICAL,999.0,0.0,10,559.4
CASE9_0937_LINE_4_5,CASE9,937,5,"9,7,4,8,6",1,4,5,1,2,CRITICAL,149.2,0.841,4,559.4
CASE9_0937_LINE_5_6,CASE9,937,5,"9,7,4,8,6",2,5,6,1,2,CRITICAL,135.9,0.905,1,559.4
CASE9_0937_LINE_3_6,CASE9,937,5,"9,7,4,8,6",3,3,6,0,2,CRITICAL,999.0,0.0,10,559.4
CASE9_0937_LINE_6_7,CASE9,937,5,"9,7,4,8,6",4,6,7,1,2,CRITICAL,134.7,0.851,2,559.4
CASE9_0937_LINE_7_8,CASE9,937,5,"9,7,4,8,6",5,7,8,1,2,CRITICAL,176.1,0.666,10,559.4
CASE9_0937_LINE_8_2,CASE9,937,5,"9,7,4,8,6",6,8,2,0,2,CRITICAL,999.0,0.0,10,559.4
CASE9_0937_LINE_8_9,CASE9,937,5,"9,7,4,8,6",7,8,9,1,2,CRITICAL,135.4,0.909,1,559.4
CASE9_0937_LINE_9_4,CASE9,937,5,"9,7,4,8,6",8,9,4,1,2,CRITICAL,148.6,0.825,7,559.4
CASE9_0938_LINE_1_4,CASE9,938,8,"2,3,8,9,7,6,4,5",0,1,4,0,2,CRITICAL,999.0,0.0,10,662.5
CASE9_0938_LINE_4_5,CASE9,938,8,"2,3,8,9,7,6,4,5",1,4,5,0,2,CRITICAL,999.0,0.0,10,662.5
CASE9_0938_LINE_5_6,CASE9,938,8,"2,3,8,9,7,6,4,5",2,5,6,1,2,CRITICAL,237.2,0.736,7,662.5
CASE9_0938_LINE_3_6,CASE9,938,8,"2,3,8,9,7,6,4,5",3,3,6,0,2,CRITICAL,999.0,0.0,10,662.5
CASE9_0938_LINE_6_7,CASE9,938,8,"2,3,8,9,7,6,4,5",4,6,7,1,2,CRITICAL,193.5,0.853,4,662.5
CASE9_0938_LINE_7_8,CASE9,938,8,"2,3,8,9,7,6,4,5",5,7,8,0,2,CRITICAL,999.0,0.0,10,662.5
CASE9_0938_LINE_8_2,CASE9,938,8,"2,3,8,9,7,6,4,5",6,8,2,0,2,CRITICAL,999.0,0.0,10,662.5
CASE9_0938_LINE_8_9,CASE9,938,8,"2,3,8,9,7,6,4,5",7,8,9,0,2,CRITICAL,999.0,0.0,10,662.5
CASE9_0938_LINE_9_4,CASE9,938,8,"2,3,8,9,7,6,4,5",8,9,4,0,2,CRITICAL,999.0,0.0,10,662.5
CASE9_0939_LINE_1_4,CASE9,939,8,"4,6,9,5,7,8,3,2",0,1,4,0,2,CRITICAL,999.0,0.0,10,666.6
CASE9_0939_LINE_4_5,CASE9,939,8,"4,6,9,5,7,8,3,2",1,4,5,0,2,CRITICAL,999.0,0.0,10,666.6
CASE9_0939_LINE_5_6,CASE9,939,8,"4,6,9,5,7,8,3,2",2,5,6,1,2,CRITICAL,203.1,0.825,4,666.6
CASE9_0939_LINE_3_6,CASE9,939,8,"4,6,9,5,7,8,3,2",3,3,6,0,2,CRITICAL,999.0,0.0,10,666.6
CASE9_0939_LINE_6_7,CASE9,939,8,"4,6,9,5,7,8,3,2",4,6,7,1,2,CRITICAL,194.4,0.833,3,666.6
CASE9_0939_LINE_7_8,CASE9,939,8,"4,6,9,5,7,8,3,2",5,7,8,1,2,CRITICAL,197.5,0.862,4,666.6
CASE9_0939_LINE_8_2,CASE9,939,8,"4,6,9,5,7,8,3,2",6,8,2,0,2,CRITICAL,999.0,0.0,10,666.6
CASE9_0939_LINE_8_9,CASE9,939,8,"4,6,9,5,7,8,3,2",7,8,9,1,2,CRITICAL,211.2,0.721,4,666.6
CASE9_0939_LINE_9_4,CASE9,939,8,"4,6,9,5,7,8,3,2",8,9,4,0,2,CRITICAL,999.0,0.0,10,666.6
CASE9_0940_LINE_1_4,CASE9,940,7,"6,8,4,9,3,5,2",0,1,4,0,2,CRITICAL,999.0,0.0,10,629.4
CASE9_0940_LINE_4_5,CASE9,940,7,"6,8,4,9,3,5,2",1,4,5,0,2,CRITICAL,999.0,0.0,10,629.4
CASE9_0940_LINE_5_6,CASE9,940,7,"6,8,4,9,3,5,2",2,5,6,1,2,CRITICAL,180.8,0.824,3,629.4
CASE9_0940_LINE_3_6,CASE9,940,7,"6,8,4,9,3,5,2",3,3,6,0,2,CRITICAL,999.0,0.0,10,629.4
CASE9_0940_LINE_6_7,CASE9,940,7,"6,8,4,9,3,5,2",4,6,7,1,2,CRITICAL,168.6,0.907,1,629.4
CASE9_0940_LINE_7_8,CASE9,940,7,"6,8,4,9,3,5,2",5,7,8,0,2,CRITICAL,999.0,0.0,10,629.4
CASE9_0940_LINE_8_2,CASE9,940,7,"6,8,4,9,3,5,2",6,8,2,0,2,CRITICAL,999.0,0.0,10,629.4
CASE9_0940_LINE_8_9,CASE9,940,7,"6,8,4,9,3,5,2",7,8,9,1,2,CRITICAL,180.9,0.84,3,629.4
CASE9_0940_LINE_9_4,CASE9,940,7,"6,8,4,9,3,5,2",8,9,4,0,2,CRITICAL,999.0,0.0,10,629.4
CASE9_0946_LINE_1_4,CASE9,946,6,"8,3,9,4,5,2",0,1,4,0,2,CRITICAL,999.0,0.0,10,625.7
CASE9_0946_LINE_4_5,CASE9,946,6,"8,3,9,4,5,2",1,4,5,0,2,CRITICAL,999.0,0.0,10,625.7
CASE9_0946_LINE_5_6,CASE9,946,6,"8,3,9,4,5,2",2,5,6,1,2,CRITICAL,185.8,0.813,5,625.7
CASE9_0946_LINE_3_6,CASE9,946,6,"8,3,9,4,5,2",3,3,6,0,2,CRITICAL,999.0,0.0,10,625.7
CASE9_0946_LINE_6_7,CASE9,946,6,"8,3,9,4,5,2",4,6,7,1,2,CRITICAL,181.2,0.805,4,625.7
CASE9_0946_LINE_7_8,CASE9,946,6,"8,3,9,4,5,2",5,7,8,1,2,CRITICAL,171.1,0.873,2,625.7
CASE9_0946_LINE_8_2,CASE9,946,6,"8,3,9,4,5,2",6,8,2,0,2,CRITICAL,999.0,0.0,10,625.7
CASE9_0946_LINE_8_9,CASE9,946,6,"8,3,9,4,5,2",7,8,9,1,2,CRITICAL,191.1,0.726,4,625.7
CASE9_0946_LINE_9_4,CASE9,946,6,"8,3,9,4,5,2",8,9,4,0,2,CRITICAL,999.0,0.0,10,625.7
CASE9_0947_LINE_1_4,CASE9,947,2,"8,4",0,1,4,0,2,CRITICAL,999.0,0.0,10,446.0
CASE9_0947_LINE_4_5,CASE9,947,2,"8,4",1,4,5,1,2,CRITICAL,86.4,0.9,1,446.0
CASE9_0947_LINE_5_6,CASE9,947,2,"8,4",2,5,6,1,1,ALERT,88.6,0.912,0,446.0
CASE9_0947_LINE_3_6,CASE9,947,2,"8,4",3,3,6,0,2,CRITICAL,999.0,0.0,10,446.0
CASE9_0947_LINE_6_7,CASE9,947,2,"8,4",4,6,7,1,1,ALERT,86.4,0.918,0,446.0
CASE9_0947_LINE_7_8,CASE9,947,2,"8,4",5,7,8,1,1,ALERT,85.5,0.935,0,446.0
CASE9_0947_LINE_8_2,CASE9,947,2,"8,4",6,8,2,0,2,CRITICAL,999.0,0.0,10,446.0
CASE9_0947_LINE_8_9,CASE9,947,2,"8,4",7,8,9,1,2,CRITICAL,89.7,0.891,1,446.0
CASE9_0947_LINE_9_4,CASE9,947,2,"8,4",8,9,4,1,2,CRITICAL,103.9,0.739,2,446.0
CASE9_0948_LINE_1_4,CASE9,948,8,"8,7,5,2,3,4,6,9",0,1,4,0,2,CRITICAL,999.0,0.0,10,560.1
CASE9_0948_LINE_4_5,CASE9,948,8,"8,7,5,2,3,4,6,9",1,4,5,1,2,CRITICAL,152.5,0.86,3,560.1
CASE9_0948_LINE_5_6,CASE9,948,8,"8,7,5,2,3,4,6,9",2,5,6,1,2,CRITICAL,138.8,0.913,1,560.1
CASE9_0948_LINE_3_6,CASE9,948,8,"8,7,5,2,3,4,6,9",3,3,6,0,2,CRITICAL,999.0,0.0,10,560.1
CASE9_0948_LINE_6_7,CASE9,948,8,"8,7,5,2,3,4,6,9",4,6,7,1,2,CRITICAL,134.3,0.875,2,560.1
CASE9_0948_LINE_7_8,CASE9,948,8,"8,7,5,2,3,4,6,9",5,7,8,1,2,CRITICAL,144.7,0.823,4,560.1
CASE9_0948_LINE_8_2,CASE9,948,8,"8,7,5,2,3,4,6,9",6,8,2,0,2,CRITICAL,999.0,0.0,10,560.1
CASE9_0948_LINE_8_9,CASE9,948,8,"8,7,5,2,3,4,6,9",7,8,9,1,2,CRITICAL,137.2,0.911,1,560.1
CASE9_0948_LINE_9_4,CASE9,948,8,"8,7,5,2,3,4,6,9",8,9,4,0,2,CRITICAL,999.0,0.0,10,560.1
CASE9_0949_LINE_1_4,CASE9,949,2,"2,9",0,1,4,0,2,CRITICAL,999.0,0.0,10,390.9
CASE9_0949_LINE_4_5,CASE9,949,2,"2,9",1,4,5,1,1,ALERT,64.6,0.904,0,390.9
CASE9_0949_LINE_5_6,CASE9,949,2,"2,9",2,5,6,1,2,CRITICAL,70.9,0.899,1,390.9
CASE9_0949_LINE_3_6,CASE9,949,2,"2,9",3,3,6,0,2,CRITICAL,999.0,0.0,10,390.9
CASE9_0949_LINE_6_7,CASE9,949,2,"2,9",4,6,7,1,1,ALERT,64.8,0.914,0,390.9
CASE9_0949_LINE_7_8,CASE9,949,2,"2,9",5,7,8,1,1,ALERT,70.2,0.909,0,390.9
CASE9_0949_LINE_8_2,CASE9,949,2,"2,9",6,8,2,0,2,CRITICAL,999.0,0.0,10,390.9
CASE9_0949_LINE_8_9,CASE9,949,2,"2,9",7,8,9,1,2,CRITICAL,85.6,0.808,1,390.9
CASE9_0949_LINE_9_4,CASE9,949,2,"2,9",8,9,4,0,2,CRITICAL,999.0,0.0,10,390.9
CASE9_0950_LINE_1_4,CASE9,950,1,8,0,1,4,0,2,CRITICAL,999.0,0.0,10,412.6
CASE9_0950_LINE_4_5,CASE9,950,1,8,1,4,5,1,2,CRITICAL,71.9,0.899,1,412.6
CASE9_0950_LINE_5_6,CASE9,950,1,8,2,5,6,1,1,ALERT,71.9,0.926,0,412.6
CASE9_0950_LINE_3_6,CASE9,950,1,8,3,3,6,0,2,CRITICAL,999.0,0.0,10,412.6
CASE9_0950_LINE_6_7,CASE9,950,1,8,4,6,7,1,1,ALERT,71.9,0.915,0,412.6
CASE9_0950_LINE_7_8,CASE9,950,1,8,5,7,8,1,1,ALERT,70.1,0.938,0,412.6
CASE9_0950_LINE_8_2,CASE9,950,1,8,6,8,2,0,2,CRITICAL,999.0,0.0,10,412.6
CASE9_0950_LINE_8_9,CASE9,950,1,8,7,8,9,1,1,ALERT,72.3,0.907,0,412.6
CASE9_0950_LINE_9_4,CASE9,950,1,8,8,9,4,1,2,CRITICAL,119.3,0.725,2,412.6
CASE9_0961_LINE_1_4,CASE9,961,7,"9,5,6,2,7,3,4",0,1,4,0,2,CRITICAL,999.0,0.0,10,685.6
CASE9_0961_LINE_4_5,CASE9,961,7,"9,5,6,2,7,3,4",1,4,5,0,2,CRITICAL,999.0,0.0,10,685.6
CASE9_0961_LINE_5_6,CASE9,961,7,"9,5,6,2,7,3,4",2,5,6,1,2,CRITICAL,227.7,0.774,6,685.6
CASE9_0961_LINE_3_6,CASE9,961,7,"9,5,6,2,7,3,4",3,3,6,0,2,CRITICAL,999.0,0.0,10,685.6
CASE9_0961_LINE_6_7,CASE9,961,7,"9,5,6,2,7,3,4",4,6,7,1,2,CRITICAL,209.0,0.794,6,685.6
CASE9_0961_LINE_7_8,CASE9,961,7,"9,5,6,2,7,3,4",5,7,8,0,2,CRITICAL,999.0,0.0,10,685.6
CASE9_0961_LINE_8_2,CASE9,961,7,"9,5,6,2,7,3,4",6,8,2,0,2,CRITICAL,999.0,0.0,10,685.6
CASE9_0961_LINE_8_9,CASE9,961,7,"9,5,6,2,7,3,4",7,8,9,1,2,CRITICAL,228.5,0.767,4,685.6
CASE9_0961_LINE_9_4,CASE9,961,7,"9,5,6,2,7,3,4",8,9,4,0,2,CRITICAL,999.0,0.0,10,685.6
CASE9_0962_LINE_1_4,CASE9,962,8,"5,8,6,7,3,4,2,9",0,1,4,0,2,CRITICAL,999.0,0.0,10,680.0
CASE9_0962_LINE_4_5,CASE9,962,8,"5,8,6,7,3,4,2,9",1,4,5,0,2,CRITICAL,999.0,0.0,10,680.0
CASE9_0962_LINE_5_6,CASE9,962,8,"5,8,6,7,3,4,2,9",2,5,6,1,2,CRITICAL,219.2,0.801,5,680.0
CASE9_0962_LINE_3_6,CASE9,962,8,"5,8,6,7,3,4,2,9",3,3,6,0,2,CRITICAL,999.0,0.0,10,680.0
CASE9_0962_LINE_6_7,CASE9,962,8,"5,8,6,7,3,4,2,9",4,6,7,1,2,CRITICAL,200.4,0.843,4,680.0
CASE9_0962_LINE_7_8,CASE9,962,8,"5,8,6,7,3,4,2,9",5,7,8,1,2,CRITICAL,214.4,0.817,8,680.0
CASE9_0962_LINE_8_2,CASE9,962,8,"5,8,6,7,3,4,2,9",6,8,2,0,2,CRITICAL,999.0,0.0,10,680.0
CASE9_0962_LINE_8_9,CASE9,962,8,"5,8,6,7,3,4,2,9",7,8,9,1,2,CRITICAL,216.8,0.778,4,680.0
CASE9_0962_LINE_9_4,CASE9,962,8,"5,8,6,7,3,4,2,9",8,9,4,0,2,CRITICAL,999.0,0.0,10,680.0
CASE9_0963_LINE_1_4,CASE9,963,3,"9,3,7",0,1,4,0,2,CRITICAL,999.0,0.0,10,417.7
CASE9_0963_LINE_4_5,CASE9,963,3,"9,3,7",1,4,5,1,2,CRITICAL,76.8,0.898,1,417.7
CASE9_0963_LINE_5_6,CASE9,963,3,"9,3,7",2,5,6,1,1,ALERT,79.1,0.906,0,417.7
CASE9_0963_LINE_3_6,CASE9,963,3,"9,3,7",3,3,6,0,2,CRITICAL,999.0,0.0,10,417.7
CASE9_0963_LINE_6_7,CASE9,963,3,"9,3,7",4,6,7,1,1,ALERT,73.6,0.918,0,417.7
CASE9_0963_LINE_7_8,CASE9,963,3,"9,3,7",5,7,8,1,2,CRITICAL,81.4,0.898,1,417.7
CASE9_0963_LINE_8_2,CASE9,963,3,"9,3,7",6,8,2,0,2,CRITICAL,999.0,0.0,10,417.7
CASE9_0963_LINE_8_9,CASE9,963,3,"9,3,7",7,8,9,1,2,CRITICAL,91.6,0.814,1,417.7
CASE9_0963_LINE_9_4,CASE9,963,3,"9,3,7",8,9,4,0,2,CRITICAL,999.0,0.0,10,417.7
CASE9_0964_LINE_1_4,CASE9,964,3,"9,6,4",0,1,4,0,2,CRITICAL,999.0,0.0,10,500.7
CASE9_0964_LINE_4_5,CASE9,964,3,"9,6,4",1,4,5,1,2,CRITICAL,116.7,0.888,3,500.7
CASE9_0964_LINE_5_6,CASE9,964,3,"9,6,4",2,5,6,1,2,CRITICAL,123.0,0.867,3,500.7
CASE9_0964_LINE_3_6,CASE9,964,3,"9,6,4",3,3,6,0,2,CRITICAL,999.0,0.0,10,500.7
CASE9_0964_LINE_6_7,CASE9,964,3,"9,6,4",4,6,7,1,2,CRITICAL,114.5,0.886,2,500.7
CASE9_0964_LINE_7_8,CASE9,964,3,"9,6,4",5,7,8,1,2,CRITICAL,120.2,0.871,2,500.7
CASE9_0964_LINE_8_2,CASE9,964,3,"9,6,4",6,8,2,0,2,CRITICAL,999.0,0.0,10,500.7
CASE9_0964_LINE_8_9,CASE9,964,3,"9,6,4",7,8,9,1,2,CRITICAL,147.0,0.728,4,500.7
CASE9_0964_LINE_9_4,CASE9,964,3,"9,6,4",8,9,4,0,2,CRITICAL,999.0,0.0,10,500.7
CASE9_0965_LINE_1_4,CASE9,965,1,4,0,1,4,0,2,CRITICAL,999.0,0.0,10,410.2
CASE9_0965_LINE_4_5,CASE9,965,1,4,1,4,5,1,1,ALERT,71.0,0.907,0,410.2
CASE9_0965_LINE_5_6,CASE9,965,1,4,2,5,6,1,1,ALERT,80.3,0.901,0,410.2
CASE9_0965_LINE_3_6,CASE9,965,1,4,3,3,6,0,2,CRITICAL,999.0,0.0,10,410.2
CASE9_0965_LINE_6_7,CASE9,965,1,4,4,6,7,1,1,ALERT,71.4,0.941,0,410.2
CASE9_0965_LINE_7_8,CASE9,965,1,4,5,7,8,1,1,ALERT,76.5,0.922,0,410.2
CASE9_0965_LINE_8_2,CASE9,965,1,4,6,8,2,0,2,CRITICAL,999.0,0.0,10,410.2
CASE9_0965_LINE_8_9,CASE9,965,1,4,7,8,9,1,2,CRITICAL,91.0,0.871,1,410.2
CASE9_0965_LINE_9_4,CASE9,965,1,4,8,9,4,1,2,CRITICAL,70.6,0.793,1,410.2
CASE9_0941_LINE_1_4,CASE9,941,4,"7,8,2,5",0,1,4,0,2,CRITICAL,999.0,0.0,10,529.4
CASE9_0941_LINE_4_5,CASE9,941,4,"7,8,2,5",1,4,5,0,2,CRITICAL,999.0,0.0,10,529.4
CASE9_0941_LINE_5_6,CASE9,941,4,"7,8,2,5",2,5,6,1,2,CRITICAL,127.0,0.865,2,529.4
CASE9_0941_LINE_3_6,CASE9,941,4,"7,8,2,5",3,3,6,0,2,CRITICAL,999.0,0.0,10,529.4
CASE9_0941_LINE_6_7,CASE9,941,4,"7,8,2,5",4,6,7,1,2,CRITICAL,132.8,0.818,3,529.4
CASE9_0941_LINE_7_8,CASE9,941,4,"7,8,2,5",5,7,8,1,2,CRITICAL,144.5,0.766,6,529.4
CASE9_0941_LINE_8_2,CASE9,941,4,"7,8,2,5",6,8,2,0,2,CRITICAL,999.0,0.0,10,529.4
CASE9_0941_LINE_8_9,CASE9,941,4,"7,8,2,5",7,8,9,1,2,CRITICAL,126.2,0.884,2,529.4
CASE9_0941_LINE_9_4,CASE9,941,4,"7,8,2,5",8,9,4,0,2,CRITICAL,999.0,0.0,10,529.4
CASE9_0942_LINE_1_4,CASE9,942,5,"2,6,8,7,4",0,1,4,0,2,CRITICAL,999.0,0.0,10,475.3
CASE9_0942_LINE_4_5,CASE9,942,5,"2,6,8,7,4",1,4,5,1,1,ALERT,97.4,0.909,0,475.3
CASE9_0942_LINE_5_6,CASE9,942,5,"2,6,8,7,4",2,5,6,1,2,CRITICAL,101.0,0.908,1,475.3
CASE9_0942_LINE_3_6,CASE9,942,5,"2,6,8,7,4",3,3,6,0,2,CRITICAL,999.0,0.0,10,475.3
CASE9_0942_LINE_6_7,CASE9,942,5,"2,6,8,7,4",4,6,7,1,1,ALERT,96.1,0.947,0,475.3
CASE9_0942_LINE_7_8,CASE9,942,5,"2,6,8,7,4",5,7,8,1,1,ALERT,95.6,0.948,0,475.3
CASE9_0942_LINE_8_2,CASE9,942,5,"2,6,8,7,4",6,8,2,0,2,CRITICAL,999.0,0.0,10,475.3
CASE9_0942_LINE_8_9,CASE9,942,5,"2,6,8,7,4",7,8,9,1,2,CRITICAL,103.3,0.883,2,475.3
CASE9_0942_LINE_9_4,CASE9,942,5,"2,6,8,7,4",8,9,4,1,2,CRITICAL,99.6,0.784,1,475.3
CASE9_0943_LINE_1_4,CASE9,943,7,"6,9,2,3,7,4,8",0,1,4,0,2,CRITICAL,999.0,0.0,10,546.6
CASE9_0943_LINE_4_5,CASE9,943,7,"6,9,2,3,7,4,8",1,4,5,1,2,CRITICAL,157.3,0.827,6,546.6
CASE9_0943_LINE_5_6,CASE9,943,7,"6,9,2,3,7,4,8",2,5,6,1,2,CRITICAL,130.9,0.909,1,546.6
CASE9_0943_LINE_3_6,CASE9,943,7,"6,9,2,3,7,4,8",3,3,6,0,2,CRITICAL,999.0,0.0,10,546.6
CASE9_0943_LINE_6_7,CASE9,943,7,"6,9,2,3,7,4,8",4,6,7,1,2,CRITICAL,125.9,0.951,1,546.6
CASE9_0943_LINE_7_8,CASE9,943,7,"6,9,2,3,7,4,8",5,7,8,1,2,CRITICAL,132.8,0.919,1,546.6
CASE9_0943_LINE_8_2,CASE9,943,7,"6,9,2,3,7,4,8",6,8,2,0,2,CRITICAL,999.0,0.0,10,546.6
CASE9_0943_LINE_8_9,CASE9,943,7,"6,9,2,3,7,4,8",7,8,9,1,2,CRITICAL,130.6,0.903,1,546.6
CASE9_0943_LINE_9_4,CASE9,943,7,"6,9,2,3,7,4,8",8,9,4,0,2,CRITICAL,999.0,0.0,10,546.6
CASE9_0944_LINE_1_4,CASE9,944,6,"3,2,6,5,9,4",0,1,4,0,2,CRITICAL,999.0,0.0,10,656.9
CASE9_0944_LINE_4_5,CASE9,944,6,"3,2,6,5,9,4",1,4,5,0,2,CRITICAL,999.0,0.0,10,656.9
CASE9_0944_LINE_5_6,CASE9,944,6,"3,2,6,5,9,4",2,5,6,1,2,CRITICAL,217.0,0.7,4,656.9
CASE9_0944_LINE_3_6,CASE9,944,6,"3,2,6,5,9,4",3,3,6,0,2,CRITICAL,999.0,0.0,10,656.9
CASE9_0944_LINE_6_7,CASE9,944,6,"3,2,6,5,9,4",4,6,7,1,2,CRITICAL,190.5,0.849,3,656.9
CASE9_0944_LINE_7_8,CASE9,944,6,"3,2,6,5,9,4",5,7,8,1,2,CRITICAL,204.8,0.808,6,656.9
CASE9_0944_LINE_8_2,CASE9,944,6,"3,2,6,5,9,4",6,8,2,0,2,CRITICAL,999.0,0.0,10,656.9
CASE9_0944_LINE_8_9,CASE9,944,6,"3,2,6,5,9,4",7,8,9,1,2,CRITICAL,227.6,0.652,4,656.9
CASE9_0944_LINE_9_4,CASE9,944,6,"3,2,6,5,9,4",8,9,4,0,2,CRITICAL,999.0,0.0,10,656.9
CASE9_0945_LINE_1_4,CASE9,945,5,"6,8,4,5,7",0,1,4,0,2,CRITICAL,999.0,0.0,10,614.7
CASE9_0945_LINE_4_5,CASE9,945,5,"6,8,4,5,7",1,4,5,0,2,CRITICAL,999.0,0.0,10,614.7
CASE9_0945_LINE_5_6,CASE9,945,5,"6,8,4,5,7",2,5,6,1,2,CRITICAL,167.3,0.887,3,614.7
CASE9_0945_LINE_3_6,CASE9,945,5,"6,8,4,5,7",3,3,6,0,2,CRITICAL,999.0,0.0,10,614.7
CASE9_0945_LINE_6_7,CASE9,945,5,"6,8,4,5,7",4,6,7,1,2,CRITICAL,163.6,0.819,3,614.7
CASE9_0945_LINE_7_8,CASE9,945,5,"6,8,4,5,7",5,7,8,0,2,CRITICAL,999.0,0.0,10,614.7
CASE9_0945_LINE_8_2,CASE9,945,5,"6,8,4,5,7",6,8,2,0,2,CRITICAL,999.0,0.0,10,614.7
CASE9_0945_LINE_8_9,CASE9,945,5,"6,8,4,5,7",7,8,9,1,2,CRITICAL,166.2,0.864,2,614.7
CASE9_0945_LINE_9_4,CASE9,945,5,"6,8,4,5,7",8,9,4,0,2,CRITICAL,999.0,0.0,10,614.7
CASE9_0956_LINE_1_4,CASE9,956,3,"8,3,4",0,1,4,0,2,CRITICAL,999.0,0.0,10,450.2
CASE9_0956_LINE_4_5,CASE9,956,3,"8,3,4",1,4,5,1,2,CRITICAL,88.8,0.9,1,450.2
CASE9_0956_LINE_5_6,CASE9,956,3,"8,3,4",2,5,6,1,1,ALERT,91.7,0.906,0,450.2
CASE9_0956_LINE_3_6,CASE9,956,3,"8,3,4",3,3,6,0,2,CRITICAL,999.0,0.0,10,450.2
CASE9_0956_LINE_6_7,CASE9,956,3,"8,3,4",4,6,7,1,1,ALERT,87.3,0.928,0,450.2
CASE9_0956_LINE_7_8,CASE9,956,3,"8,3,4",5,7,8,1,1,ALERT,90.1,0.931,0,450.2
CASE9_0956_LINE_8_2,CASE9,956,3,"8,3,4",6,8,2,0,2,CRITICAL,999.0,0.0,10,450.2
CASE9_0956_LINE_8_9,CASE9,956,3,"8,3,4",7,8,9,1,2,CRITICAL,93.9,0.883,1,450.2
CASE9_0956_LINE_9_4,CASE9,956,3,"8,3,4",8,9,4,1,2,CRITICAL,90.5,0.76,1,450.2
CASE9_0957_LINE_1_4,CASE9,957,8,"2,4,3,8,7,5,6,9",0,1,4,0,2,CRITICAL,999.0,0.0,10,687.8
CASE9_0957_LINE_4_5,CASE9,957,8,"2,4,3,8,7,5,6,9",1,4,5,0,2,CRITICAL,999.0,0.0,10,687.8
CASE9_0957_LINE_5_6,CASE9,957,8,"2,4,3,8,7,5,6,9",2,5,6,0,2,CRITICAL,999.0,0.0,10,687.8
CASE9_0957_LINE_3_6,CASE9,957,8,"2,4,3,8,7,5,6,9",3,3,6,0,2,CRITICAL,999.0,0.0,10,687.8
CASE9_0957_LINE_6_7,CASE9,957,8,"2,4,3,8,7,5,6,9",4,6,7,0,2,CRITICAL,999.0,0.0,10,687.8
CASE9_0957_LINE_7_8,CASE9,957,8,"2,4,3,8,7,5,6,9",5,7,8,0,2,CRITICAL,999.0,0.0,10,687.8
CASE9_0957_LINE_8_2,CASE9,957,8,"2,4,3,8,7,5,6,9",6,8,2,0,2,CRITICAL,999.0,0.0,10,687.8
CASE9_0957_LINE_8_9,CASE9,957,8,"2,4,3,8,7,5,6,9",7,8,9,0,2,CRITICAL,999.0,0.0,10,687.8
CASE9_0957_LINE_9_4,CASE9,957,8,"2,4,3,8,7,5,6,9",8,9,4,0,2,CRITICAL,999.0,0.0,10,687.8
CASE9_0958_LINE_1_4,CASE9,958,6,"4,7,6,8,2,9",0,1,4,0,2,CRITICAL,999.0,0.0,10,564.8
CASE9_0958_LINE_4_5,CASE9,958,6,"4,7,6,8,2,9",1,4,5,1,2,CRITICAL,151.8,0.857,4,564.8
CASE9_0958_LINE_5_6,CASE9,958,6,"4,7,6,8,2,9",2,5,6,1,2,CRITICAL,138.3,0.902,1,564.8
CASE9_0958_LINE_3_6,CASE9,958,6,"4,7,6,8,2,9",3,3,6,0,2,CRITICAL,999.0,0.0,10,564.8
CASE9_0958_LINE_6_7,CASE9,958,6,"4,7,6,8,2,9",4,6,7,1,2,CRITICAL,135.5,0.909,1,564.8
CASE9_0958_LINE_7_8,CASE9,958,6,"4,7,6,8,2,9",5,7,8,1,2,CRITICAL,143.1,0.865,2,564.8
CASE9_0958_LINE_8_2,CASE9,958,6,"4,7,6,8,2,9",6,8,2,0,2,CRITICAL,999.0,0.0,10,564.8
CASE9_0958_LINE_8_9,CASE9,958,6,"4,7,6,8,2,9",7,8,9,1,2,CRITICAL,138.6,0.894,2,564.8
CASE9_0958_LINE_9_4,CASE9,958,6,"4,7,6,8,2,9",8,9,4,1,2,CRITICAL,161.5,0.781,7,564.8
CASE9_0959_LINE_1_4,CASE9,959,4,"3,6,2,5",0,1,4,0,2,CRITICAL,999.0,0.0,10,468.5
CASE9_0959_LINE_4_5,CASE9,959,4,"3,6,2,5",1,4,5,1,2,CRITICAL,105.6,0.846,3,468.5
CASE9_0959_LINE_5_6,CASE9,959,4,"3,6,2,5",2,5,6,1,1,ALERT,95.1,0.922,0,468.5
CASE9_0959_LINE_3_6,CASE9,959,4,"3,6,2,5",3,3,6,0,2,CRITICAL,999.0,0.0,10,468.5
CASE9_0959_LINE_6_7,CASE9,959,4,"3,6,2,5",4,6,7,1,1,ALERT,93.0,0.946,0,468.5
CASE9_0959_LINE_7_8,CASE9,959,4,"3,6,2,5",5,7,8,1,2,CRITICAL,114.2,0.871,5,468.5
CASE9_0959_LINE_8_2,CASE9,959,4,"3,6,2,5",6,8,2,0,2,CRITICAL,999.0,0.0,10,468.5
CASE9_0959_LINE_8_9,CASE9,959,4,"3,6,2,5",7,8,9,1,1,ALERT,95.8,0.904,0,468.5
CASE9_0959_LINE_9_4,CASE9,959,4,"3,6,2,5",8,9,4,1,2,CRITICAL,106.1,0.771,4,468.5
CASE9_0960_LINE_1_4,CASE9,960,8,"5,9,2,6,3,8,4,7",0,1,4,0,2,CRITICAL,999.0,0.0,10,727.5
CASE9_0960_LINE_4_5,CASE9,960,8,"5,9,2,6,3,8,4,7",1,4,5,0,2,CRITICAL,999.0,0.0,10,727.5
CASE9_0960_LINE_5_6,CASE9,960,8,"5,9,2,6,3,8,4,7",2,5,6,0,2,CRITICAL,999.0,0.0,10,727.5
CASE9_0960_LINE_3_6,CASE9,960,8,"5,9,2,6,3,8,4,7",3,3,6,0,2,CRITICAL,999.0,0.0,10,727.5
CASE9_0960_LINE_6_7,CASE9,960,8,"5,9,2,6,3,8,4,7",4,6,7,1,2,CRITICAL,246.4,0.763,7,727.5
CASE9_0960_LINE_7_8,CASE9,960,8,"5,9,2,6,3,8,4,7",5,7,8,0,2,CRITICAL,999.0,0.0,10,727.5
CASE9_0960_LINE_8_2,CASE9,960,8,"5,9,2,6,3,8,4,7",6,8,2,0,2,CRITICAL,999.0,0.0,10,727.5
CASE9_0960_LINE_8_9,CASE9,960,8,"5,9,2,6,3,8,4,7",7,8,9,0,2,CRITICAL,999.0,0.0,10,727.5
CASE9_0960_LINE_9_4,CASE9,960,8,"5,9,2,6,3,8,4,7",8,9,4,0,2,CRITICAL,999.0,0.0,10,727.5
CASE9_0976_LINE_1_4,CASE9,976,1,5,0,1,4,0,2,CRITICAL,999.0,0.0,10,367.0
CASE9_0976_LINE_4_5,CASE9,976,1,5,1,4,5,1,2,CRITICAL,99.8,0.713,1,367.0
CASE9_0976_LINE_5_6,CASE9,976,1,5,2,5,6,1,2,CRITICAL,68.4,0.857,1,367.0
CASE9_0976_LINE_3_6,CASE9,976,1,5,3,3,6,0,2,CRITICAL,999.0,0.0,10,367.0
CASE9_0976_LINE_6_7,CASE9,976,1,5,4,6,7,1,1,ALERT,66.0,0.945,0,367.0
CASE9_0976_LINE_7_8,CASE9,976,1,5,5,7,8,1,1,ALERT,70.3,0.923,0,367.0
CASE9_0976_LINE_8_2,CASE9,976,1,5,6,8,2,0,2,CRITICAL,999.0,0.0,10,367.0
CASE9_0976_LINE_8_9,CASE9,976,1,5,7,8,9,1,2,CRITICAL,90.9,0.882,1,367.0
CASE9_0976_LINE_9_4,CASE9,976,1,5,8,9,4,1,2,CRITICAL,69.7,0.791,1,367.0
CASE9_0977_LINE_1_4,CASE9,977,1,9,0,1,4,0,2,CRITICAL,999.0,0.0,10,290.9
CASE9_0977_LINE_4_5,CASE9,977,1,9,1,4,5,1,1,ALERT,65.2,0.909,0,290.9
CASE9_0977_LINE_5_6,CASE9,977,1,9,2,5,6,1,1,ALERT,65.3,0.923,0,290.9
CASE9_0977_LINE_3_6,CASE9,977,1,9,3,3,6,0,2,CRITICAL,999.0,0.0,10,290.9
CASE9_0977_LINE_6_7,CASE9,977,1,9,4,6,7,1,0,SAFE,65.6,0.95,0,290.9
CASE9_0977_LINE_7_8,CASE9,977,1,9,5,7,8,1,1,ALERT,70.2,0.937,0,290.9
CASE9_0977_LINE_8_2,CASE9,977,1,9,6,8,2,0,2,CRITICAL,999.0,0.0,10,290.9
CASE9_0977_LINE_8_9,CASE9,977,1,9,7,8,9,1,1,ALERT,91.2,0.917,0,290.9
CASE9_0977_LINE_9_4,CASE9,977,1,9,8,9,4,1,2,CRITICAL,66.3,0.869,1,290.9
CASE9_0978_LINE_1_4,CASE9,978,2,"6,2",0,1,4,0,2,CRITICAL,999.0,0.0,10,460.1
CASE9_0978_LINE_4_5,CASE9,978,2,"6,2",1,4,5,1,2,CRITICAL,96.2,0.879,1,460.1
CASE9_0978_LINE_5_6,CASE9,978,2,"6,2",2,5,6,1,1,ALERT,90.3,0.927,0,460.1
CASE9_0978_LINE_3_6,CASE9,978,2,"6,2",3,3,6,0,2,CRITICAL,999.0,0.0,10,460.1
CASE9_0978_LINE_6_7,CASE9,978,2,"6,2",4,6,7,1,1,ALERT,88.6,0.942,0,460.1
CASE9_0978_LINE_7_8,CASE9,978,2,"6,2",5,7,8,1,1,ALERT,92.4,0.912,0,460.1
CASE9_0978_LINE_8_2,CASE9,978,2,"6,2",6,8,2,0,2,CRITICAL,999.0,0.0,10,460.1
CASE9_0978_LINE_8_9,CASE9,978,2,"6,2",7,8,9,1,1,ALERT,91.2,0.906,0,460.1
CASE9_0978_LINE_9_4,CASE9,978,2,"6,2",8,9,4,1,2,CRITICAL,107.9,0.757,5,460.1
CASE9_0979_LINE_1_4,CASE9,979,1,9,0,1,4,0,2,CRITICAL,999.0,0.0,10,320.6
CASE9_0979_LINE_4_5,CASE9,979,1,9,1,4,5,1,1,ALERT,65.2,0.907,0,320.6
CASE9_0979_LINE_5_6,CASE9,979,1,9,2,5,6,1,1,ALERT,65.5,0.918,0,320.6
CASE9_0979_LINE_3_6,CASE9,979,1,9,3,3,6,0,2,CRITICAL,999.0,0.0,10,320.6
CASE9_0979_LINE_6_7,CASE9,979,1,9,4,6,7,1,1,ALERT,65.9,0.946,0,320.6
CASE9_0979_LINE_7_8,CASE9,979,1,9,5,7,8,1,1,ALERT,70.2,0.931,0,320.6
CASE9_0979_LINE_8_2,CASE9,979,1,9,6,8,2,0,2,CRITICAL,999.0,0.0,10,320.6
CASE9_0979_LINE_8_9,CASE9,979,1,9,7,8,9,1,2,CRITICAL,91.1,0.884,1,320.6
CASE9_0979_LINE_9_4,CASE9,979,1,9,8,9,4,1,2,CRITICAL,70.6,0.771,1,320.6
CASE9_0980_LINE_1_4,CASE9,980,2,"5,7",0,1,4,0,2,CRITICAL,999.0,0.0,10,223.3
CASE9_0980_LINE_4_5,CASE9,980,2,"5,7",1,4,5,1,1,ALERT,65.2,0.942,0,223.3
CASE9_0980_LINE_5_6,CASE9,980,2,"5,7",2,5,6,1,1,ALERT,78.6,0.914,0,223.3
CASE9_0980_LINE_3_6,CASE9,980,2,"5,7",3,3,6,0,2,CRITICAL,999.0,0.0,10,223.3
CASE9_0980_LINE_6_7,CASE9,980,2,"5,7",4,6,7,1,0,SAFE,65.2,0.952,0,223.3
CASE9_0980_LINE_7_8,CASE9,980,2,"5,7",5,7,8,1,1,ALERT,65.3,0.939,0,223.3
CASE9_0980_LINE_8_2,CASE9,980,2,"5,7",6,8,2,0,2,CRITICAL,999.0,0.0,10,223.3
CASE9_0980_LINE_8_9,CASE9,980,2,"5,7",7,8,9,1,2,CRITICAL,119.3,0.875,2,223.3
CASE9_0980_LINE_9_4,CASE9,980,2,"5,7",8,9,4,1,2,CRITICAL,67.2,0.812,1,223.3
CASE9_0966_LINE_1_4,CASE9,966,1,4,0,1,4,0,2,CRITICAL,999.0,0.0,10,403.5
CASE9_0966_LINE_4_5,CASE9,966,1,4,1,4,5,1,1,ALERT,68.8,0.906,0,403.5
CASE9_0966_LINE_5_6,CASE9,966,1,4,2,5,6,1,2,CRITICAL,78.7,0.899,1,403.5
CASE9_0966_LINE_3_6,CASE9,966,1,4,3,3,6,0,2,CRITICAL,999.0,0.0,10,403.5
CASE9_0966_LINE_6_7,CASE9,966,1,4,4,6,7,1,1,ALERT,69.2,0.939,0,403.5
CASE9_0966_LINE_7_8,CASE9,966,1,4,5,7,8,1,1,ALERT,74.4,0.92,0,403.5
CASE9_0966_LINE_8_2,CASE9,966,1,4,6,8,2,0,2,CRITICAL,999.0,0.0,10,403.5
CASE9_0966_LINE_8_9,CASE9,966,1,4,7,8,9,1,2,CRITICAL,91.0,0.868,1,403.5
CASE9_0966_LINE_9_4,CASE9,966,1,4,8,9,4,1,2,CRITICAL,69.5,0.793,1,403.5
CASE9_0967_LINE_1_4,CASE9,967,3,"6,7,3",0,1,4,0,2,CRITICAL,999.0,0.0,10,418.9
CASE9_0967_LINE_4_5,CASE9,967,3,"6,7,3",1,4,5,1,2,CRITICAL,86.1,0.869,1,418.9
CASE9_0967_LINE_5_6,CASE9,967,3,"6,7,3",2,5,6,1,1,ALERT,73.8,0.929,0,418.9
CASE9_0967_LINE_3_6,CASE9,967,3,"6,7,3",3,3,6,0,2,CRITICAL,999.0,0.0,10,418.9
CASE9_0967_LINE_6_7,CASE9,967,3,"6,7,3",4,6,7,1,0,SAFE,72.2,0.951,0,418.9
CASE9_0967_LINE_7_8,CASE9,967,3,"6,7,3",5,7,8,1,2,CRITICAL,92.1,0.893,1,418.9
CASE9_0967_LINE_8_2,CASE9,967,3,"6,7,3",6,8,2,0,2,CRITICAL,999.0,0.0,10,418.9
CASE9_0967_LINE_8_9,CASE9,967,3,"6,7,3",7,8,9,1,1,ALERT,76.1,0.905,0,418.9
CASE9_0967_LINE_9_4,CASE9,967,3,"6,7,3",8,9,4,1,2,CRITICAL,77.6,0.783,1,418.9
CASE9_0968_LINE_1_4,CASE9,968,8,"6,2,4,7,9,8,5,3",0,1,4,0,2,CRITICAL,999.0,0.0,10,658.5
CASE9_0968_LINE_4_5,CASE9,968,8,"6,2,4,7,9,8,5,3",1,4,5,0,2,CRITICAL,999.0,0.0,10,658.5
CASE9_0968_LINE_5_6,CASE9,968,8,"6,2,4,7,9,8,5,3",2,5,6,1,2,CRITICAL,201.3,0.823,4,658.5
CASE9_0968_LINE_3_6,CASE9,968,8,"6,2,4,7,9,8,5,3",3,3,6,0,2,CRITICAL,999.0,0.0,10,658.5
CASE9_0968_LINE_6_7,CASE9,968,8,"6,2,4,7,9,8,5,3",4,6,7,1,2,CRITICAL,188.3,0.844,3,658.5
CASE9_0968_LINE_7_8,CASE9,968,8,"6,2,4,7,9,8,5,3",5,7,8,0,2,CRITICAL,999.0,0.0,10,658.5
CASE9_0968_LINE_8_2,CASE9,968,8,"6,2,4,7,9,8,5,3",6,8,2,0,2,CRITICAL,999.0,0.0,10,658.5
CASE9_0968_LINE_8_9,CASE9,968,8,"6,2,4,7,9,8,5,3",7,8,9,1,2,CRITICAL,204.5,0.745,4,658.5
CASE9_0968_LINE_9_4,CASE9,968,8,"6,2,4,7,9,8,5,3",8,9,4,0,2,CRITICAL,999.0,0.0,10,658.5
CASE9_0969_LINE_1_4,CASE9,969,3,"6,5,2",0,1,4,0,2,CRITICAL,999.0,0.0,10,418.8
CASE9_0969_LINE_4_5,CASE9,969,3,"6,5,2",1,4,5,1,1,ALERT,75.1,0.918,0,418.8
CASE9_0969_LINE_5_6,CASE9,969,3,"6,5,2",2,5,6,1,1,ALERT,72.1,0.948,0,418.8
CASE9_0969_LINE_3_6,CASE9,969,3,"6,5,2",3,3,6,0,2,CRITICAL,999.0,0.0,10,418.8
CASE9_0969_LINE_6_7,CASE9,969,3,"6,5,2",4,6,7,1,1,ALERT,70.7,0.948,0,418.8
CASE9_0969_LINE_7_8,CASE9,969,3,"6,5,2",5,7,8,1,2,CRITICAL,82.5,0.899,1,418.8
CASE9_0969_LINE_8_2,CASE9,969,3,"6,5,2",6,8,2,0,2,CRITICAL,999.0,0.0,10,418.8
CASE9_0969_LINE_8_9,CASE9,969,3,"6,5,2",7,8,9,1,1,ALERT,74.1,0.911,0,418.8
CASE9_0969_LINE_9_4,CASE9,969,3,"6,5,2",8,9,4,1,2,CRITICAL,81.1,0.777,1,418.8
CASE9_0970_LINE_1_4,CASE9,970,4,"6,5,9,2",0,1,4,0,2,CRITICAL,999.0,0.0,10,545.9
CASE9_0970_LINE_4_5,CASE9,970,4,"6,5,9,2",1,4,5,0,2,CRITICAL,999.0,0.0,10,545.9
CASE9_0970_LINE_5_6,CASE9,970,4,"6,5,9,2",2,5,6,1,2,CRITICAL,151.2,0.787,4,545.9
CASE9_0970_LINE_3_6,CASE9,970,4,"6,5,9,2",3,3,6,0,2,CRITICAL,999.0,0.0,10,545.9
CASE9_0970_LINE_6_7,CASE9,970,4,"6,5,9,2",4,6,7,1,2,CRITICAL,136.2,0.865,2,545.9
CASE9_0970_LINE_7_8,CASE9,970,4,"6,5,9,2",5,7,8,1,2,CRITICAL,144.8,0.856,4,545.9
CASE9_0970_LINE_8_2,CASE9,970,4,"6,5,9,2",6,8,2,0,2,CRITICAL,999.0,0.0,10,545.9
CASE9_0970_LINE_8_9,CASE9,970,4,"6,5,9,2",7,8,9,1,2,CRITICAL,173.3,0.663,4,545.9
CASE9_0970_LINE_9_4,CASE9,970,4,"6,5,9,2",8,9,4,0,2,CRITICAL,999.0,0.0,10,545.9
CASE9_0971_LINE_1_4,CASE9,971,3,"9,8,6",0,1,4,0,2,CRITICAL,999.0,0.0,10,469.7
CASE9_0971_LINE_4_5,CASE9,971,3,"9,8,6",1,4,5,1,2,CRITICAL,103.8,0.879,3,469.7
CASE9_0971_LINE_5_6,CASE9,971,3,"9,8,6",2,5,6,1,2,CRITICAL,102.3,0.886,3,469.7
CASE9_0971_LINE_3_6,CASE9,971,3,"9,8,6",3,3,6,0,2,CRITICAL,999.0,0.0,10,469.7
CASE9_0971_LINE_6_7,CASE9,971,3,"9,8,6",4,6,7,1,2,CRITICAL,98.0,0.891,1,469.7
CASE9_0971_LINE_7_8,CASE9,971,3,"9,8,6",5,7,8,1,2,CRITICAL,102.6,0.887,2,469.7
CASE9_0971_LINE_8_2,CASE9,971,3,"9,8,6",6,8,2,0,2,CRITICAL,999.0,0.0,10,469.7
CASE9_0971_LINE_8_9,CASE9,971,3,"9,8,6",7,8,9,1,2,CRITICAL,118.3,0.765,2,469.7
CASE9_0971_LINE_9_4,CASE9,971,3,"9,8,6",8,9,4,0,2,CRITICAL,999.0,0.0,10,469.7
CASE9_0972_LINE_1_4,CASE9,972,5,"6,5,9,8,3",0,1,4,0,2,CRITICAL,999.0,0.0,10,658.2
CASE9_0972_LINE_4_5,CASE9,972,5,"6,5,9,8,3",1,4,5,0,2,CRITICAL,999.0,0.0,10,658.2
CASE9_0972_LINE_5_6,CASE9,972,5,"6,5,9,8,3",2,5,6,1,2,CRITICAL,232.2,0.725,5,658.2
CASE9_0972_LINE_3_6,CASE9,972,5,"6,5,9,8,3",3,3,6,0,2,CRITICAL,999.0,0.0,10,658.2
CASE9_0972_LINE_6_7,CASE9,972,5,"6,5,9,8,3",4,6,7,1,2,CRITICAL,193.6,0.839,4,658.2
CASE9_0972_LINE_7_8,CASE9,972,5,"6,5,9,8,3",5,7,8,0,2,CRITICAL,999.0,0.0,10,658.2
CASE9_0972_LINE_8_2,CASE9,972,5,"6,5,9,8,3",6,8,2,0,2,CRITICAL,999.0,0.0,10,658.2
CASE9_0972_LINE_8_9,CASE9,972,5,"6,5,9,8,3",7,8,9,0,2,CRITICAL,999.0,0.0,10,658.2
CASE9_0972_LINE_9_4,CASE9,972,5,"6,5,9,8,3",8,9,4,0,2,CRITICAL,999.0,0.0,10,658.2
CASE9_0973_LINE_1_4,CASE9,973,2,"4,6",0,1,4,0,2,CRITICAL,999.0,0.0,10,468.4
CASE9_0973_LINE_4_5,CASE9,973,2,"4,6",1,4,5,1,2,CRITICAL,96.7,0.876,1,468.4
CASE9_0973_LINE_5_6,CASE9,973,2,"4,6",2,5,6,1,1,ALERT,97.5,0.911,0,468.4
CASE9_0973_LINE_3_6,CASE9,973,2,"4,6",3,3,6,0,2,CRITICAL,999.0,0.0,10,468.4
CASE9_0973_LINE_6_7,CASE9,973,2,"4,6",4,6,7,1,1,ALERT,93.4,0.942,0,468.4
CASE9_0973_LINE_7_8,CASE9,973,2,"4,6",5,7,8,1,2,CRITICAL,106.0,0.896,2,468.4
CASE9_0973_LINE_8_2,CASE9,973,2,"4,6",6,8,2,0,2,CRITICAL,999.0,0.0,10,468.4
CASE9_0973_LINE_8_9,CASE9,973,2,"4,6",7,8,9,1,2,CRITICAL,101.4,0.883,2,468.4
CASE9_0973_LINE_9_4,CASE9,973,2,"4,6",8,9,4,1,2,CRITICAL,97.0,0.782,1,468.4
CASE9_0974_LINE_1_4,CASE9,974,8,"8,5,2,9,7,3,4,6",0,1,4,0,2,CRITICAL,999.0,0.0,10,648.8
CASE9_0974_LINE_4_5,CASE9,974,8,"8,5,2,9,7,3,4,6",1,4,5,0,2,CRITICAL,999.0,0.0,10,648.8
CASE9_0974_LINE_5_6,CASE9,974,8,"8,5,2,9,7,3,4,6",2,5,6,1,2,CRITICAL,196.1,0.823,5,648.8
CASE9_0974_LINE_3_6,CASE9,974,8,"8,5,2,9,7,3,4,6",3,3,6,0,2,CRITICAL,999.0,0.0,10,648.8
CASE9_0974_LINE_6_7,CASE9,974,8,"8,5,2,9,7,3,4,6",4,6,7,1,2,CRITICAL,194.4,0.805,6,648.8
CASE9_0974_LINE_7_8,CASE9,974,8,"8,5,2,9,7,3,4,6",5,7,8,1,2,CRITICAL,180.9,0.879,3,648.8
CASE9_0974_LINE_8_2,CASE9,974,8,"8,5,2,9,7,3,4,6",6,8,2,0,2,CRITICAL,999.0,0.0,10,648.8
CASE9_0974_LINE_8_9,CASE9,974,8,"8,5,2,9,7,3,4,6",7,8,9,1,2,CRITICAL,193.0,0.798,4,648.8
CASE9_0974_LINE_9_4,CASE9,974,8,"8,5,2,9,7,3,4,6",8,9,4,0,2,CRITICAL,999.0,0.0,10,648.8
CASE9_0975_LINE_1_4,CASE9,975,3,"2,5,6",0,1,4,0,2,CRITICAL,999.0,0.0,10,475.6
CASE9_0975_LINE_4_5,CASE9,975,3,"2,5,6",1,4,5,0,2,CRITICAL,999.0,0.0,10,475.6
CASE9_0975_LINE_5_6,CASE9,975,3,"2,5,6",2,5,6,1,2,CRITICAL,102.2,0.871,2,475.6
CASE9_0975_LINE_3_6,CASE9,975,3,"2,5,6",3,3,6,0,2,CRITICAL,999.0,0.0,10,475.6
CASE9_0975_LINE_6_7,CASE9,975,3,"2,5,6",4,6,7,1,1,ALERT,96.5,0.941,0,475.6
CASE9_0975_LINE_7_8,CASE9,975,3,"2,5,6",5,7,8,1,2,CRITICAL,106.5,0.894,3,475.6
CASE9_0975_LINE_8_2,CASE9,975,3,"2,5,6",6,8,2,0,2,CRITICAL,999.0,0.0,10,475.6
CASE9_0975_LINE_8_9,CASE9,975,3,"2,5,6",7,8,9,1,2,CRITICAL,101.4,0.891,2,475.6
CASE9_0975_LINE_9_4,CASE9,975,3,"2,5,6",8,9,4,1,2,CRITICAL,109.7,0.767,4,475.6
CASE9_0981_LINE_1_4,CASE9,981,7,"4,8,2,6,5,9,7",0,1,4,0,2,CRITICAL,999.0,0.0,10,708.5
CASE9_0981_LINE_4_5,CASE9,981,7,"4,8,2,6,5,9,7",1,4,5,0,2,CRITICAL,999.0,0.0,10,708.5
CASE9_0981_LINE_5_6,CASE9,981,7,"4,8,2,6,5,9,7",2,5,6,0,2,CRITICAL,999.0,0.0,10,708.5
CASE9_0981_LINE_3_6,CASE9,981,7,"4,8,2,6,5,9,7",3,3,6,0,2,CRITICAL,999.0,0.0,10,708.5
CASE9_0981_LINE_6_7,CASE9,981,7,"4,8,2,6,5,9,7",4,6,7,0,2,CRITICAL,999.0,0.0,10,708.5
CASE9_0981_LINE_7_8,CASE9,981,7,"4,8,2,6,5,9,7",5,7,8,0,2,CRITICAL,999.0,0.0,10,708.5
CASE9_0981_LINE_8_2,CASE9,981,7,"4,8,2,6,5,9,7",6,8,2,0,2,CRITICAL,999.0,0.0,10,708.5
CASE9_0981_LINE_8_9,CASE9,981,7,"4,8,2,6,5,9,7",7,8,9,0,2,CRITICAL,999.0,0.0,10,708.5
CASE9_0981_LINE_9_4,CASE9,981,7,"4,8,2,6,5,9,7",8,9,4,0,2,CRITICAL,999.0,0.0,10,708.5
CASE9_0982_LINE_1_4,CASE9,982,6,"8,3,4,7,5,6",0,1,4,0,2,CRITICAL,999.0,0.0,10,534.5
CASE9_0982_LINE_4_5,CASE9,982,6,"8,3,4,7,5,6",1,4,5,0,2,CRITICAL,999.0,0.0,10,534.5
CASE9_0982_LINE_5_6,CASE9,982,6,"8,3,4,7,5,6",2,5,6,1,2,CRITICAL,146.1,0.771,4,534.5
CASE9_0982_LINE_3_6,CASE9,982,6,"8,3,4,7,5,6",3,3,6,0,2,CRITICAL,999.0,0.0,10,534.5
CASE9_0982_LINE_6_7,CASE9,982,6,"8,3,4,7,5,6",4,6,7,1,2,CRITICAL,127.5,0.903,1,534.5
CASE9_0982_LINE_7_8,CASE9,982,6,"8,3,4,7,5,6",5,7,8,1,2,CRITICAL,139.0,0.867,3,534.5
CASE9_0982_LINE_8_2,CASE9,982,6,"8,3,4,7,5,6",6,8,2,0,2,CRITICAL,999.0,0.0,10,534.5
CASE9_0982_LINE_8_9,CASE9,982,6,"8,3,4,7,5,6",7,8,9,1,2,CRITICAL,137.8,0.851,3,534.5
CASE9_0982_LINE_9_4,CASE9,982,6,"8,3,4,7,5,6",8,9,4,1,2,CRITICAL,132.1,0.786,3,534.5
CASE9_0983_LINE_1_4,CASE9,983,1,8,0,1,4,0,2,CRITICAL,999.0,0.0,10,338.3
CASE9_0983_LINE_4_5,CASE9,983,1,8,1,4,5,1,1,ALERT,65.4,0.906,0,338.3
CASE9_0983_LINE_5_6,CASE9,983,1,8,2,5,6,1,1,ALERT,65.6,0.922,0,338.3
CASE9_0983_LINE_3_6,CASE9,983,1,8,3,3,6,0,2,CRITICAL,999.0,0.0,10,338.3
CASE9_0983_LINE_6_7,CASE9,983,1,8,4,6,7,1,1,ALERT,66.5,0.94,0,338.3
CASE9_0983_LINE_7_8,CASE9,983,1,8,5,7,8,1,1,ALERT,70.2,0.937,0,338.3
CASE9_0983_LINE_8_2,CASE9,983,1,8,6,8,2,0,2,CRITICAL,999.0,0.0,10,338.3
CASE9_0983_LINE_8_9,CASE9,983,1,8,7,8,9,1,2,CRITICAL,77.8,0.897,1,338.3
CASE9_0983_LINE_9_4,CASE9,983,1,8,8,9,4,1,2,CRITICAL,71.1,0.781,1,338.3
CASE9_0984_LINE_1_4,CASE9,984,7,"3,7,6,8,5,2,4",0,1,4,0,2,CRITICAL,999.0,0.0,10,688.1
CASE9_0984_LINE_4_5,CASE9,984,7,"3,7,6,8,5,2,4",1,4,5,0,2,CRITICAL,999.0,0.0,10,688.1
CASE9_0984_LINE_5_6,CASE9,984,7,"3,7,6,8,5,2,4",2,5,6,1,2,CRITICAL,243.3,0.712,5,688.1
CASE9_0984_LINE_3_6,CASE9,984,7,"3,7,6,8,5,2,4",3,3,6,0,2,CRITICAL,999.0,0.0,10,688.1
CASE9_0984_LINE_6_7,CASE9,984,7,"3,7,6,8,5,2,4",4,6,7,1,2,CRITICAL,205.5,0.854,4,688.1
CASE9_0984_LINE_7_8,CASE9,984,7,"3,7,6,8,5,2,4",5,7,8,0,2,CRITICAL,999.0,0.0,10,688.1
CASE9_0984_LINE_8_2,CASE9,984,7,"3,7,6,8,5,2,4",6,8,2,0,2,CRITICAL,999.0,0.0,10,688.1
CASE9_0984_LINE_8_9,CASE9,984,7,"3,7,6,8,5,2,4",7,8,9,0,2,CRITICAL,999.0,0.0,10,688.1
CASE9_0984_LINE_9_4,CASE9,984,7,"3,7,6,8,5,2,4",8,9,4,0,2,CRITICAL,999.0,0.0,10,688.1
CASE9_0985_LINE_1_4,CASE9,985,6,"7,9,3,4,6,5",0,1,4,0,2,CRITICAL,999.0,0.0,10,447.4
CASE9_0985_LINE_4_5,CASE9,985,6,"7,9,3,4,6,5",1,4,5,1,1,ALERT,90.1,0.9,0,447.4
CASE9_0985_LINE_5_6,CASE9,985,6,"7,9,3,4,6,5",2,5,6,1,2,CRITICAL,90.0,0.899,1,447.4
CASE9_0985_LINE_3_6,CASE9,985,6,"7,9,3,4,6,5",3,3,6,0,2,CRITICAL,999.0,0.0,10,447.4
CASE9_0985_LINE_6_7,CASE9,985,6,"7,9,3,4,6,5",4,6,7,1,1,ALERT,86.5,0.905,0,447.4
CASE9_0985_LINE_7_8,CASE9,985,6,"7,9,3,4,6,5",5,7,8,1,2,CRITICAL,94.7,0.885,1,447.4
CASE9_0985_LINE_8_2,CASE9,985,6,"7,9,3,4,6,5",6,8,2,0,2,CRITICAL,999.0,0.0,10,447.4
CASE9_0985_LINE_8_9,CASE9,985,6,"7,9,3,4,6,5",7,8,9,1,2,CRITICAL,108.6,0.776,2,447.4
CASE9_0985_LINE_9_4,CASE9,985,6,"7,9,3,4,6,5",8,9,4,0,2,CRITICAL,999.0,0.0,10,447.4
CASE9_0986_LINE_1_4,CASE9,986,8,"8,2,6,3,4,5,7,9",0,1,4,0,2,CRITICAL,999.0,0.0,10,601.9
CASE9_0986_LINE_4_5,CASE9,986,8,"8,2,6,3,4,5,7,9",1,4,5,0,2,CRITICAL,999.0,0.0,10,601.9
CASE9_0986_LINE_5_6,CASE9,986,8,"8,2,6,3,4,5,7,9",2,5,6,1,2,CRITICAL,167.1,0.848,3,601.9
CASE9_0986_LINE_3_6,CASE9,986,8,"8,2,6,3,4,5,7,9",3,3,6,0,2,CRITICAL,999.0,0.0,10,601.9
CASE9_0986_LINE_6_7,CASE9,986,8,"8,2,6,3,4,5,7,9",4,6,7,1,2,CRITICAL,156.7,0.885,2,601.9
CASE9_0986_LINE_7_8,CASE9,986,8,"8,2,6,3,4,5,7,9",5,7,8,1,2,CRITICAL,168.9,0.87,4,601.9
CASE9_0986_LINE_8_2,CASE9,986,8,"8,2,6,3,4,5,7,9",6,8,2,0,2,CRITICAL,999.0,0.0,10,601.9
CASE9_0986_LINE_8_9,CASE9,986,8,"8,2,6,3,4,5,7,9",7,8,9,1,2,CRITICAL,173.4,0.754,3,601.9
CASE9_0986_LINE_9_4,CASE9,986,8,"8,2,6,3,4,5,7,9",8,9,4,0,2,CRITICAL,999.0,0.0,10,601.9
CASE9_0987_LINE_1_4,CASE9,987,6,"5,7,4,2,8,9",0,1,4,0,2,CRITICAL,999.0,0.0,10,714.2
CASE9_0987_LINE_4_5,CASE9,987,6,"5,7,4,2,8,9",1,4,5,0,2,CRITICAL,999.0,0.0,10,714.2
CASE9_0987_LINE_5_6,CASE9,987,6,"5,7,4,2,8,9",2,5,6,0,2,CRITICAL,999.0,0.0,10,714.2
CASE9_0987_LINE_3_6,CASE9,987,6,"5,7,4,2,8,9",3,3,6,0,2,CRITICAL,999.0,0.0,10,714.2
CASE9_0987_LINE_6_7,CASE9,987,6,"5,7,4,2,8,9",4,6,7,0,2,CRITICAL,999.0,0.0,10,714.2
CASE9_0987_LINE_7_8,CASE9,987,6,"5,7,4,2,8,9",5,7,8,0,2,CRITICAL,999.0,0.0,10,714.2
CASE9_0987_LINE_8_2,CASE9,987,6,"5,7,4,2,8,9",6,8,2,0,2,CRITICAL,999.0,0.0,10,714.2
CASE9_0987_LINE_8_9,CASE9,987,6,"5,7,4,2,8,9",7,8,9,0,2,CRITICAL,999.0,0.0,10,714.2
CASE9_0987_LINE_9_4,CASE9,987,6,"5,7,4,2,8,9",8,9,4,0,2,CRITICAL,999.0,0.0,10,714.2
CASE9_0988_LINE_1_4,CASE9,988,1,7,0,1,4,0,2,CRITICAL,999.0,0.0,10,388.8
CASE9_0988_LINE_4_5,CASE9,988,1,7,1,4,5,1,2,CRITICAL,73.5,0.889,1,388.8
CASE9_0988_LINE_5_6,CASE9,988,1,7,2,5,6,1,1,ALERT,65.8,0.927,0,388.8
CASE9_0988_LINE_3_6,CASE9,988,1,7,3,3,6,0,2,CRITICAL,999.0,0.0,10,388.8
CASE9_0988_LINE_6_7,CASE9,988,1,7,4,6,7,1,2,CRITICAL,73.6,0.872,1,388.8
CASE9_0988_LINE_7_8,CASE9,988,1,7,5,7,8,1,2,CRITICAL,136.1,0.804,2,388.8
CASE9_0988_LINE_8_2,CASE9,988,1,7,6,8,2,0,2,CRITICAL,999.0,0.0,10,388.8
CASE9_0988_LINE_8_9,CASE9,988,1,7,7,8,9,1,1,ALERT,65.9,0.904,0,388.8
CASE9_0988_LINE_9_4,CASE9,988,1,7,8,9,4,1,2,CRITICAL,102.8,0.757,2,388.8
CASE9_0989_LINE_1_4,CASE9,989,5,"3,7,4,6,8",0,1,4,0,2,CRITICAL,999.0,0.0,10,480.4
CASE9_0989_LINE_4_5,CASE9,989,5,"3,7,4,6,8",1,4,5,1,2,CRITICAL,105.9,0.876,2,480.4
CASE9_0989_LINE_5_6,CASE9,989,5,"3,7,4,6,8",2,5,6,1,2,CRITICAL,100.1,0.919,1,480.4
CASE9_0989_LINE_3_6,CASE9,989,5,"3,7,4,6,8",3,3,6,0,2,CRITICAL,999.0,0.0,10,480.4
CASE9_0989_LINE_6_7,CASE9,989,5,"3,7,4,6,8",4,6,7,1,1,ALERT,97.2,0.94,0,480.4
CASE9_0989_LINE_7_8,CASE9,989,5,"3,7,4,6,8",5,7,8,1,2,CRITICAL,108.4,0.905,1,480.4
CASE9_0989_LINE_8_2,CASE9,989,5,"3,7,4,6,8",6,8,2,0,2,CRITICAL,999.0,0.0,10,480.4
CASE9_0989_LINE_8_9,CASE9,989,5,"3,7,4,6,8",7,8,9,1,2,CRITICAL,101.2,0.898,2,480.4
CASE9_0989_LINE_9_4,CASE9,989,5,"3,7,4,6,8",8,9,4,1,2,CRITICAL,108.4,0.761,2,480.4
CASE9_0990_LINE_1_4,CASE9,990,5,"6,8,5,3,4",0,1,4,0,2,CRITICAL,999.0,0.0,10,601.8
CASE9_0990_LINE_4_5,CASE9,990,5,"6,8,5,3,4",1,4,5,0,2,CRITICAL,999.0,0.0,10,601.8
CASE9_0990_LINE_5_6,CASE9,990,5,"6,8,5,3,4",2,5,6,1,2,CRITICAL,160.0,0.889,3,601.8
CASE9_0990_LINE_3_6,CASE9,990,5,"6,8,5,3,4",3,3,6,0,2,CRITICAL,999.0,0.0,10,601.8
CASE9_0990_LINE_6_7,CASE9,990,5,"6,8,5,3,4",4,6,7,1,2,CRITICAL,152.8,0.92,1,601.8
CASE9_0990_LINE_7_8,CASE9,990,5,"6,8,5,3,4",5,7,8,1,2,CRITICAL,185.4,0.804,8,601.8
CASE9_0990_LINE_8_2,CASE9,990,5,"6,8,5,3,4",6,8,2,0,2,CRITICAL,999.0,0.0,10,601.8
CASE9_0990_LINE_8_9,CASE9,990,5,"6,8,5,3,4",7,8,9,1,2,CRITICAL,158.6,0.871,2,601.8
CASE9_0990_LINE_9_4,CASE9,990,5,"6,8,5,3,4",8,9,4,0,2,CRITICAL,999.0,0.0,10,601.8
CASE9_0996_LINE_1_4,CASE9,996,6,"9,4,6,3,8,5",0,1,4,0,2,CRITICAL,999.0,0.0,10,575.1
CASE9_0996_LINE_4_5,CASE9,996,6,"9,4,6,3,8,5",1,4,5,1,2,CRITICAL,175.6,0.774,9,575.1
CASE9_0996_LINE_5_6,CASE9,996,6,"9,4,6,3,8,5",2,5,6,1,2,CRITICAL,146.5,0.876,2,575.1
CASE9_0996_LINE_3_6,CASE9,996,6,"9,4,6,3,8,5",3,3,6,0,2,CRITICAL,999.0,0.0,10,575.1
CASE9_0996_LINE_6_7,CASE9,996,6,"9,4,6,3,8,5",4,6,7,1,2,CRITICAL,140.9,0.931,1,575.1
CASE9_0996_LINE_7_8,CASE9,996,6,"9,4,6,3,8,5",5,7,8,1,2,CRITICAL,166.2,0.833,6,575.1
CASE9_0996_LINE_8_2,CASE9,996,6,"9,4,6,3,8,5",6,8,2,0,2,CRITICAL,999.0,0.0,10,575.1
CASE9_0996_LINE_8_9,CASE9,996,6,"9,4,6,3,8,5",7,8,9,1,2,CRITICAL,146.0,0.879,2,575.1
CASE9_0996_LINE_9_4,CASE9,996,6,"9,4,6,3,8,5",8,9,4,1,2,CRITICAL,169.4,0.777,5,575.1
CASE9_0997_LINE_1_4,CASE9,997,4,"6,2,4,8",0,1,4,0,2,CRITICAL,999.0,0.0,10,558.1
CASE9_0997_LINE_4_5,CASE9,997,4,"6,2,4,8",1,4,5,1,2,CRITICAL,155.9,0.842,4,558.1
CASE9_0997_LINE_5_6,CASE9,997,4,"6,2,4,8",2,5,6,1,2,CRITICAL,136.7,0.9,1,558.1
CASE9_0997_LINE_3_6,CASE9,997,4,"6,2,4,8",3,3,6,0,2,CRITICAL,999.0,0.0,10,558.1
CASE9_0997_LINE_6_7,CASE9,997,4,"6,2,4,8",4,6,7,1,2,CRITICAL,133.3,0.914,1,558.1
CASE9_0997_LINE_7_8,CASE9,997,4,"6,2,4,8",5,7,8,1,2,CRITICAL,136.6,0.9,1,558.1
CASE9_0997_LINE_8_2,CASE9,997,4,"6,2,4,8",6,8,2,0,2,CRITICAL,999.0,0.0,10,558.1
CASE9_0997_LINE_8_9,CASE9,997,4,"6,2,4,8",7,8,9,1,2,CRITICAL,137.0,0.883,2,558.1
CASE9_0997_LINE_9_4,CASE9,997,4,"6,2,4,8",8,9,4,0,2,CRITICAL,999.0,0.0,10,558.1
CASE9_0998_LINE_1_4,CASE9,998,2,"2,6",0,1,4,0,2,CRITICAL,999.0,0.0,10,404.6
CASE9_0998_LINE_4_5,CASE9,998,2,"2,6",1,4,5,1,2,CRITICAL,68.4,0.894,1,404.6
CASE9_0998_LINE_5_6,CASE9,998,2,"2,6",2,5,6,1,1,ALERT,67.8,0.93,0,404.6
CASE9_0998_LINE_3_6,CASE9,998,2,"2,6",3,3,6,0,2,CRITICAL,999.0,0.0,10,404.6
CASE9_0998_LINE_6_7,CASE9,998,2,"2,6",4,6,7,1,1,ALERT,65.4,0.946,0,404.6
CASE9_0998_LINE_7_8,CASE9,998,2,"2,6",5,7,8,1,1,ALERT,70.3,0.923,0,404.6
CASE9_0998_LINE_8_2,CASE9,998,2,"2,6",6,8,2,0,2,CRITICAL,999.0,0.0,10,404.6
CASE9_0998_LINE_8_9,CASE9,998,2,"2,6",7,8,9,1,1,ALERT,69.7,0.906,0,404.6
CASE9_0998_LINE_9_4,CASE9,998,2,"2,6",8,9,4,1,2,CRITICAL,82.7,0.78,1,404.6
CASE9_0999_LINE_1_4,CASE9,999,3,"2,6,9",0,1,4,0,2,CRITICAL,999.0,0.0,10,482.2
CASE9_0999_LINE_4_5,CASE9,999,3,"2,6,9",1,4,5,1,2,CRITICAL,107.5,0.893,3,482.2
CASE9_0999_LINE_5_6,CASE9,999,3,"2,6,9",2,5,6,1,2,CRITICAL,103.3,0.911,1,482.2
CASE9_0999_LINE_3_6,CASE9,999,3,"2,6,9",3,3,6,0,2,CRITICAL,999.0,0.0,10,482.2
CASE9_0999_LINE_6_7,CASE9,999,3,"2,6,9",4,6,7,1,2,CRITICAL,103.6,0.903,1,482.2
CASE9_0999_LINE_7_8,CASE9,999,3,"2,6,9",5,7,8,1,2,CRITICAL,100.5,0.928,1,482.2
CASE9_0999_LINE_8_2,CASE9,999,3,"2,6,9",6,8,2,0,2,CRITICAL,999.0,0.0,10,482.2
CASE9_0999_LINE_8_9,CASE9,999,3,"2,6,9",7,8,9,1,2,CRITICAL,108.3,0.838,2,482.2
CASE9_0999_LINE_9_4,CASE9,999,3,"2,6,9",8,9,4,0,2,CRITICAL,999.0,0.0,10,482.2
CASE9_1000_LINE_1_4,CASE9,1000,2,"8,7",0,1,4,0,2,CRITICAL,999.0,0.0,10,391.1
CASE9_1000_LINE_4_5,CASE9,1000,2,"8,7",1,4,5,1,2,CRITICAL,67.9,0.891,1,391.1
CASE9_1000_LINE_5_6,CASE9,1000,2,"8,7",2,5,6,1,1,ALERT,65.8,0.927,0,391.1
CASE9_1000_LINE_3_6,CASE9,1000,2,"8,7",3,3,6,0,2,CRITICAL,999.0,0.0,10,391.1
CASE9_1000_LINE_6_7,CASE9,1000,2,"8,7",4,6,7,1,2,CRITICAL,71.0,0.883,1,391.1
CASE9_1000_LINE_7_8,CASE9,1000,2,"8,7",5,7,8,1,2,CRITICAL,121.9,0.84,2,391.1
CASE9_1000_LINE_8_2,CASE9,1000,2,"8,7",6,8,2,0,2,CRITICAL,999.0,0.0,10,391.1
CASE9_1000_LINE_8_9,CASE9,1000,2,"8,7",7,8,9,1,1,ALERT,65.8,0.904,0,391.1
CASE9_1000_LINE_9_4,CASE9,1000,2,"8,7",8,9,4,1,2,CRITICAL,103.9,0.756,2,391.1
CASE9_0991_LINE_1_4,CASE9,991,7,"8,6,4,7,3,5,9",0,1,4,0,2,CRITICAL,999.0,0.0,10,665.4
CASE9_0991_LINE_4_5,CASE9,991,7,"8,6,4,7,3,5,9",1,4,5,0,2,CRITICAL,999.0,0.0,10,665.4
CASE9_0991_LINE_5_6,CASE9,991,7,"8,6,4,7,3,5,9",2,5,6,1,2,CRITICAL,204.8,0.784,4,665.4
CASE9_0991_LINE_3_6,CASE9,991,7,"8,6,4,7,3,5,9",3,3,6,0,2,CRITICAL,999.0,0.0,10,665.4
CASE9_0991_LINE_6_7,CASE9,991,7,"8,6,4,7,3,5,9",4,6,7,1,2,CRITICAL,193.1,0.808,5,665.4
CASE9_0991_LINE_7_8,CASE9,991,7,"8,6,4,7,3,5,9",5,7,8,0,2,CRITICAL,999.0,0.0,10,665.4
CASE9_0991_LINE_8_2,CASE9,991,7,"8,6,4,7,3,5,9",6,8,2,0,2,CRITICAL,999.0,0.0,10,665.4
CASE9_0991_LINE_8_9,CASE9,991,7,"8,6,4,7,3,5,9",7,8,9,1,2,CRITICAL,210.5,0.81,5,665.4
CASE9_0991_LINE_9_4,CASE9,991,7,"8,6,4,7,3,5,9",8,9,4,0,2,CRITICAL,999.0,0.0,10,665.4
CASE9_0992_LINE_1_4,CASE9,992,6,"5,8,7,6,9,2",0,1,4,0,2,CRITICAL,999.0,0.0,10,566.4
CASE9_0992_LINE_4_5,CASE9,992,6,"5,8,7,6,9,2",1,4,5,0,2,CRITICAL,999.0,0.0,10,566.4
CASE9_0992_LINE_5_6,CASE9,992,6,"5,8,7,6,9,2",2,5,6,1,2,CRITICAL,148.0,0.859,4,566.4
CASE9_0992_LINE_3_6,CASE9,992,6,"5,8,7,6,9,2",3,3,6,0,2,CRITICAL,999.0,0.0,10,566.4
CASE9_0992_LINE_6_7,CASE9,992,6,"5,8,7,6,9,2",4,6,7,1,2,CRITICAL,153.1,0.822,4,566.4
CASE9_0992_LINE_7_8,CASE9,992,6,"5,8,7,6,9,2",5,7,8,1,2,CRITICAL,139.0,0.898,2,566.4
CASE9_0992_LINE_8_2,CASE9,992,6,"5,8,7,6,9,2",6,8,2,0,2,CRITICAL,999.0,0.0,10,566.4
CASE9_0992_LINE_8_9,CASE9,992,6,"5,8,7,6,9,2",7,8,9,1,2,CRITICAL,151.1,0.794,2,566.4
CASE9_0992_LINE_9_4,CASE9,992,6,"5,8,7,6,9,2",8,9,4,0,2,CRITICAL,999.0,0.0,10,566.4
CASE9_0993_LINE_1_4,CASE9,993,5,"2,9,7,6,8",0,1,4,0,2,CRITICAL,999.0,0.0,10,424.2
CASE9_0993_LINE_4_5,CASE9,993,5,"2,9,7,6,8",1,4,5,1,2,CRITICAL,78.4,0.872,1,424.2
CASE9_0993_LINE_5_6,CASE9,993,5,"2,9,7,6,8",2,5,6,1,1,ALERT,73.4,0.94,0,424.2
CASE9_0993_LINE_3_6,CASE9,993,5,"2,9,7,6,8",3,3,6,0,2,CRITICAL,999.0,0.0,10,424.2
CASE9_0993_LINE_6_7,CASE9,993,5,"2,9,7,6,8",4,6,7,1,0,SAFE,72.0,0.975,0,424.2
CASE9_0993_LINE_7_8,CASE9,993,5,"2,9,7,6,8",5,7,8,1,0,SAFE,74.8,0.951,0,424.2
CASE9_0993_LINE_8_2,CASE9,993,5,"2,9,7,6,8",6,8,2,0,2,CRITICAL,999.0,0.0,10,424.2
CASE9_0993_LINE_8_9,CASE9,993,5,"2,9,7,6,8",7,8,9,1,1,ALERT,73.3,0.948,0,424.2
CASE9_0993_LINE_9_4,CASE9,993,5,"2,9,7,6,8",8,9,4,1,2,CRITICAL,77.4,0.891,1,424.2
CASE9_0994_LINE_1_4,CASE9,994,4,"2,7,5,3",0,1,4,0,2,CRITICAL,999.0,0.0,10,503.1
CASE9_0994_LINE_4_5,CASE9,994,4,"2,7,5,3",1,4,5,1,2,CRITICAL,127.1,0.852,5,503.1
CASE9_0994_LINE_5_6,CASE9,994,4,"2,7,5,3",2,5,6,1,2,CRITICAL,111.4,0.913,1,503.1
CASE9_0994_LINE_3_6,CASE9,994,4,"2,7,5,3",3,3,6,0,2,CRITICAL,999.0,0.0,10,503.1
CASE9_0994_LINE_6_7,CASE9,994,4,"2,7,5,3",4,6,7,1,2,CRITICAL,113.3,0.844,2,503.1
CASE9_0994_LINE_7_8,CASE9,994,4,"2,7,5,3",5,7,8,1,2,CRITICAL,147.1,0.742,7,503.1
CASE9_0994_LINE_8_2,CASE9,994,4,"2,7,5,3",6,8,2,0,2,CRITICAL,999.0,0.0,10,503.1
CASE9_0994_LINE_8_9,CASE9,994,4,"2,7,5,3",7,8,9,1,2,CRITICAL,111.5,0.899,2,503.1
CASE9_0994_LINE_9_4,CASE9,994,4,"2,7,5,3",8,9,4,0,2,CRITICAL,999.0,0.0,10,503.1
CASE9_0995_LINE_1_4,CASE9,995,6,"4,7,5,2,8,3",0,1,4,0,2,CRITICAL,999.0,0.0,10,738.2
CASE9_0995_LINE_4_5,CASE9,995,6,"4,7,5,2,8,3",1,4,5,0,2,CRITICAL,999.0,0.0,10,738.2
CASE9_0995_LINE_5_6,CASE9,995,6,"4,7,5,2,8,3",2,5,6,0,2,CRITICAL,999.0,0.0,10,738.2
CASE9_0995_LINE_3_6,CASE9,995,6,"4,7,5,2,8,3",3,3,6,0,2,CRITICAL,999.0,0.0,10,738.2
CASE9_0995_LINE_6_7,CASE9,995,6,"4,7,5,2,8,3",4,6,7,1,2,CRITICAL,246.0,0.757,6,738.2
CASE9_0995_LINE_7_8,CASE9,995,6,"4,7,5,2,8,3",5,7,8,0,2,CRITICAL,999.0,0.0,10,738.2
CASE9_0995_LINE_8_2,CASE9,995,6,"4,7,5,2,8,3",6,8,2,0,2,CRITICAL,999.0,0.0,10,738.2
CASE9_0995_LINE_8_9,CASE9,995,6,"4,7,5,2,8,3",7,8,9,0,2,CRITICAL,999.0,0.0,10,738.2
CASE9_0995_LINE_9_4,CASE9,995,6,"4,7,5,2,8,3",8,9,4,0,2,CRITICAL,999.0,0.0,10,738.2
CASE9_1006_LINE_1_4,CASE9,1006,2,"8,2",0,1,4,0,2,CRITICAL,999.0,0.0,10,420.6
CASE9_1006_LINE_4_5,CASE9,1006,2,"8,2",1,4,5,1,1,ALERT,75.4,0.901,0,420.6
CASE9_1006_LINE_5_6,CASE9,1006,2,"8,2",2,5,6,1,1,ALERT,74.6,0.928,0,420.6
CASE9_1006_LINE_3_6,CASE9,1006,2,"8,2",3,3,6,0,2,CRITICAL,999.0,0.0,10,420.6
CASE9_1006_LINE_6_7,CASE9,1006,2,"8,2",4,6,7,1,1,ALERT,75.2,0.923,0,420.6
CASE9_1006_LINE_7_8,CASE9,1006,2,"8,2",5,7,8,1,1,ALERT,72.6,0.938,0,420.6
CASE9_1006_LINE_8_2,CASE9,1006,2,"8,2",6,8,2,0,2,CRITICAL,999.0,0.0,10,420.6
CASE9_1006_LINE_8_9,CASE9,1006,2,"8,2",7,8,9,1,1,ALERT,75.1,0.908,0,420.6
CASE9_1006_LINE_9_4,CASE9,1006,2,"8,2",8,9,4,1,2,CRITICAL,124.1,0.738,2,420.6
